yyyymm,12M_forward,12M_Mom,9M_Mom,%_ch_D/P,5Y_val,,,,,,,,,,,,,,,,,
194001,-0.179503953,-0.020325203,0.103479853,0.042031455,0.324175824,,,,,,,,,,,,,,,,,
194002,-0.201128802,-0.04488189,0.045689655,-0.001176357,0.387871854,,,,,,,,,,,,,,,,,
194003,-0.206948865,0.115664845,0.127992634,-0.004581823,0.446280992,,,,,2-Factor Model,,,,,,,,3-Factor Model,,,,
194004,-0.269526852,0.116300366,0.012458472,0.015609334,0.313577586,,,,,OLS,Ridge,Decision Tree (min sample = 2),Gradient Boost,XGBOOST,,,,OLS,Ridge,Decision Tree,Gradient Boost,XGBOOST
194005,0.008592964,-0.200862069,-0.170840787,0.328625774,-0.032359081,,,In-Sample,Intercept,10.07%,10.07%,,,,,In-Sample,Intercept,10.16%,10.14%,,,
194006,-0.013111635,-0.081031308,-0.233486943,-0.061468187,-0.024437928,,,,5Y_val,-7.00%,-7.44%,,,,,,5Y_val,-7.43%,-7.41%,,,
194007,0.009671255,-0.145348837,-0.1979735,-0.020129177,-0.071299639,,,,9M Mom,5.48%,5.37%,,,,,,9M Mom,3.84%,3.99%,,,
194008,-0.024929383,-0.055456172,-0.13442623,-0.015774897,-0.067137809,,,,,,,,,,,,D/P,-15.65%,-13.46%,,,
194009,-0.044110698,-0.181259601,-0.146517214,0.000625391,-0.080241588,,,,,,,,,,,,,,,,,
194010,-0.153849883,-0.136399065,-0.080497925,-0.037906137,-0.110754414,,,,OOS R2,4.638%,4.637%,,,,,,OOS R2,4.883%,4.867%,,,
194011,-0.153522539,-0.130327869,-0.125309151,0.044297832,-0.180694981,,,,MSE,2.387%,2.387%,4.326%,2.572%,3.251%,,,MSE,2.381%,2.381%,5.000%,2.496%,3.170%
194012,-0.196792487,-0.152922338,-0.136326531,0.002835539,-0.212211467,,,,,,,,,,,,,,,,,
194101,-0.133673267,-0.164315353,-0.173913043,0.055820303,-0.296296296,,,,,,,,,,,,,,,,,
194102,-0.143954185,-0.18219291,0.070118662,0.02024708,-0.318213058,,,,,,,,,,,,,,,,,
194103,-0.217886311,-0.186938776,-0.002004008,0.000840958,-0.332439678,,,,,,,,,,,,,,,,,
194104,-0.195077108,-0.236259229,-0.095238095,0.075009162,-0.32389252,,,,,,,,,,,,,,,,,
194105,-0.137358416,0.008629989,-0.114583333,0.000676491,-0.350694444,,,,,,,,,,,,,,,,,
194106,-0.17121594,-0.013026052,-0.075984991,-0.046199768,-0.336253369,,,,,,,,,,,,,,,,,
194107,-0.193743615,0.009718173,-0.062274368,-0.047439009,-0.344479495,,,,,,,,,,,,OOS MSE,OLS,Ridge,Decision Tree,Gradient Boost + Tree,XGBOOST
194108,-0.178058811,-0.024621212,-0.029217719,0.013684797,-0.355847405,,,,,,,,,,,,2-Factor,2.387%,2.387%,4.326%,2.572%,3.251%
194109,-0.141970261,-0.04315197,-0.035916824,0.014586974,-0.362898189,,,,,,,,,,,,3-Factor,2.381%,2.381%,5.000%,2.496%,3.170%
194110,-0.00845671,-0.142599278,-0.056603774,0.078745865,-0.447995352,,,,,,,,,,,,,,,,,
194111,0.020664139,-0.142318567,-0.08266129,0.049002895,-0.47337963,,,,,,,,,,,,,,,,,
194112,0.117143527,-0.178638941,-0.12751004,0.052070573,-0.494179278,,,,,,,,,,,,,,,,,
194201,0.172626585,-0.125124131,-0.053705693,-0.02292897,-0.505888951,,,,,,,,,,,,,,,,,
194202,0.247296537,-0.134072581,-0.081283422,0.015986501,-0.525152018,,,,,,,,,,,,,,,,,
194203,0.368588711,-0.195783133,-0.18680203,0.062096378,-0.553013393,,,,,,,,,,,,,,,,,
194204,0.414130674,-0.177228786,-0.262752647,0.030536951,-0.533779671,,,,,,,,,,,,,,,,,
194205,0.39601363,-0.128342246,-0.208737864,-0.073944424,-0.498769988,,,,,,,,,,,,,,,,,
194206,0.397400548,-0.157360406,-0.18627451,-0.032727927,-0.461038961,,,,,,,,,,,,,,,,,
194207,0.310777787,-0.176130895,-0.098947368,-0.049913268,-0.495877503,,,,,,,,,,,,,,,,,
194208,0.314014447,-0.163106796,-0.052747253,-0.027536911,-0.462593516,,,,,,,,,,,,,,,,,
194209,0.311133733,-0.132352941,0.018411968,-0.046444014,-0.356831395,,,,,,,,,,,,,,,,,
194210,0.235382573,-0.008421053,0.069239501,-0.075662626,-0.237864078,,,,,,,,,,,,,,,,,
194211,0.170773251,0.020879121,0.081490105,-0.002629303,-0.163816382,,,,,,,,,,,,,,,,,
194212,0.17770498,0.124280783,0.219725343,-0.064977823,-0.073933649,,,,,,,,,,,,,,,,,
194301,0.123813843,0.188422247,0.366840731,-0.066857689,-0.020579981,,,,,,,,,,,,,,,,,
194302,0.071897739,0.280558789,0.349693252,-0.048181818,-0.029982363,,,,,,,,,,,,,,,,,
194303,0.037292457,0.445692884,0.395180723,-0.050086356,0.362352941,,,,,,,,,,,,,,,,,
194304,0.023871551,0.51305483,0.353971963,-0.000862813,0.194845361,,,,,,,,,,,,,,,,,
194305,0.019624506,0.485889571,0.40487239,-0.042939719,0.306364617,,,,,,,,,,,,,,,,,
194306,0.049753648,0.487951807,0.395480226,-0.019433198,0.0683391,,,,,,,,,,,,,,,,,
194307,0.084511108,0.364485981,0.239915074,0.063277078,-0.058064516,,,,,,,,,,,,,,,,,
194308,0.08290692,0.368909513,0.270182992,-0.00449711,-0.021558872,,,,,,,,,,,,,,,,,
194309,0.056330256,0.364971751,0.236438076,-0.017776579,-0.013071895,,,,,,,,,,,,,,,,,
194310,0.069663787,0.265392781,0.138490926,0.018996644,-0.09491268,,,,,,,,,,,,,,,,,
194311,0.152074375,0.186221744,0.001818182,0.087765625,-0.134328358,,,,,,,,,,,,,,,,,
194312,0.129237698,0.194472876,0.007772021,-0.050562068,-0.11657835,,,,,,,,,,,,,,,,,
194401,0.128137123,0.131805158,0.022433132,-0.009862212,-0.036585366,,,,,,,,,,,,,,,,,
194402,0.190466525,0.074545455,-0.023947151,0.008095921,-0.069291339,,,,,,,,,,,,,,,,,
194403,0.126434723,0.037996546,-0.026720648,-0.011376909,0.094717668,,,,,,,,,,,,,,,,,
194404,0.223312029,0.024158758,0.016267123,0.018026741,0.086996337,,,,,,,,,,,,,,,,,
194405,0.195060583,0.019818332,0.046610169,-0.033623569,0.064655172,,,,,,,,,,,,,,,,,
194406,0.141970261,0.051012146,0.074503311,-0.043526108,0.195211786,,,,,,,,,,,,,,,,,
194407,0.142733611,0.088184932,0.066275168,0.026592484,0.055647841,,,,,,,,,,,,,,,,,
194408,0.190478526,0.086440678,0.163339383,-0.003257705,0.146690519,,,,,,,,,,,,,,,,,
194409,0.234657604,0.05794702,0.095115681,0.008329087,-0.01843318,,,,,,,,,,,,,,,,,
194410,0.264528767,0.072147651,0.078481013,0,-0.003897116,,,,,,,,,,,,,,,,,
194411,0.292541641,0.164246824,0.085448393,-0.003897116,0.051639344,,,,,,,,,,,,,,,,,
194412,0.267909565,0.137960583,0.104825291,-0.033885542,0.0632506,,,,,,,,,,,,,,,,,
194501,0.321082385,0.136708861,0.134793597,-0.009021901,0.117842324,,,,,,,,,,,,,,,,,
194502,0.189290226,0.209813875,0.157894737,-0.053063476,0.178895301,,,,,,,,,,,,,,,,,
194503,0.281799703,0.134775374,0.050847458,0.053736838,0.113469388,,,,,,,,,,,,,,,,,
194504,0.234400706,0.250210615,0.167584579,-0.080862534,0.217391304,,,,,,,,,,,,,,,,,
194505,0.245151424,0.215384615,0.170826833,-0.011325783,0.619201726,,,,,,,,,,,,,,,,,
194506,0.208599799,0.152542373,0.17057903,0.003342246,0.498997996,,,,,,,,,,,,,,,,,
194507,0.203024366,0.153422502,0.147104851,0.025644664,0.424684159,,,,,,,,,,,,,,,,,
194508,0.070925239,0.209828393,0.208885425,-0.049884221,0.46875,,,,,,,,,,,,,,,,,
194509,-0.077159081,0.264475743,0.21686747,-0.035399771,0.515947467,,,,,,,,,,,,,,,,,
194510,-0.115083979,0.302816901,0.236080178,-0.029429429,0.502707581,,,,,,,,,,,,,,,,,
194511,-0.158523227,0.339828527,0.202097902,-0.031413613,0.620169651,,,,,,,,,,,,,,,,,
194512,-0.126315881,0.307228916,0.272727273,-0.009792627,0.640831758,,,,,,,,,,,,,,,,,
194601,-0.170437685,0.378619154,0.251347709,-0.055668804,0.84409136,,,,,,,,,,,,,,,,,
194602,-0.113236097,0.208391608,0.151232512,0.085291308,0.741935484,,,,,,,,,,,,,,,,,
194603,-0.175486562,0.325513196,0.20855615,-0.034737109,0.815261044,,,,,,,,,,,,,,,,,
194604,-0.252076217,0.264150943,0.279672578,-0.036247335,1.015037594,,,,,,,,,,,,,,,,,
194605,-0.283173655,0.27781479,0.236621534,-0.02189781,1.051336898,,,,,,,,,,,,,,,,,
194606,-0.192026665,0.231951872,0.140470297,0.04069452,0.87106599,,,,,,,,,,,,,,,,,
194607,-0.130671978,0.225102319,0.078678679,0.031149204,0.728585178,,,,,,,,,,,,,,,,,
194608,-0.083251052,0.073500967,-0.031413613,0.084046025,0.616504854,,,,,,,,,,,,,,,,,
194609,0.009976804,-0.074257426,-0.138248848,0.118316384,0.466666667,,,,,,,,,,,,,,,,,
194610,0.038987429,-0.108708709,-0.200861605,0.017874917,0.562105263,,,,,,,,,,,,,,,,,
194611,0.02157872,-0.146596859,-0.151041667,0.021171285,0.612087912,,,,,,,,,,,,,,,,,
194612,0,-0.118663594,-0.153761062,-0.032042221,0.760644419,,,,,,,,,,,,,,,,,
194701,-0.0639427,-0.156704362,-0.165245203,-0.018447466,0.777525539,,,,,,,,,,,,,,,,,
194702,-0.097256337,-0.107060185,-0.195516163,0.019743656,0.796274738,,,,,,,,,,,,,,,,,
194703,-0.005950431,-0.160951327,-0.176885513,0.021822443,0.893882647,,,,,,,,,,,,,,,,,
194704,0.059898142,-0.222814499,-0.188195991,0.059686119,0.903394256,,,,,,,,,,,,,,,,,
194705,0.144115323,-0.246611053,-0.132132132,0.027434496,0.773006135,,,,,,,,,,,,,,,,,
194706,0.095847959,-0.174715138,0.01671123,-0.033045422,0.83253012,,,,,,,,,,,,,,,,,
194707,0.005694416,-0.122494432,0.061994609,-0.022199773,0.841121495,,,,,,,,,,,,,,,,,
194708,0.041552798,-0.07987988,0.044308112,0.042080635,0.777262181,,,,,,,,,,,,,,,,,
194709,0.024837878,0.010026738,-0.012418301,0.026896774,0.707344633,,,,,,,,,,,,,,,,,
194710,0.069468023,0.039757412,-0.014687101,-3.80E-05,0.638004246,,,,,,,,,,,,,,,,,
194711,-0.016140229,0.021813224,-0.028515878,0.050534578,0.613562971,,,,,,,,,,,,,,,,,
194712,-0.006557401,0,0.008569545,-0.000388203,0.566018424,,,,,,,,,,,,,,,,,
194801,0.035443362,-0.061941252,0.007544582,0.045616552,0.403056351,,,,,,,,,,,,,,,,,
194802,0.043333125,-0.092676604,-0.031141869,0.053516203,0.272727273,,,,,,,,,,,,,,,,,
194803,-0.00132714,-0.005932762,-0.008547009,-0.067999683,0.30224525,,,,,,,,,,,,,,,,,
194804,-0.048983981,0.061728395,-0.017766497,-0.025839793,0.335634167,,,,,,,,,,,,,,,,,
194805,-0.162272247,0.155017301,0.089425587,-0.072498502,0.378199835,,,,,,,,,,,,,,,,,
194806,-0.167379977,0.100591716,0.107875579,-0.002986858,0.355465587,,,,,,,,,,,,,,,,,
194807,-0.052456182,0.00571066,0.027219702,0.064476378,0.357020548,,,,,,,,,,,,,,,,,
194808,-0.04810161,0.042428198,0.065376918,0.000132003,0.353389831,,,,,,,,,,,,,,,,,
194809,0.005793386,0.025148908,0.012418301,0.038989145,0.282284768,,,,,,,,,,,,,,,,,
194810,-0.030696087,0.071937784,0.125936011,-0.041953328,0.387583893,,,,,,,,,,,,,,,,,
194811,0.085088626,-0.016010674,0.053571429,0.146554942,0.338475499,,,,,,,,,,,,,,,,,
194812,0.097699667,-0.006535948,0.00795756,-0.008277906,0.302485004,,,,,,,,,,,,,,,,,
194901,0.113539851,0.036078965,-0.016795866,0.016619332,0.284388186,,,,,,,,,,,,,,,,,
194902,0.163681045,0.044285714,-0.124026363,0.05929388,0.236886633,,,,,,,,,,,,,,,,,
194903,0.138086077,-0.00132626,-0.100358423,-0.012386731,0.252911814,,,,,,,,,,,,,,,,,
194904,0.203688218,-0.047803618,-0.070031546,0.035575693,0.241786015,,,,,,,,,,,,,,,,,
194905,0.280254983,-0.149790294,-0.111458986,0.052772959,0.148987854,,,,,,,,,,,,,,,,,
194906,0.22257842,-0.154121864,-0.085861846,0.015358118,0.090909091,,,,,,,,,,,,,,,,,
194907,0.170729809,-0.051104101,-0.090689238,-0.052326345,0.18332022,,,,,,,,,,,,,,,,,
194908,0.190826678,-0.046963056,0.031864407,-0.005474207,0.187207488,,,,,,,,,,,,,,,,,
194909,0.22185903,0.0058102,0.025,-0.016772291,0.219092332,,,,,,,,,,,,,,,,,
194910,0.196866142,-0.030229746,0.053876478,0.002422669,0.255086072,,,,,,,,,,,,,,,,,
194911,0.194595446,0.088813559,0.098495212,0.029834895,0.251753702,,,,,,,,,,,,,,,,,
194912,0.197029882,0.102631579,0.112881806,-0.012933374,0.262048193,,,,,,,,,,,,,,,,,
195001,0.239317038,0.120236531,0.156716418,-0.008386068,0.265775798,,,,,,,,,,,,,,,,,
195002,0.235838471,0.177838577,0.213530655,-0.001262435,0.204195804,,,,,,,,,,,,,,,,,
195003,0.213262622,0.148074369,0.221045198,0.004537205,0.267595308,,,,,,,,,,,,,,,,,
195004,0.216146244,0.225915875,0.201462766,-0.034987395,0.217654987,,,,,,,,,,,,,,,,,
195005,0.136190262,0.32346723,0.23390276,-0.029651992,0.251165889,,,,,,,,,,,,,,,,,
195006,0.169616351,0.249293785,0.135430039,0.070537882,0.182486631,,,,,,,,,,,,,,,,,
195007,0.227617832,0.186170213,0.112219451,0.02737187,0.21691678,,,,,,,,,,,,,,,,,
195008,0.234157592,0.210249671,0.146948941,0.002320451,0.18762089,,,,,,,,,,,,,,,,,
195009,0.178888077,0.248395379,0.160501193,-0.021086404,0.203589109,,,,,,,,,,,,,,,,,
195010,0.160930367,0.217581047,0.145454545,0.030872689,0.172972973,,,,,,,,,,,,,,,,,
195011,0.159336012,0.214819427,0.132984901,0.034908874,0.134962187,,,,,,,,,,,,,,,,,
195012,0.152399305,0.21778043,0.180451128,-0.012731797,0.175691244,,,,,,,,,,,,,,,,,
195101,0.108402974,0.270381232,0.198671832,-0.047005138,0.166397415,,,,,,,,,,,,,,,,,
195102,0.064825177,0.265969803,0.160809372,0.004671944,0.261574074,,,,,,,,,,,,,,,,,
195103,0.129961946,0.237709659,0.209723007,0.030008125,0.183628319,,,,,,,,,,,,,,,,,
195104,0.038912013,0.241283896,0.257286996,-0.037572448,0.195628998,,,,,,,,,,,,,,,,,
195105,0.103220681,0.145899894,0.168295331,0.051395119,0.122002086,,,,,,,,,,,,,,,,,
195106,0.174658684,0.184850198,0.077634961,0.035546253,0.13727618,,,,,,,,,,,,,,,,,
195107,0.125688215,0.255605381,0.146953405,-0.072263278,0.247216036,,,,,,,,,,,,,,,,,
195108,0.072480483,0.263843648,0.193234239,-0.046136803,0.398198198,,,,,,,,,,,,,,,,,
195109,0.053569292,0.195886889,0.139637433,-0.007821715,0.554812834,,,,,,,,,,,,,,,,,
195110,0.066606999,0.174603175,0.059095106,-0.010532109,0.545822102,,,,,,,,,,,,,,,,,
195111,0.114670193,0.172731932,0.049541284,-0.022117041,0.559645535,,,,,,,,,,,,,,,,,
195112,0.111358478,0.164625184,0.110747664,-0.061860398,0.553594771,,,,,,,,,,,,,,,,,
195201,0.088735932,0.114496768,0.076237182,-0.013022704,0.541507024,,,,,,,,,,,,,,,,,
195202,0.107507822,0.066972477,0.080855019,0.040329923,0.507453014,,,,,,,,,,,,,,,,,
195203,0.037056193,0.138785047,0.16269084,-0.043324545,0.606460119,,,,,,,,,,,,,,,,,
195204,0.054247759,0.039679001,0.041071429,0.052385065,0.599451303,,,,,,,,,,,,,,,,,
195205,0.028101023,0.108736059,0.024914089,-0.015797279,0.651211073,,,,,,,,,,,,,,,,,
195206,-0.033404328,0.190839695,0.073086844,-0.037432114,0.641025641,,,,,,,,,,,,,,,,,
195207,-0.025923685,0.133928571,0.107236269,-0.017322835,0.611675127,,,,,,,,,,,,,,,,,
195208,-0.070763744,0.075171821,0.093968531,0.014782261,0.63381201,,,,,,,,,,,,,,,,,
195209,-0.049707455,0.055030095,0.032393774,0.0199674,0.624090007,,,,,,,,,,,,,,,,,
195210,0.000815328,0.068875327,0.015741508,-0.008364235,0.589112119,,,,,,,,,,,,,,,,,
195211,-0.035703911,0.121503497,0.103181427,-0.053339685,0.711807872,,,,,,,,,,,,,,,,,
195212,-0.068535962,0.117795541,0.090274928,-0.043273594,0.736601307,,,,,,,,,,,,,,,,,
195301,-0.01143741,0.092792046,0.131217839,0.007202426,0.795779442,,,,,,,,,,,,,,,,,
195302,0.009606222,0.11349957,0.085498743,0.018532819,0.85,,,,,,,,,,,,,,,,,
195303,0.06320311,0.037751334,0.013221154,0.024120206,0.677055703,,,,,,,,,,,,,,,,,
195304,0.137888257,0.055746141,-0.030708661,0.029617764,0.590439276,,,,,,,,,,,,,,,,,
195305,0.173521746,0.028499581,-0.019576508,0.005673543,0.470341522,,,,,,,,,,,,,,,,,
195306,0.190640901,-0.032852564,-0.016299919,0.018937963,0.442054958,,,,,,,,,,,,,,,,,
195307,0.221283236,-0.025590551,0.009380098,-0.024646465,0.561514196,,,,,,,,,,,,,,,,,
195308,0.246203237,-0.068318018,-0.091192518,0.061320755,0.460237946,,,,,,,,,,,,,,,,,
195309,0.324779796,-0.048492258,-0.121189311,-0.001284797,0.507424145,,,,,,,,,,,,,,,,,
195310,0.255381128,0.000815661,-0.06974981,-0.041791499,0.483675937,,,,,,,,,,,,,,,,,
195311,0.324165103,-0.035074045,-0.044015444,-0.001954427,0.678644068,,,,,,,,,,,,,,,,,
195312,0.371716431,-0.06624012,-0.018979834,0.004915133,0.632236842,,,,,,,,,,,,,,,,,
195401,0.33969884,-0.011372252,0.059301381,-0.04430064,0.713534823,,,,,,,,,,,,,,,,,
195402,0.340561107,0.00965251,0.065607172,0.001841796,0.788645691,,,,,,,,,,,,,,,,,
195403,0.305889472,0.065243179,0.115990058,-0.02488,0.788844622,,,,,,,,,,,,,,,,,
195404,0.295085596,0.147847279,0.141818182,-0.051054061,0.917232022,,,,,,,,,,,,,,,,,
195405,0.261388745,0.189486553,0.251715266,-0.036226879,1.057082452,,,,,,,,,,,,,,,,,
195406,0.33979239,0.210024855,0.250963597,-0.005280985,1.062853107,,,,,,,,,,,,,,,,,
195407,0.343111877,0.247676768,0.258353708,-0.04970951,1.053191489,,,,,,,,,,,,,,,,,
195408,0.369862827,0.27915952,0.204765751,0.039889734,0.959921156,,,,,,,,,,,,,,,,,
195409,0.301284588,0.38372591,0.302297461,-0.072529174,1.07381258,,,,,,,,,,,,,,,,,
195410,0.290046699,0.290953545,0.214723926,0.036051909,0.975062344,,,,,,,,,,,,,,,,,
195411,0.284537531,0.382875606,0.309369025,-0.060267951,1.132004981,,,,,,,,,,,,,,,,,
195412,0.23430944,0.450221685,0.335560505,-0.033740824,1.146778043,,,,,,,,,,,,,,,,,
195501,0.179222757,0.40452454,0.296178344,-0.013471571,1.148387097,,,,,,,,,,,,,,,,,
195502,0.209779348,0.405736138,0.259335389,0.000715606,1.134727062,,,,,,,,,,,,,,,,,
195503,0.281649699,0.35783222,0.252310852,0.009255344,1.1156738,,,,,,,,,,,,,,,,,
195504,0.242553531,0.343241331,0.229274611,-0.034315575,1.100719424,,,,,,,,,,,,,,,,,
195505,0.175882157,0.298732443,0.270868253,0.003496668,1.018636848,,,,,,,,,,,,,,,,,
195506,0.135205594,0.40465594,0.269885484,-0.074095752,1.319389486,,,,,,,,,,,,,,,,,
195507,0.126527372,0.409326425,0.373737374,-0.047186724,1.439461883,,,,,,,,,,,,,,,,,
195508,0.09556279,0.447536038,0.261098131,0.018418359,1.344191097,,,,,,,,,,,,,,,,,
195509,0.037748809,0.351593934,0.21372985,-0.000921374,1.245244216,,,,,,,,,,,,,,,,,
195510,0.073736758,0.336489899,0.155883156,0.035678094,1.167946749,,,,,,,,,,,,,,,,,
195511,-0.009493393,0.329147196,0.238030468,-0.065880338,1.332649923,,,,,,,,,,,,,,,,,
195512,0.025828891,0.264035575,0.243302351,0.004764461,1.228319451,,,,,,,,,,,,,,,,,
195601,0.020330495,0.196287196,0.154373024,0.056867896,1.023084026,,,,,,,,,,,,,,,,,
195602,-0.046961225,0.233405876,0.195990504,-0.016162646,1.079816514,,,,,,,,,,,,,,,,,
195603,-0.094464828,0.325314379,0.181574458,-0.0482649,1.265420561,,,,,,,,,,,,,,,,,
195604,-0.056113317,0.274499473,0.111672794,0.015563016,1.156932679,,,,,,,,,,,,,,,,,
195605,0.048157853,0.192297547,0.046780917,0.084639206,1.100371747,,,,,,,,,,,,,,,,,
195606,0.008480017,0.144772118,0.075566751,-0.025063618,1.240935115,,,,,,,,,,,,,,,,,
195607,-0.030423724,0.134880515,0.166509211,-0.041970923,1.204910714,,,,,,,,,,,,,,,,,
195608,-0.049400748,0.100277906,0.043946385,0.047252879,1.04080756,,,,,,,,,,,,,,,,,
195609,-0.066790227,0.038470346,-0.002858399,0.055257222,0.949699054,,,,,,,,,,,,,,,,,
195610,-0.104434612,0.076523382,0.040164309,-0.023052576,0.986922406,,,,,,,,,,,,,,,,,
195611,-0.077458059,-0.009448473,-0.005734451,-0.007600394,0.97027972,,,,,,,,,,,,,,,,,
195612,-0.154472137,0.026165347,-0.037334983,-0.052207777,0.963399243,,,,,,,,,,,,,,,,,
195701,-0.0699197,0.020538567,-0.075651095,0.041625401,0.852526926,,,,,,,,,,,,,,,,,
195702,-0.057566427,-0.045875607,-0.042920354,0.031725614,0.859845228,,,,,,,,,,,,,,,,,
195703,-0.046638773,-0.090140264,-0.06088993,-0.021137202,0.81001231,,,,,,,,,,,,,,,,,
195704,-0.051592513,-0.054568003,-0.0739016,-0.035636205,0.961406518,,,,,,,,,,,,,,,,,
195705,-0.073021941,0.049336283,-0.001683856,-0.035631457,0.987845767,,,,,,,,,,,,,,,,,
195706,-0.046007466,0.008516074,0.044542448,0.001266624,0.897836538,,,,,,,,,,,,,,,,,
195707,-0.015142245,-0.02996558,0.051118912,-0.005555938,0.886220472,,,,,,,,,,,,,,,,,
195708,0.0544396,-0.048200379,0.00310559,0.065575958,0.806632042,,,,,,,,,,,,,,,,,
195709,0.165602337,-0.0646086,-0.091064924,0.072098067,0.728606357,,,,,,,,,,,,,,,,,
195710,0.223240965,-0.099166301,-0.081842576,0.038992273,0.674551387,,,,,,,,,,,,,,,,,
195711,0.229451515,-0.074534161,-0.035598706,-0.01025941,0.625876851,,,,,,,,,,,,,,,,,
195712,0.322514673,-0.143132633,-0.093402856,0.049121831,0.505080918,,,,,,,,,,,,,,,,,
195801,0.284439411,-0.067531306,-0.088325317,-0.04459672,0.580742987,,,,,,,,,,,,,,,,,
195802,0.30509809,-0.055940823,-0.138941598,0.017278848,0.576833977,,,,,,,,,,,,,,,,,
195803,0.275253614,-0.045567898,-0.111251847,-0.033586915,0.664689601,,,,,,,,,,,,,,,,,
195804,0.281968266,-0.050284215,-0.093299937,-0.03812948,0.764419171,,,,,,,,,,,,,,,,,
195805,0.285865954,-0.070419566,-0.024988943,-0.022258055,0.796658517,,,,,,,,,,,,,,,,,
195806,0.256532151,-0.044965168,0.066478076,-0.032855257,0.874067937,,,,,,,,,,,,,,,,,
195807,0.248626635,-0.015028178,0.149293717,-0.041322314,0.906666667,,,,,,,,,,,,,,,,,
195808,0.221676507,0.055948695,0.144534995,-0.011727749,1.047598628,,,,,,,,,,,,,,,,,
195809,0.127721499,0.180103725,0.251812953,-0.046144626,1.143897216,,,,,,,,,,,,,,,,,
195810,0.113857337,0.250121773,0.230935252,-0.020964855,1.091687042,,,,,,,,,,,,,,,,,
195811,0.104826837,0.257909875,0.285014691,-0.018196075,1.119547658,,,,,,,,,,,,,,,,,
195812,0.08136545,0.380595149,0.311401425,-0.045794319,1.225312374,,,,,,,,,,,,,,,,,
195901,0.003422502,0.329016787,0.275782689,2.48E-05,1.125,,,,,,,,,,,,,,,,,
195902,0.012732172,0.35675808,0.256747562,0.003938195,1.118929254,,,,,,,,,,,,,,,,,
195903,-0.001805381,0.316864608,0.225464191,0.003256512,1.057906459,,,,,,,,,,,,,,,,,
195904,-0.05753641,0.325736648,0.220385675,-0.033688876,1.037862703,,,,,,,,,,,,,,,,,
195905,-0.049787594,0.330914039,0.228900524,-0.014929574,1.010277492,,,,,,,,,,,,,,,,,
195906,-0.026867029,0.292440318,0.167998402,0.007362159,1.001711743,,,,,,,,,,,,,,,,,
195907,-0.086245456,0.282263191,0.178842782,-0.030096609,0.959520725,,,,,,,,,,,,,,,,,
195908,-0.045306307,0.248167539,0.135670732,0.018997945,0.997988602,,,,,,,,,,,,,,,,,
195909,-0.06088837,0.136236516,0.030248143,0.051713053,0.760445682,,,,,,,,,,,,,,,,,
195910,-0.074509251,0.120592246,0.037892458,-0.007466094,0.815656566,,,,,,,,,,,,,,,,,
195911,-0.048155499,0.110518293,0.051795705,-0.009454909,0.702102804,,,,,,,,,,,,,,,,,
195912,-0.03017178,0.084767252,0.080266955,-0.023306747,0.664535853,,,,,,,,,,,,,,,,,
196001,0.105216646,0.003428365,-0.034380969,0.098562717,0.518154518,,,,,,,,,,,,,,,,,
196002,0.122602322,0.012813572,-0.043626449,0.010340943,0.526659412,,,,,,,,,,,,,,,,,
196003,0.161813947,-0.001803752,-0.053531726,0.033648765,0.512848551,,,,,,,,,,,,,,,,,
196004,0.183332633,-0.055912485,-0.101470831,0.0195721,0.432297155,,,,,,,,,,,,,,,,,
196005,0.175792437,-0.048568507,-0.063255034,-0.024446967,0.472698496,,,,,,,,,,,,,,,,,
196006,0.127186641,-0.026509321,0.000703235,-0.017486969,0.387277602,,,,,,,,,,,,,,,,,
196007,0.184540914,-0.08263097,-0.034944367,0.025400829,0.275505515,,,,,,,,,,,,,,,,,
196008,0.17818732,-0.044295302,-0.022649279,-0.025456461,0.319129226,,,,,,,,,,,,,,,,,
196009,0.220599211,-0.05907173,-0.106361663,0.064275037,0.225555301,,,,,,,,,,,,,,,,,
196010,0.250960575,-0.071801113,-0.039920878,0.002434913,0.260982522,,,,,,,,,,,,,,,,,
196011,0.250073311,-0.047014413,-0.010334996,-0.038710839,0.220391123,,,,,,,,,,,,,,,,,
196012,0.20805874,-0.029721155,0.05005421,-0.044226467,0.277704485,,,,,,,,,,,,,,,,,
196101,0.108205284,0.110951268,0.136288394,-0.060996115,0.409858512,,,,,,,,,,,,,,,,,
196102,0.097829073,0.130434783,0.136306645,-0.027867301,0.399205999,,,,,,,,,,,,,,,,,
196103,0.066735997,0.175641489,0.14300773,-0.026555951,0.3419967,,,,,,,,,,,,,,,,,
196104,-0.001072386,0.201213905,0.176544767,-0.003827898,0.349937991,,,,,,,,,,,,,,,,,
196105,-0.109944993,0.192190579,0.168539326,-0.018780048,0.472566372,,,,,,,,,,,,,,,,,
196106,-0.166056046,0.135628953,0.207772795,0.02970297,0.376197573,,,,,,,,,,,,,,,,,
196107,-0.136703413,0.202666186,0.250421427,-0.028411605,0.351690626,,,,,,,,,,,,,,,,,
196108,-0.140967311,0.195049157,0.225603169,-0.015919789,0.432751,,,,,,,,,,,,,,,,,
196109,-0.170493093,0.246823617,0.148339356,0.023579895,0.471444322,,,,,,,,,,,,,,,,,
196110,-0.19398948,0.285259412,0.110715442,-0.01761996,0.505484862,,,,,,,,,,,,,,,,,
196111,-0.135857628,0.284119553,0.124211854,-0.028138933,0.582076309,,,,,,,,,,,,,,,,,
196112,-0.125675736,0.231285493,0.099754073,0.006753319,0.533104778,,,,,,,,,,,,,,,,,
196201,-0.039104508,0.114276465,0.054049916,0.042814052,0.539355993,,,,,,,,,,,,,,,,,
196202,-0.084519552,0.102774275,0.051081731,-0.012804757,0.617198336,,,,,,,,,,,,,,,,,
196203,-0.043791893,0.069013219,0.075959158,0.0092096,0.576739968,,,,,,,,,,,,,,,,,
196204,0.067561232,-0.001071811,-0.022768125,0.069565052,0.426322693,,,,,,,,,,,,,,,,,
196205,0.171700198,-0.104116587,-0.12399001,0.097608245,0.257221168,,,,,,,,,,,,,,,,,
196206,0.236677129,-0.153001238,-0.179529447,0.092686303,0.155794807,,,,,,,,,,,,,,,,,
196207,0.171588104,-0.12777112,-0.151413582,-0.056704956,0.215403882,,,,,,,,,,,,,,,,,
196208,0.204017285,-0.131482298,-0.171060011,-0.011908706,0.307386112,,,,,,,,,,,,,,,,,
196209,0.242329214,-0.156751086,-0.213556953,0.054043896,0.326496935,,,,,,,,,,,,,,,,,
196210,0.269605661,-0.17633343,-0.178965718,0.00357012,0.376522163,,,,,,,,,,,,,,,,,
196211,0.162286008,-0.12703309,-0.110062893,-0.085006741,0.492329818,,,,,,,,,,,,,,,,,
196212,0.173033975,-0.118099231,-0.092739037,-0.005515067,0.577894474,,,,,,,,,,,,,,,,,
196301,0.151644305,-0.038349797,0.014714899,-0.043829553,0.587529976,,,,,,,,,,,,,,,,,
196302,0.190737333,-0.081046312,0.078148583,0.032889774,0.574191969,,,,,,,,,,,,,,,,,
196303,0.17094063,-0.042846873,0.215890411,-0.031230707,0.581235154,,,,,,,,,,,,,,,,,
196304,0.129619741,0.069895769,0.198694831,-0.038867069,0.606813996,,,,,,,,,,,,,,,,,
196305,0.126781972,0.187321818,0.197564276,-0.006571085,0.605806305,,,,,,,,,,,,,,,,,
196306,0.163477098,0.267031963,0.232806113,0.028420747,0.533377542,,,,,,,,,,,,,,,,,
196307,0.185018144,0.187188734,0.223106865,0.004976928,0.46492901,,,,,,,,,,,,,,,,,
196308,0.121057363,0.22631935,0.164471571,-0.045011348,0.518324607,,,,,,,,,,,,,,,,,
196309,0.160466616,0.274213613,0.136291601,0.012669732,0.432281262,,,,,,,,,,,,,,,,,
196310,0.136802621,0.309447983,0.117975831,-0.02099808,0.441846873,,,,,,,,,,,,,,,,,
196311,0.142199167,0.176196595,0.139057396,0.021240743,0.39538872,,,,,,,,,,,,,,,,,
196312,0.121951002,0.188906498,0.126934054,-0.013781846,0.358811809,,,,,,,,,,,,,,,,,
196401,0.127999505,0.163746224,0.103724928,-0.019087635,0.390111873,,,,,,,,,,,,,,,,,
196402,0.116697042,0.210141546,0.098870056,-0.002611481,0.404078686,,,,,,,,,,,,,,,,,
196403,0.087011377,0.186420309,0.138532507,-0.007829224,0.424603175,,,,,,,,,,,,,,,,,
196404,0.114617811,0.138395415,0.149428613,0.00108331,0.379753429,,,,,,,,,,,,,,,,,
196405,0.095457216,0.135169492,0.108551724,-0.004328963,0.369631902,,,,,,,,,,,,,,,,,
196406,0.029312755,0.177598385,0.139330544,-0.009206442,0.397126732,,,,,,,,,,,,,,,,,
196407,0.024581182,0.203240272,0.123902175,-0.009660128,0.374648818,,,,,,,,,,,,,,,,,
196408,0.06321631,0.128689655,0.117438208,0.02496843,0.372986577,,,,,,,,,,,,,,,,,
196409,0.066407764,0.174058577,0.122100773,-0.019882621,0.479957806,,,,,,,,,,,,,,,,,
196410,0.085340566,0.146601811,0.101505711,0.000117841,0.475312935,,,,,,,,,,,,,,,,,
196411,0.081736096,0.152806227,0.085089974,0.013384491,0.448524365,,,,,,,,,,,,,,,,,
196412,0.086745855,0.129698747,0.07305647,0.004139309,0.41509434,,,,,,,,,,,,,,,,,
196501,0.058984065,0.13655244,0.101938082,-0.025626656,0.574536954,,,,,,,,,,,,,,,,,
196502,0.042435698,0.12377892,0.087843723,0.00809265,0.557911618,,,,,,,,,,,,,,,,,
196503,0.035011273,0.090909091,0.05471906,0.02142938,0.556920853,,,,,,,,,,,,,,,,,
196504,0.021647068,0.121444752,0.071291176,-0.025521662,0.638955306,,,,,,,,,,,,,,,,,
196505,-0.026240406,0.100161752,0.080532812,0.015646494,0.583736342,,,,,,,,,,,,,,,,,
196506,0.007343394,0.029746603,-0.000712758,0.059234188,0.477863668,,,,,,,,,,,,,,,,,
196507,-0.019544596,0.02488579,0.004595805,-0.006941477,0.535759323,,,,,,,,,,,,,,,,,
196508,-0.122756954,0.065257241,0.032575219,-0.015845407,0.530372191,,,,,,,,,,,,,,,,,
196509,-0.16129038,0.06866239,0.061474926,-0.024891864,0.680866966,,,,,,,,,,,,,,,,,
196510,-0.141819891,0.089087909,0.055504797,-0.019298951,0.731035774,,,,,,,,,,,,,,,,,
196511,-0.129904563,0.085169391,0.047809676,0.0163705,0.649441844,,,,,,,,,,,,,,,,,
196512,-0.140308451,0.090619469,0.072771588,-0.001529886,0.590604027,,,,,,,,,,,,,,,,,
196601,-0.069893055,0.060758337,0.042307261,0.002472355,0.503399158,,,,,,,,,,,,,,,,,
196602,-0.049897991,0.043348965,0.031667044,0.025629864,0.437894073,,,,,,,,,,,,,,,,,
196603,0.010812121,0.035631383,0.060746553,0.029709901,0.371503228,,,,,,,,,,,,,,,,,
196604,0.03188253,0.021883066,0.068152493,-0.01421017,0.394273465,,,,,,,,,,,,,,,,,
196605,0.03367706,-0.025899118,-0.01193071,0.06351437,0.294020433,,,,,,,,,,,,,,,,,
196606,0.067307872,0.007370423,-0.058025789,0.022436575,0.31095297,,,,,,,,,,,,,,,,,
196607,0.125198324,-0.019354839,-0.095433889,0.020799872,0.252246854,,,,,,,,,,,,,,,,,
196608,0.194354362,-0.115521395,-0.158388822,0.091915262,0.132657558,,,,,,,,,,,,,,,,,
196609,0.233642063,-0.148955091,-0.171697501,0.014071085,0.147310055,,,,,,,,,,,,,,,,,
196610,0.157706871,-0.132222463,-0.136520241,-0.047599651,0.168755465,,,,,,,,,,,,,,,,,
196611,0.155658909,-0.121820762,-0.118066214,-0.005389451,0.128014582,,,,,,,,,,,,,,,,,
196612,0.183088929,-0.130909878,-0.099742239,-0.000838699,0.122711391,,,,,,,,,,,,,,,,,
196701,0.062978594,-0.06750646,-0.048868878,-0.069277272,0.258134805,,,,,,,,,,,,,,,,,
196702,0.029296974,-0.048673537,0.007546732,0.001506443,0.240423099,,,,,,,,,,,,,,,,,
196703,0,0.010870783,0.064432381,-0.034586732,0.296908699,,,,,,,,,,,,,,,,,
196704,0.03737387,0.032396222,0.124521531,-0.040527603,0.440987124,,,,,,,,,,,,,,,,,
196705,0.102347449,0.034250551,0.15538262,0.055343511,0.49387892,,,,,,,,,,,,,,,,,
196706,0.094065724,0.069624734,0.183908046,-0.017210944,0.655525114,,,,,,,,,,,,,,,,,
196707,0.031069048,0.133373206,0.181421446,-0.04116718,0.627168126,,,,,,,,,,,,,,,,,
196708,0.054247065,0.214526589,0.163952766,0.01415144,0.583897158,,,,,,,,,,,,,,,,,
196709,0.059803152,0.263192268,0.203908876,-0.029517599,0.718677803,,,,,,,,,,,,,,,,,
196710,0.096471283,0.170822943,0.084170419,0.029925453,0.661358811,,,,,,,,,,,,,,,,,
196711,0.142256516,0.168427595,0.083198894,-0.00106383,0.509797623,,,,,,,,,,,,,,,,,
196712,0.073811759,0.2009212,0.069512195,-0.025603815,0.528843106,,,,,,,,,,,,,,,,,
196801,0.110432195,0.065004041,-0.018827784,0.049440337,0.393353474,,,,,,,,,,,,,,,,,
196802,0.093619975,0.029730353,0.003143242,0.035752152,0.389951781,,,,,,,,,,,,,,,,,
196803,0.118127889,0,-0.004854369,-0.005942954,0.354964699,,,,,,,,,,,,,,,,,
196804,0.060630649,0.038081055,0.029973615,-0.071557901,0.398137536,,,,,,,,,,,,,,,,,
196805,0.047302773,0.107768298,0.053823152,-0.006573768,0.393785311,,,,,,,,,,,,,,,,,
196806,-0.018957433,0.098631951,0.029676352,-0.004610306,0.435490846,,,,,,,,,,,,,,,,,
196807,-0.06237185,0.031556728,0.040894569,0.023357354,0.413857949,,,,,,,,,,,,,,,,,
196808,-0.034473754,0.055745408,0.051702128,-0.006917942,0.363586207,,,,,,,,,,,,,,,,,
196809,-0.097630977,0.061627546,0.064268685,-0.032864,0.431938633,,,,,,,,,,,,,,,,,
196810,-0.06151952,0.101277955,0.121097138,-0.002797953,0.397243616,,,,,,,,,,,,,,,,,
196811,-0.144279838,0.15287234,0.212735004,-0.041567536,0.479857982,,,,,,,,,,,,,,,,,
196812,-0.1206033,0.076604126,0.151441242,0.047963879,0.384430818,,,,,,,,,,,,,,,,,
196901,-0.191939548,0.116760624,0.055538477,0.011535833,0.337097612,,,,,,,,,,,,,,,,,
196902,-0.092054505,0.098142346,-0.005573571,0.053138164,0.261311054,,,,,,,,,,,,,,,,,
196903,-0.12446723,0.125388027,0.019381402,-0.030168724,0.285262092,,,,,,,,,,,,,,,,,
196904,-0.24055729,0.062506404,0.060875793,-0.01786622,0.3049333,,,,,,,,,,,,,,,,,
196905,-0.301240942,0.0484394,0.046530447,0.005445664,0.287296255,,,,,,,,,,,,,,,,,
196906,-0.295387458,-0.018778871,-0.04831012,0.062241353,0.196107235,,,,,,,,,,,,,,,,,
196907,-0.162589395,-0.060466544,-0.111981433,0.066309001,0.103991344,,,,,,,,,,,,,,,,,
196908,-0.158382565,-0.033886304,-0.118667528,-0.036506947,0.167175852,,,,,,,,,,,,,,,,,
196909,-0.100575305,-0.093016461,-0.103408434,0.027852033,0.106200998,,,,,,,,,,,,,,,,,
196910,-0.155334021,-0.05966541,-0.056013979,-0.041366163,0.145887344,,,,,,,,,,,,,,,,,
196911,-0.073067129,-0.134354526,-0.044023234,0.037680925,0.111229566,,,,,,,,,,,,,,,,,
196912,0.000977146,-0.113614481,-0.093094276,0.02007461,0.086253687,,,,,,,,,,,,,,,,,
197001,0.120210887,-0.174643239,-0.180055936,0.083934822,-0.02900868,,,,,,,,,,,,,,,,,
197002,0.077891707,-0.087944563,-0.134931374,-0.04903484,0.023676084,,,,,,,,,,,,,,,,,
197003,0.112575306,-0.117032805,-0.082693685,-0.000409824,0.040273909,,,,,,,,,,,,,,,,,
197004,0.243061625,-0.213810396,-0.112272678,0.100629363,-0.085175626,,,,,,,,,,,,,,,,,
197005,0.263519202,-0.260100522,-0.198513245,0.066065889,-0.134245646,,,,,,,,,,,,,,,,,
197006,0.315549227,-0.255756831,-0.219072165,0.053761293,-0.135520685,,,,,,,,,,,,,,,,,
197007,0.202613946,-0.150059893,-0.197346771,-0.067322689,-0.084457478,,,,,,,,,,,,,,,,,
197008,0.194574446,-0.146476809,-0.131009487,-0.041543631,-0.064815877,,,,,,,,,,,,,,,,,
197009,0.155117183,-0.09568299,-0.085270476,-0.030941475,-0.063917297,,,,,,,,,,,,,,,,,
197010,0.123890473,-0.143870835,-0.020818631,0.006236053,-0.099220948,,,,,,,,,,,,,,,,,
197011,0.074984063,-0.070461571,-0.025698324,-0.050292351,-0.048138849,,,,,,,,,,,,,,,,,
197012,0.102437093,0.000977623,0.028115586,-0.058722921,-0.003029319,,,,,,,,,,,,,,,,,
197101,0.0807164,0.127734651,0.176153091,-0.041963614,0.032299742,,,,,,,,,,,,,,,,,
197102,0.096671714,0.081005587,0.263879817,-0.012158407,0.06062267,,,,,,,,,,,,,,,,,
197103,0.066430858,0.119156532,0.37940044,-0.038581359,0.124173484,,,,,,,,,,,,,,,,,
197104,0.03516098,0.275147203,0.331838565,-0.036040772,0.141555019,,,,,,,,,,,,,,,,,
197105,0.09473516,0.301502286,0.222154073,0.042218571,0.156739812,,,,,,,,,,,,,,,,,
197106,0.071970713,0.371012101,0.1839449,-0.001764744,0.176540005,,,,,,,,,,,,,,,,,
197107,0.116503475,0.224599616,0.148108108,0.04199485,0.143301435,,,,,,,,,,,,,,,,,
197108,0.114917849,0.214793916,0.135665138,-0.035897621,0.284435798,,,,,,,,,,,,,,,,,
197109,0.117037045,0.167794799,0.067173087,0.005942166,0.284482759,,,,,,,,,,,,,,,,,
197110,0.16900322,0.131891892,-0.017209011,0.041353824,0.174937656,,,,,,,,,,,,,,,,,
197111,0.216161043,0.077866972,-0.028527132,0.000407434,0.168303294,,,,,,,,,,,,,,,,,
197112,0.145253486,0.107867607,0.017744991,-0.081346636,0.270882609,,,,,,,,,,,,,,,,,
197201,0.110034969,0.084063413,-9.62E-05,-0.01779873,0.200092368,,,,,,,,,,,,,,,,,
197202,0.046835593,0.101498708,0.069657734,-0.024678615,0.228047937,,,,,,,,,,,,,,,,,
197203,0.039507698,0.06868707,0.075225677,-0.005876866,0.188470067,,,,,,,,,,,,,,,,,
197204,-0.006522573,0.035786436,0.126490898,-0.00436519,0.145303691,,,,,,,,,,,,,,,,,
197205,-0.042714438,0.09936766,0.106028476,-0.016981649,0.229568927,,,,,,,,,,,,,,,,,
197206,-0.027248611,0.074623872,0.089485459,0.022307262,0.182038835,,,,,,,,,,,,,,,,,
197207,0.007699124,0.123561415,0.139658283,-0.001255547,0.133403694,,,,,,,,,,,,,,,,,
197208,-0.063548823,0.121781278,0.181934248,-0.032236872,0.186351986,,,,,,,,,,,,,,,,,
197209,-0.019363104,0.124161074,0.082868058,0.005962485,0.143108262,,,,,,,,,,,,,,,,,
197210,-0.029929009,0.184123952,0.073503945,-0.001735942,0.18828541,,,,,,,,,,,,,,,,,
197211,-0.195417999,0.241302266,0.094773388,-0.03641593,0.241170213,,,,,,,,,,,,,,,,,
197212,-0.190743196,0.156332648,0.101212687,-0.004325129,0.223696486,,,,,,,,,,,,,,,,,
197301,-0.183580644,0.116317106,0.077644655,0.019573304,0.257914137,,,,,,,,,,,,,,,,,
197302,-0.149000403,0.047949704,0.019629325,0.041122802,0.249776186,,,,,,,,,,,,,,,,,
197303,-0.171121953,0.040298507,0.04088109,0.0035558,0.236363636,,,,,,,,,,,,,,,,,
197304,-0.169300225,-0.006501347,-0.003910979,0.048027511,0.096116405,,,,,,,,,,,,,,,,,
197305,-0.184362705,-0.041815028,-0.055270501,0.024556673,0.063538711,,,,,,,,,,,,,,,,,
197306,-0.192540483,-0.026880717,-0.056897332,0.011865946,0.046997389,,,,,,,,,,,,,,,,,
197307,-0.310801968,0.007728839,-0.030112923,-0.031595571,0.107223245,,,,,,,,,,,,,,,,,
197308,-0.368044575,-0.061571699,-0.106454101,0.043405523,0.054521546,,,,,,,,,,,,,,,,,
197309,-0.534435175,-0.019176843,-0.081490894,-0.033614855,0.056102075,,,,,,,,,,,,,,,,,
197310,-0.382099986,-0.029485571,-0.066706886,0.012530576,0.047190794,,,,,,,,,,,,,,,,,
197311,-0.315864859,-0.177509214,-0.140759312,0.14098167,-0.114515087,,,,,,,,,,,,,,,,,
197312,-0.352655793,-0.173655231,-0.12526901,-0.005501076,-0.060754862,,,,,,,,,,,,,,,,,
197401,-0.226722486,-0.167715246,-0.097223521,0.016125287,-0.062518202,,,,,,,,,,,,,,,,,
197402,-0.164930531,-0.138431232,-0.083182468,0.009541247,-0.019463976,,,,,,,,,,,,,,,,,
197403,-0.119913416,-0.157281205,-0.098599655,0.029822197,-0.074179884,,,,,,,,,,,,,,,,,
197404,-0.033897733,-0.155744601,-0.165496211,0.046688023,-0.12903848,,,,,,,,,,,,,,,,,
197405,0.04338516,-0.168365889,-0.162781775,0.040696874,-0.156388943,,,,,,,,,,,,,,,,,
197406,0.101527598,-0.175139075,-0.20686157,0.020716386,-0.119844438,,,,,,,,,,,,,,,,,
197407,0.112459204,-0.267141009,-0.267614738,0.093646991,-0.136338887,,,,,,,,,,,,,,,,,
197408,0.185780571,-0.307913669,-0.248124218,0.108579663,-0.244581719,,,,,,,,,,,,,,,,,
197409,0.277598352,-0.413999816,-0.348641722,0.145074058,-0.317654639,,,,,,,,,,,,,,,,,
197410,0.186372879,-0.317573183,-0.234751993,-0.13939909,-0.240024681,,,,,,,,,,,,,,,,,
197411,0.265426819,-0.270842018,-0.272812305,0.05716628,-0.25413069,,,,,,,,,,,,,,,,,
197412,0.274209282,-0.297180933,-0.270483082,0.021502305,-0.255268303,,,,,,,,,,,,,,,,,
197501,0.270187769,-0.20285803,-0.147602702,-0.103614763,-0.094565984,,,,,,,,,,,,,,,,,
197502,0.200559267,-0.152047391,-0.065192484,-0.050408723,-0.088379888,,,,,,,,,,,,,,,,,
197503,0.209324904,-0.113002767,-0.030697674,-0.014979533,-0.069954256,,,,,,,,,,,,,,,,,
197504,0.152086696,-0.033329642,0.100743916,-0.041671308,0.070902846,,,,,,,,,,,,,,,,,
197505,0.094462067,0.044340055,0.263340263,-0.038753691,0.190725016,,,,,,,,,,,,,,,,,
197506,0.091204695,0.106860465,0.498111426,-0.038996325,0.308993399,,,,,,,,,,,,,,,,,
197507,0.153168306,0.119026604,0.200947226,0.07256338,0.137091608,,,,,,,,,,,,,,,,,
197508,0.169326964,0.204158004,0.241675004,0.021523941,0.065750736,,,,,,,,,,,,,,,,,
197509,0.226975475,0.319955933,0.223308051,0.035888876,-0.004037525,,,,,,,,,,,,,,,,,
197510,0.144671936,0.204871448,0.156664069,-0.060602703,0.06954955,,,,,,,,,,,,,,,,,
197511,0.112459328,0.303987423,0.118274298,-0.026749766,0.046330275,,,,,,,,,,,,,,,,,
197512,0.175200129,0.315490082,0.081933781,0.008900511,-0.021269669,,,,,,,,,,,,,,,,,
197601,0.011533471,0.310210444,0.15532646,-0.104988331,0.051939925,,,,,,,,,,,,,,,,,
197602,0.001102591,0.22208604,0.093911135,0.012467179,0.030594315,,,,,,,,,,,,,,,,,
197603,-0.043249446,0.232845489,0.079630213,-0.028906769,0.024523976,,,,,,,,,,,,,,,,,
197604,-0.031989933,0.164261168,0.145239437,0.017502234,-0.022222222,,,,,,,,,,,,,,,,,
197605,-0.041371157,0.099067471,0.153084715,0.020967279,0.005520426,,,,,,,,,,,,,,,,,
197606,-0.037120886,0.095493224,0.243352808,-0.033326935,0.045937813,,,,,,,,,,,,,,,,,
197607,-0.045388185,0.165521127,0.161725067,0.016164165,0.082234777,,,,,,,,,,,,,,,,,
197608,-0.061517791,0.184507366,0.127904428,0.013106465,0.039180046,,,,,,,,,,,,,,,,,
197609,-0.086389615,0.254799094,0.166869941,-0.014460341,0.070164735,,,,,,,,,,,,,,,,,
197610,-0.108280226,0.155660377,0.020226056,0.040459172,0.092008914,,,,,,,,,,,,,,,,,
197611,-0.07386691,0.119026743,0.023969512,0.024972801,0.086285775,,,,,,,,,,,,,,,,,
197612,-0.122189716,0.191484644,0.045635886,-0.033969335,0.052600646,,,,,,,,,,,,,,,,,
197701,-0.133825467,0.011600238,0.003837072,0.065364174,-0.018375986,,,,,,,,,,,,,,,,,
197702,-0.137000781,0.001103199,-0.003593532,0.033766702,-0.063338651,,,,,,,,,,,,,,,,,
197703,-0.098250895,-0.042327527,-0.05619486,0.02565629,-0.081902985,,,,,,,,,,,,,,,,,
197704,-0.016490362,-0.031483668,-0.0483372,0.013326301,-0.0857249,,,,,,,,,,,,,,,,,
197705,0.011584739,-0.040527051,-0.065979983,0.037786183,-0.12243221,,,,,,,,,,,,,,,,,
197706,-0.050518368,-0.036440353,-0.045229951,-0.030787511,-0.062161658,,,,,,,,,,,,,,,,,
197707,0.018343621,-0.04437355,-0.039358601,0.027377261,-0.079523233,,,,,,,,,,,,,,,,,
197708,0.065203537,-0.059663784,-0.052203722,0.032296369,-0.128904492,,,,,,,,,,,,,,,,,
197709,0.060399125,-0.082763208,-0.101712265,0.012998952,-0.126820443,,,,,,,,,,,,,,,,,
197710,0.00873368,-0.102623907,-0.094972067,0.05854752,-0.172432336,,,,,,,,,,,,,,,,,
197711,-0.001371815,-0.071204701,-0.049989982,-0.014162395,-0.187194652,,,,,,,,,,,,,,,,,
197712,0.010564399,-0.115019542,-0.033732981,0.00941654,-0.194409149,,,,,,,,,,,,,,,,,
197801,0.11302852,-0.125257277,-0.093356359,0.075425908,-0.230802379,,,,,,,,,,,,,,,,,
197802,0.10089283,-0.128030455,-0.094465252,0.034832407,-0.220630372,,,,,,,,,,,,,,,,,
197803,0.129951964,-0.093578541,-0.112161624,-0.015443104,-0.200053802,,,,,,,,,,,,,,,,,
197804,0.049660236,-0.01635514,-0.020435003,-0.071650472,-0.094792933,,,,,,,,,,,,,,,,,
197805,0.018745455,0.011652102,0.004856877,0.003318865,-0.073463554,,,,,,,,,,,,,,,,,
197806,0.074414486,-0.049263535,-0.010359474,0.02556577,-0.083732975,,,,,,,,,,,,,,,,,
197807,0.030615135,0.018512898,0.090318389,-0.044059963,-0.069672889,,,,,,,,,,,,,,,,,
197808,0.056738795,0.067376253,0.089212275,-0.018056749,-0.009208633,,,,,,,,,,,,,,,,,
197809,0.064026395,0.062260437,0.078233438,0.014732683,-0.05432076,,,,,,,,,,,,,,,,,
197810,0.088995451,0.00877193,0.043697479,0.104467194,-0.13980977,,,,,,,,,,,,,,,,,
197811,0.11423339,-0.001370874,0.088005515,-0.013125612,-0.013130471,,,,,,,,,,,,,,,,,
197812,0.116082148,0.0106204,0.077345589,-0.011414402,-0.014761661,,,,,,,,,,,,,,,,,
197901,0.133131032,0.119663866,0.032014871,-0.030012798,0.034793414,,,,,,,,,,,,,,,,,
197902,0.165950923,0.106158088,-0.00987248,0.046719701,0.000623571,,,,,,,,,,,,,,,,,
197903,0.004909672,0.13877368,0.06343557,-0.044310975,0.080974675,,,,,,,,,,,,,,,,,
197904,0.043554108,0.050913973,0.010727056,0.007295168,0.126785517,,,,,,,,,,,,,,,,,
197905,0.115762425,0.018922254,-0.040759028,0.036170864,0.135197067,,,,,,,,,,,,,,,,,
197906,0.104446679,0.077253219,0.003608348,-0.028722858,0.196627907,,,,,,,,,,,,,,,,,
197907,0.158750157,0.031088598,0.114439077,0.001856238,0.308914387,,,,,,,,,,,,,,,,,
197908,0.112851597,0.05837932,0.15438226,-0.040443213,0.515176715,,,,,,,,,,,,,,,,,
197909,0.137707622,0.066120538,0.137446676,0.010397374,0.720491029,,,,,,,,,,,,,,,,,
197910,0.224674494,0.093075684,0.018913239,0.082759198,0.377807848,,,,,,,,,,,,,,,,,
197911,0.280402437,0.121013728,0.102617366,-0.032838261,0.517221666,,,,,,,,,,,,,,,,,
197912,0.229313104,0.123088128,0.062506152,-0.008293708,0.574387398,,,,,,,,,,,,,,,,,
198001,0.126465934,0.14239968,0.121855346,-0.046117543,0.482982593,,,,,,,,,,,,,,,,,
198002,0.144044735,0.180515164,0.147153815,0.013209603,0.393062875,,,,,,,,,,,,,,,,,
198003,0.286800109,0.004921744,-0.007968127,0.123012517,0.2246881,,,,,,,,,,,,,,,,,
198004,0.222748328,0.044516509,0.023889799,-0.031780972,0.217525773,,,,,,,,,,,,,,,,,
198005,0.175571631,0.122729108,0.017563117,-0.03688274,0.220405924,,,,,,,,,,,,,,,,,
198006,0.138497595,0.110096201,0.045005488,-0.018544346,0.200126064,,,,,,,,,,,,,,,,,
198007,0.073273988,0.172045082,0.194951876,-0.054222408,0.370929577,,,,,,,,,,,,,,,,,
198008,0.003344621,0.119465789,0.152788244,0.001409839,0.408609576,,,,,,,,,,,,,,,,,
198009,-0.07684627,0.147639956,0.162312396,-0.017541344,0.495886491,,,,,,,,,,,,,,,,,
198010,-0.044762044,0.251915144,0.11659075,-0.01090401,0.431603774,,,,,,,,,,,,,,,,,
198011,-0.106293994,0.323662396,0.236318846,-0.088408044,0.540113985,,,,,,,,,,,,,,,,,
198012,-0.102369511,0.257735779,0.329807033,0.04012743,0.505266659,,,,,,,,,,,,,,,,,
198101,-0.073247374,0.134810792,0.218835262,0.054739934,0.284453698,,,,,,,,,,,,,,,,,
198102,-0.148895474,0.154935773,0.180061129,-0.006735686,0.316517902,,,,,,,,,,,,,,,,,
198103,-0.194513221,0.3321579,0.19047619,-0.0285921,0.323343388,,,,,,,,,,,,,,,,,
198104,-0.131543417,0.249506068,0.091559135,0.030003592,0.306670602,,,,,,,,,,,,,,,,,
198105,-0.169834792,0.191927364,0.083428665,0.007463029,0.323517668,,,,,,,,,,,,,,,,,
198106,-0.179870482,0.148546919,0.045831341,0.016354771,0.258247027,,,,,,,,,,,,,,,,,
198107,-0.200916847,0.076025314,0.027065192,0.009006316,0.265661253,,,,,,,,,,,,,,,,,
198108,-0.027075529,0.003350221,-0.12617421,0.073403419,0.193178505,,,,,,,,,,,,,,,,,
198109,0.035844919,-0.073967799,-0.144225103,0.063960346,0.10395287,,,,,,,,,,,,,,,,,
198110,0.092554277,-0.043775006,-0.05912775,-0.041480368,0.184548105,,,,,,,,,,,,,,,,,
198111,0.092103259,-0.100839738,-0.037480003,-0.029913737,0.237512243,,,,,,,,,,,,,,,,,
198112,0.137684324,-0.097304066,-0.098897059,0.036746606,0.140424344,,,,,,,,,,,,,,,,,
198201,0.187981038,-0.070629101,-0.093441759,0.022462831,0.180045085,,,,,,,,,,,,,,,,,
198202,0.2692568,-0.138340824,-0.146919074,0.069245357,0.133139651,,,,,,,,,,,,,,,,,
198203,0.312034785,-0.176764706,-0.146711379,0.014801891,0.137573664,,,,,,,,,,,,,,,,,
198204,0.345048011,-0.123258791,-0.110601894,-0.034182228,0.182852499,,,,,,,,,,,,,,,,,
198205,0.372573981,-0.156195792,-0.088850884,0.045383546,0.163961715,,,,,,,,,,,,,,,,,
198206,0.427689916,-0.164621599,-0.056550181,0.025226204,0.090863854,,,,,,,,,,,,,,,,,
198207,0.417377562,-0.182019554,-0.121420953,0.025530577,0.083358624,,,,,,,,,,,,,,,,,
198208,0.318902433,-0.026712273,-0.054135338,-0.102164591,0.234990183,,,,,,,,,,,,,,,,,
198209,0.321423754,0.036495094,-0.017380661,-0.005626202,0.247487828,,,,,,,,,,,,,,,,,
198210,0.201445478,0.09697268,0.110548173,-0.098513327,0.448018194,,,,,,,,,,,,,,,,,
198211,0.183235436,0.096478037,0.224825391,-0.033934574,0.460930085,,,,,,,,,,,,,,,,,
198212,0.159317708,0.147613219,0.256162915,-0.01397011,0.478864353,,,,,,,,,,,,,,,,,
198301,0.117461809,0.206810631,0.247852971,-0.030197712,0.628011204,,,,,,,,,,,,,,,,,
198302,0.059010301,0.308991247,0.323382195,-0.01673064,0.701056985,,,,,,,,,,,,,,,,,
198303,0.039859188,0.366202215,0.395493112,-0.030167838,0.714605986,,,,,,,,,,,,,,,,,
198304,-0.026937863,0.412057712,0.535344103,-0.06835324,0.698027471,,,,,,,,,,,,,,,,,
198305,-0.075705595,0.451465856,0.358798427,0.013963921,0.669991773,,,,,,,,,,,,,,,,,
198306,-0.093004827,0.533710428,0.39603056,-0.032631438,0.759761332,,,,,,,,,,,,,,,,,
198307,-0.076021522,0.517975535,0.215765463,0.037121474,0.61462058,,,,,,,,,,,,,,,,,
198308,0.013773324,0.375617103,0.186660892,-0.008350812,0.591635202,,,,,,,,,,,,,,,,,
198309,0.00018063,0.379089852,0.180816268,-0.007219485,0.619563097,,,,,,,,,,,,,,,,,
198310,0.015411056,0.223169546,0.125602202,0.019759881,0.755770263,,,,,,,,,,,,,,,,,
198311,-0.017092361,0.201097156,0.123868702,-0.012933068,0.757127772,,,,,,,,,,,,,,,,,
198312,0.013908765,0.172710466,0.078255753,0.013200037,0.716054521,,,,,,,,,,,,,,,,,
198401,0.0946368,0.124638679,-0.006142805,0.013572427,0.635244671,,,,,,,,,,,,,,,,,
198402,0.142918307,0.060786168,-0.032822218,0.044814245,0.631283756,,,,,,,,,,,,,,,,,
198403,0.126581174,0.040664226,-0.053119981,-0.009178333,0.566886505,,,,,,,,,,,,,,,,,
198404,0.116525694,-0.026578275,-0.015440453,0.000562058,0.572818396,,,,,,,,,,,,,,,,,
198405,0.230357587,-0.072910894,-0.084245742,0.069489431,0.519479209,,,,,,,,,,,,,,,,,
198406,0.225100116,-0.088810898,-0.077617872,-0.011312962,0.488485084,,,,,,,,,,,,,,,,,
198407,0.23682885,-0.07320374,-0.078813818,0.019967132,0.451305269,,,,,,,,,,,,,,,,,
198408,0.123711618,0.013868613,0.001682692,-0.093228074,0.524698134,,,,,,,,,,,,,,,,,
198409,0.091856134,0.000180647,0.007093919,0.006670113,0.519392609,,,,,,,,,,,,,,,,,
198410,0.133546445,0.015530419,0.016400465,0.006835684,0.631211943,,,,,,,,,,,,,,,,,
198411,0.21180676,-0.016947115,0.041512798,0.022176907,0.540881688,,,,,,,,,,,,,,,,,
198412,0.233754362,0.014005942,0.050634502,-0.015346513,0.549379285,,,,,,,,,,,,,,,,,
198501,0.16464882,0.099259531,0.12233677,-0.063621413,0.573493343,,,,,,,,,,,,,,,,,
198502,0.225051328,0.153635553,0.203520425,-0.002928427,0.594140419,,,,,,,,,,,,,,,,,
198503,0.279428243,0.134941576,0.179396788,0.008635242,0.769615046,,,,,,,,,,,,,,,,,
198504,0.269783875,0.123586379,0.193614762,0.008117198,0.691880704,,,,,,,,,,,,,,,,,
198505,0.266151496,0.259050149,0.137209023,-0.047996276,0.703973391,,,,,,,,,,,,,,,,,
198506,0.268101469,0.2524481,0.155027092,-0.008568478,0.679359244,,,,,,,,,,,,,,,,,
198507,0.212485658,0.267224213,0.149497261,0.009194433,0.569162489,,,,,,,,,,,,,,,,,
198508,0.293325346,0.131689465,0.15313608,0.016489091,0.541346625,,,,,,,,,,,,,,,,,
198509,0.239355882,0.096207104,0.088734752,0.040392211,0.451299219,,,,,,,,,,,,,,,,,
198510,0.25101,0.142874345,0.056727718,-0.03832847,0.489134698,,,,,,,,,,,,,,,,,
198511,0.209227113,0.235909035,0.115790055,-0.058698113,0.438727583,,,,,,,,,,,,,,,,,
198512,0.136455691,0.263334131,0.169489649,-0.040689503,0.556275781,,,,,,,,,,,,,,,,,
198601,0.257872035,0.178979012,0.177667797,0.002690396,0.634735623,,,,,,,,,,,,,,,,,
198602,0.225080683,0.252386997,0.197151147,-0.062017884,0.728650872,,,,,,,,,,,,,,,,,
198603,0.199680823,0.322373519,0.24524368,-0.045385334,0.756617647,,,,,,,,,,,,,,,,,
198604,0.202413864,0.309681366,0.233605699,0.017728178,0.77336044,,,,,,,,,,,,,,,,,
198605,0.159421353,0.304932735,0.311297249,-0.044679365,0.865525304,,,,,,,,,,,,,,,,,
198606,0.192212416,0.307479802,0.377636204,-0.010652068,0.911744532,,,,,,,,,,,,,,,,,
198607,0.299784553,0.236748376,0.243915288,0.068020117,0.803544149,,,,,,,,,,,,,,,,,
198608,0.26537364,0.340878969,0.251075827,-0.061485748,1.059858295,,,,,,,,,,,,,,,,,
198609,0.330221423,0.27043058,0.094850435,0.099203543,0.991048373,,,,,,,,,,,,,,,,,
198610,0.031509152,0.285322938,0.152044575,-0.04996563,1.001640824,,,,,,,,,,,,,,,,,
198611,-0.078953234,0.232724934,0.098272519,-0.019054996,0.972457459,,,,,,,,,,,,,,,,,
198612,0.020072212,0.146204089,0.013687735,0.0311916,0.976091391,,,,,,,,,,,,,,,,,
198701,-0.064071613,0.294173199,0.163722826,-0.114291624,1.27641196,,,,,,,,,,,,,,,,,
198702,-0.059363103,0.252423762,0.148979179,-0.033284892,1.512598356,,,,,,,,,,,,,,,,,
198703,-0.119322616,0.221012976,0.162892681,-0.023369307,1.605394784,,,,,,,,,,,,,,,,,
198704,-0.098425723,0.22435462,0.221243436,0.018860317,1.476468568,,,,,,,,,,,,,,,,,
198705,-0.101270687,0.172832019,0.146957656,0.001102083,1.592956739,,,,,,,,,,,,,,,,,
198706,-0.10572608,0.211927922,0.314196784,-0.038955767,1.773469574,,,,,,,,,,,,,,,,,
198707,-0.158249111,0.349568016,0.306090663,-0.04077609,1.975627976,,,,,,,,,,,,,,,,,
198708,-0.231975648,0.30391808,0.323328786,-0.028522121,1.759601707,,,,,,,,,,,,,,,,,
198709,-0.168552327,0.391276154,0.328942478,0.030320745,1.672562697,,,,,,,,,,,,,,,,,
198710,0.102508842,0.032010821,-0.08132662,0.28554804,0.883105228,,,,,,,,,,,,,,,,,
198711,0.172649809,-0.075916861,-0.189655172,0.099589264,0.662335787,,,,,,,,,,,,,,,,,
198712,0.116901241,0.020275013,-0.152965375,-0.062593096,0.756825939,,,,,,,,,,,,,,,,,
198801,0.145964958,-0.062062172,-0.108510196,-0.03376621,0.769236063,,,,,,,,,,,,,,,,,
198802,0.075627029,-0.057635468,-0.076801103,-0.035088539,0.808861272,,,,,,,,,,,,,,,,,
198803,0.13013132,-0.112478574,-0.148388158,0.039919587,0.692533996,,,,,,,,,,,,,,,,,
198804,0.169626356,-0.093736995,-0.179909622,0.000990394,0.589405182,,,,,,,,,,,,,,,,,
198805,0.200989673,-0.096311617,-0.205093996,0.007129384,0.614385122,,,,,,,,,,,,,,,,,
198806,0.150686866,-0.100328947,-0.150172451,-0.031674356,0.626910951,,,,,,,,,,,,,,,,,
198807,0.240794369,-0.146362895,0.080344732,0.013795848,0.673351378,,,,,,,,,,,,,,,,,
198808,0.295556691,-0.207034566,0.13556231,0.048710981,0.590754258,,,,,,,,,,,,,,,,,
198809,0.2500305,-0.155112948,0.100493767,-0.030349418,0.637321611,,,,,,,,,,,,,,,,,
198810,0.198899632,0.107947099,0.085190804,-0.015344085,0.705716906,,,,,,,,,,,,,,,,,
198811,0.234377257,0.188449848,0.021955044,0.029557378,0.644831731,,,,,,,,,,,,,,,,,
198812,0.240987148,0.124008418,0.072733593,-0.004602712,0.683865882,,,,,,,,,,,,,,,,,
198901,0.100987503,0.157155639,0.13829258,-0.058062605,0.820390429,,,,,,,,,,,,,,,,,
198902,0.138861447,0.078560227,0.101846201,0.038914603,0.839169744,,,,,,,,,,,,,,,,,
198903,0.14223455,0.138977944,0.078135283,-0.011793917,0.85243121,,,,,,,,,,,,,,,,,
198904,0.066103631,0.184862052,0.138298655,-0.036380644,0.934645423,,,,,,,,,,,,,,,,,
198905,0.119570198,0.222612145,0.22560416,-0.022596314,1.12899369,,,,,,,,,,,,,,,,,
198906,0.118600363,0.162632541,0.169431062,0.01969156,1.075858467,,,,,,,,,,,,,,,,,
198907,0.028682028,0.272259393,0.240563501,-0.070383545,1.297092792,,,,,,,,,,,,,,,,,
198908,-0.085778288,0.343874273,0.28407015,-0.003827135,1.108531317,,,,,,,,,,,,,,,,,
198909,-0.131753142,0.28406458,0.257201498,0.018159578,1.10204696,,,,,,,,,,,,,,,,,
198910,-0.11297618,0.220059505,0.144182607,0.036051359,1.049250406,,,,,,,,,,,,,,,,,
198911,-0.071175331,0.264121301,0.19777747,-0.006562813,1.115111872,,,,,,,,,,,,,,,,,
198912,-0.067841461,0.272504681,0.198494252,-0.011399195,1.11313083,,,,,,,,,,,,,,,,,
199001,0.044137266,0.106262816,0.062782586,0.082422341,0.831987975,,,,,,,,,,,,,,,,,
199002,0.100748977,0.148964896,0.035473605,-0.000671573,0.831723605,,,,,,,,,,,,,,,,,
199003,0.098743389,0.152847017,0.069060947,-0.016056347,0.88165615,,,,,,,,,,,,,,,,,
199004,0.126344961,0.068337424,-0.044151641,0.038071537,0.839515098,,,,,,,,,,,,,,,,,
199005,0.076195872,0.127012355,0.027827571,-0.075028692,0.905724083,,,,,,,,,,,,,,,,,
199006,0.036044386,0.125919869,0.025404554,0.019013701,0.866145426,,,,,,,,,,,,,,,,,
199007,0.085163539,0.029097319,0.046392055,0.010163508,0.865441022,,,,,,,,,,,,,,,,,
199008,0.203684615,-0.082202305,-0.06771872,0.109505608,0.710014314,,,,,,,,,,,,,,,,,
199009,0.236895962,-0.123442646,-0.133984154,0.059046469,0.680854569,,,,,,,,,,,,,,,,,
199010,0.25540692,-0.106828064,-0.076212471,0.013889479,0.601517227,,,,,,,,,,,,,,,,,
199011,0.152277979,-0.068701408,-0.02913616,-0.049895595,0.593807192,,,,,,,,,,,,,,,,,
199012,0.233542927,-0.065591398,-0.028593281,-0.017396996,0.56294964,,,,,,,,,,,,,,,,,
199101,0.172763428,0.045125805,0.039691657,-0.039227226,0.6239966,,,,,,,,,,,,,,,,,
199102,0.117168371,0.105998976,0.016166985,-0.062419962,0.617618544,,,,,,,,,,,,,,,,,
199103,0.073134736,0.103783021,0.048042009,-0.021073901,0.57061532,,,,,,,,,,,,,,,,,
199104,0.100299107,0.134673519,0.053909869,0.000668994,0.593707541,,,,,,,,,,,,,,,,,
199105,0.063410792,0.079173934,0.208550347,-0.036159483,0.576025874,,,,,,,,,,,,,,,,,
199106,0.094977016,0.03670186,0.212743016,0.051366366,0.479668314,,,,,,,,,,,,,,,,,
199107,0.089713087,0.088895128,0.275690789,-0.039569046,0.642427579,,,,,,,,,,,,,,,,,
199108,0.045964655,0.225911458,0.227205015,-0.015842752,0.563396987,,,,,,,,,,,,,,,,,
199109,0.074358399,0.267309263,0.1745503,0.02307624,0.676724883,,,,,,,,,,,,,,,,,
199110,0.064672284,0.290986842,0.141104294,-0.013653216,0.608574473,,,,,,,,,,,,,,,,,
199111,0.139407305,0.164483893,0.02220285,0.043897344,0.505577401,,,,,,,,,,,,,,,,,
199112,0.043674859,0.263067046,0.111587868,-0.102151832,0.722302515,,,,,,,,,,,,,,,,,
199201,0.070796572,0.188584886,0.089090182,0.023673343,0.491498832,,,,,,,,,,,,,,,,,
199202,0.071706253,0.124308715,0.058666598,-0.006205693,0.452146376,,,,,,,,,,,,,,,,,
199203,0.112304568,0.075875486,0.087644143,0.025673101,0.383921838,,,,,,,,,,,,,,,,,
199204,0.059048421,0.105501532,0.069982723,-0.027238422,0.438999861,,,,,,,,,,,,,,,,,
199205,0.080548178,0.065464433,0.050375541,-0.001076545,0.431747673,,,,,,,,,,,,,,,,,
199206,0.098814415,0.099633581,0.052286908,0.017558135,0.342565789,,,,,,,,,,,,,,,,,
199207,0.054854753,0.093860396,0.080899964,-0.035929832,0.331230779,,,,,,,,,,,,,,,,,
199208,0.112997391,0.047037402,0.103432653,0.026662494,0.25539721,,,,,,,,,,,,,,,,,
199209,0.093894844,0.077192802,0.00170227,-0.007020674,0.298200914,,,,,,,,,,,,,,,,,
199210,0.110998077,0.066809356,0.024193351,-0.002367521,0.66281425,,,,,,,,,,,,,,,,,
199211,0.068190417,0.149592239,0.045190211,-0.029639217,0.87299175,,,,,,,,,,,,,,,,,
199212,0.068173949,0.044642643,0.079318289,-0.010270371,0.763436944,,,,,,,,,,,,,,,,,
199301,0.093136509,0.073362851,0.057428606,-0.004487104,0.706850274,,,,,,,,,,,,,,,,,
199302,0.052201808,0.074339714,0.067485253,-0.007872151,0.655514898,,,,,,,,,,,,,,,,,
199303,-0.013148701,0.118853576,0.106654579,-0.015885739,0.744640581,,,,,,,,,,,,,,,,,
199304,0.024061311,0.060826606,0.037670022,0.027288348,0.684421995,,,,,,,,,,,,,,,,,
199305,0.01394089,0.083881064,0.087336666,-0.021070212,0.71723375,,,,,,,,,,,,,,,,,
199306,-0.013992182,0.10386142,0.078338918,0.000419666,0.647276051,,,,,,,,,,,,,,,,,
199307,0.022331518,0.056387167,0.070340117,0.005251224,0.647415631,,,,,,,,,,,,,,,,,
199308,0.025431056,0.119629012,0.07467254,-0.033393959,0.772560416,,,,,,,,,,,,,,,,,
199309,0.008202815,0.098444232,0.053292327,0.009983806,0.687801111,,,,,,,,,,,,,,,,,
199310,0.009615254,0.117392758,0.066206299,-0.017511676,0.676990357,,,,,,,,,,,,,,,,,
199311,-0.017696097,0.070569143,0.041521945,0.014647035,0.687212276,,,,,,,,,,,,,,,,,
199312,-0.015512561,0.070551514,0.032723006,-0.008468801,0.67956935,,,,,,,,,,,,,,,,,
199401,-0.023508745,0.097611559,0.094095731,-0.028143331,0.619020405,,,,,,,,,,,,,,,,,
199402,0.042435625,0.053588344,0.03765077,0.034521151,0.617184795,,,,,,,,,,,,,,,,,
199403,0.116223967,-0.013062634,-0.010565334,0.051522658,0.511750941,,,,,,,,,,,,,,,,,
199404,0.132335872,0.02435312,0.006203557,-0.008077123,0.456239504,,,,,,,,,,,,,,,,,
199405,0.155661006,0.014038517,-0.015208387,-0.008966714,0.424279296,,,,,,,,,,,,,,,,,
199406,0.203894488,-0.013894746,-0.031943869,0.030980722,0.397163344,,,,,,,,,,,,,,,,,
199407,0.204193719,0.022582733,-0.020477524,-0.028294187,0.324115811,,,,,,,,,,,,,,,,,
199408,0.166921422,0.025757184,0.02968882,-0.034075117,0.352966283,,,,,,,,,,,,,,,,,
199409,0.233502283,0.00823655,-0.008018008,0.029976744,0.325247028,,,,,,,,,,,,,,,,,
199410,0.207890736,0.009661629,-0.019227176,-0.014170077,0.387795276,,,,,,,,,,,,,,,,,
199411,0.288425696,-0.01754044,-0.028792225,0.047725875,0.311280673,,,,,,,,,,,,,,,,,
199412,0.293495048,-0.015392861,0.030284676,-0.00593777,0.299575552,,,,,,,,,,,,,,,,,
199501,0.301604097,-0.023234567,0.043268058,-0.023702224,0.429500425,,,,,,,,,,,,,,,,,
199502,0.273075202,0.043348889,0.067643644,-0.034818113,0.468528729,,,,,,,,,,,,,,,,,
199503,0.253998119,0.123247415,0.127039863,-0.026602225,0.472936401,,,,,,,,,,,,,,,,,
199504,0.239763621,0.14149165,0.123207856,-0.022494591,0.55595526,,,,,,,,,,,,,,,,,
199505,0.226691804,0.168430045,0.121766562,-0.030401854,0.476621543,,,,,,,,,,,,,,,,,
199506,0.207890595,0.226168771,0.177303279,-0.016144609,0.521563041,,,,,,,,,,,,,,,,,
199507,0.129781443,0.226535734,0.189922727,-0.025625345,0.578155272,,,,,,,,,,,,,,,,,
199508,0.14874092,0.181661409,0.238466795,0.005637601,0.741939484,,,,,,,,,,,,,,,,,
199509,0.162182636,0.263015712,0.272475886,-0.033475222,0.909524587,,,,,,,,,,,,,,,,,
199510,0.192969736,0.231078649,0.236129416,0.010260675,0.912828947,,,,,,,,,,,,,,,,,
199511,0.223549832,0.3343252,0.242064876,-0.034432597,0.87874744,,,,,,,,,,,,,,,,,
199512,0.184516366,0.341106539,0.230113239,-0.012057489,0.865211071,,,,,,,,,,,,,,,,,
199601,0.211930325,0.352025849,0.235686115,-0.024191214,0.849271654,,,,,,,,,,,,,,,,,
199602,0.210930556,0.313999056,0.200656168,0.000648152,0.744708094,,,,,,,,,,,,,,,,,
199603,0.159496551,0.289169379,0.184947223,-0.000391331,0.720324077,,,,,,,,,,,,,,,,,
199604,0.20291807,0.27094869,0.163879301,-0.009314565,0.742826695,,,,,,,,,,,,,,,,,
199605,0.237247354,0.254443195,0.190859258,-0.018448803,0.7164405,,,,,,,,,,,,,,,,,
199606,0.277528255,0.231078476,0.14753341,0.001699601,0.806848798,,,,,,,,,,,,,,,,,
199607,0.39957756,0.138579511,0.100515907,0.057508032,0.65016374,,,,,,,,,,,,,,,,,
199608,0.321776477,0.160372321,0.077010754,-0.009580247,0.648812685,,,,,,,,,,,,,,,,,
199609,0.320809292,0.176075016,0.115889793,-0.042884096,0.772056928,,,,,,,,,,,,,,,,,
199610,0.25992797,0.212846088,0.108880224,-0.020261793,0.797049381,,,,,,,,,,,,,,,,,
199611,0.232740428,0.250507954,0.18204956,-0.06340566,1.017536379,,,,,,,,,,,,,,,,,
199612,0.270089586,0.202636663,0.147544539,0.027377286,0.775971613,,,,,,,,,,,,,,,,,
199701,0.220677911,0.236061759,0.201767125,-0.054403761,0.92313902,,,,,,,,,,,,,,,,,
199702,0.282846292,0.234826601,0.181880679,-0.002342306,0.916210322,,,,,,,,,,,,,,,,,
199703,0.375133342,0.172920217,0.128968284,0.048220863,0.875498526,,,,,,,,,,,,,,,,,
199704,0.327405303,0.224972102,0.252191577,-0.053049374,0.93117243,,,,,,,,,,,,,,,,,
199705,0.251474216,0.267754663,0.3010629,-0.053207457,1.042325749,,,,,,,,,,,,,,,,,
199706,0.247619556,0.319863412,0.287832274,-0.039489092,1.168716617,,,,,,,,,,,,,,,,,
199707,0.160714391,0.491194625,0.353084634,-0.068956682,1.249569789,,,,,,,,,,,,,,,,,
199708,0.062290229,0.379576374,0.188172043,0.064948655,1.172475424,,,,,,,,,,,,,,,,,
199709,0.071027509,0.378242714,0.278829279,-0.046909085,1.267304931,,,,,,,,,,,,,,,,,
199710,0.183346958,0.296836672,0.163401852,0.039403678,1.18453234,,,,,,,,,,,,,,,,,
199711,0.197169607,0.262053843,0.208113098,-0.039286858,1.214906688,,,,,,,,,,,,,,,,,
199712,0.236403964,0.31008181,0.281738694,-0.012000623,1.227238301,,,,,,,,,,,,,,,,,
199801,0.266495822,0.246921746,0.223300971,-0.006981899,1.234103651,,,,,,,,,,,,,,,,,
199802,0.165602303,0.326901191,0.237020795,-0.062928204,1.366683206,,,,,,,,,,,,,,,,,
199803,0.154924474,0.45518544,0.24471835,-0.044637905,1.439280891,,,,,,,,,,,,,,,,,
199804,0.183130764,0.387363666,0.165002253,-0.002468805,1.525613939,,,,,,,,,,,,,,,,,
199805,0.176848941,0.285919743,0.212736389,0.025855102,1.423021391,,,,,,,,,,,,,,,,,
199806,0.191176786,0.280972502,0.196942826,-0.031688817,1.516680354,,,,,,,,,,,,,,,,,
199807,0.170289352,0.174349516,0.225284818,0.015830622,1.500769866,,,,,,,,,,,,,,,,,
199808,0.321601644,0.064271182,0.001967762,0.1753893,1.065061696,,,,,,,,,,,,,,,,,
199809,0.232108077,0.073610759,0.04799934,-0.054966776,1.21604602,,,,,,,,,,,,,,,,,
199810,0.215536437,0.201231112,0.120771616,-0.073334212,1.348438535,,,,,,,,,,,,,,,,,
199811,0.176974837,0.217950597,0.108916081,-0.0548087,1.519825029,,,,,,,,,,,,,,,,,
199812,0.178364109,0.266685902,0.11570683,-0.052354437,1.635287812,,,,,,,,,,,,,,,,,
199901,0.085928455,0.305382136,0.151014167,-0.034369913,1.65700463,,,,,,,,,,,,,,,,,
199902,0.098430483,0.180103684,0.135228544,0.038729457,1.650875541,,,,,,,,,,,,,,,,,
199903,0.152693695,0.167569775,0.134525153,-0.032362793,1.885725823,,,,,,,,,,,,,,,,,
199904,0.084171902,0.200971441,0.19141228,-0.03657444,1.961078708,,,,,,,,,,,,,,,,,
199905,0.087300669,0.193450798,0.359936487,0.025584965,1.851722854,,,,,,,,,,,,,,,,,
199906,0.057944061,0.210673464,0.34975074,-0.051645099,2.089810251,,,,,,,,,,,,,,,,,
199907,0.074038623,0.185647871,0.209389535,0.037145765,1.899552646,,,,,,,,,,,,,,,,,
199908,0.139240559,0.3793352,0.134733549,0.010218168,1.776887487,,,,,,,,,,,,,,,,,
199909,0.113241533,0.261256035,0.043506911,0.033383843,1.772168313,,,,,,,,,,,,,,,,,
199910,0.047617982,0.240527183,0.065088619,-0.057897044,1.885423944,,,,,,,,,,,,,,,,,
199911,-0.054720625,0.193601059,0.121599251,-0.017703874,2.061363486,,,,,,,,,,,,,,,,,
199912,-0.106908231,0.195260448,0.142167495,-0.053717216,2.199098569,,,,,,,,,,,,,,,,,
200001,-0.020613162,0.089728361,0.044398508,0.055104409,1.964287233,,,,,,,,,,,,,,,,,
200002,-0.09713119,0.103437694,0.049606711,0.021949419,1.803545415,,,,,,,,,,,,,,,,,
200003,-0.255813546,0.164968088,0.091694531,-0.086920929,1.992910068,,,,,,,,,,,,,,,,,
200004,-0.150526558,0.087815875,0.093104642,0.030586337,1.821841425,,,,,,,,,,,,,,,,,
200005,-0.123290572,0.091224728,0.075877947,0.02122135,1.663292088,,,,,,,,,,,,,,,,,
200006,-0.172263686,0.059655718,0.134005348,-0.024501226,1.670215695,,,,,,,,,,,,,,,,,
200007,-0.166618323,0.076848395,0.04981914,0.009370343,1.545689072,,,,,,,,,,,,,,,,,
200008,-0.291802087,0.149400565,0.092712991,-0.063990058,1.701074963,,,,,,,,,,,,,,,,,
200009,-0.32209241,0.119902394,-0.022283478,0.048869626,1.45805171,,,,,,,,,,,,,,,,,
200010,-0.299193436,0.048769929,0.025056294,0.003418732,1.458125537,,,,,,,,,,,,,,,,,
200011,-0.143252952,-0.053250391,-0.037667774,0.085345871,1.172142657,,,,,,,,,,,,,,,,,
200012,-0.139752853,-0.101391867,-0.1189793,-0.005583255,1.143555274,,,,,,,,,,,,,,,,,
200101,-0.189499474,-0.020402163,-0.059500286,-0.039375637,1.147746926,,,,,,,,,,,,,,,,,
200102,-0.11365327,-0.092563048,-0.127171618,0.09490279,0.936105429,,,,,,,,,,,,,,,,,
200103,-0.01121465,-0.225713676,-0.202303039,0.062007566,0.797567777,,,,,,,,,,,,,,,,,
200104,-0.148606343,-0.139745117,-0.126758595,-0.076898784,0.909992815,,,,,,,,,,,,,,,,,
200105,-0.162806573,-0.115993242,-0.172539666,-0.011055101,0.87682329,,,,,,,,,,,,,,,,,
200106,-0.212709536,-0.158242816,-0.14764255,0.0194253,0.825775763,,,,,,,,,,,,,,,,,
200107,-0.284168415,-0.153477352,-0.152630474,0.011965994,0.892694742,,,,,,,,,,,,,,,,,
200108,-0.213043264,-0.253083654,-0.137929199,0.069629354,0.738646298,,,,,,,,,,,,,,,,,
200109,-0.244335552,-0.275368776,-0.211576332,0.090153421,0.514513102,,,,,,,,,,,,,,,,,
200110,-0.179370585,-0.258584021,-0.224178447,-0.01769613,0.502658556,,,,,,,,,,,,,,,,,
200111,-0.196354351,-0.133465151,-0.081044244,-0.069836958,0.505178199,,,,,,,,,,,,,,,,,
200112,-0.26612892,-0.130426879,-0.010557341,-0.00743492,0.54990955,,,,,,,,,,,,,,,,,
200201,-0.27823004,-0.172626848,-0.095449234,0.015607235,0.437620841,,,,,,,,,,,,,,,,,
200202,-0.274394997,-0.107432618,-0.118719243,0.02098598,0.399471435,,,,,,,,,,,,,,,,,
200203,-0.302152199,-0.011152,-0.062911419,-0.035639262,0.515466505,,,,,,,,,,,,,,,,,
200204,-0.160840167,-0.138091656,-0.11088728,0.072413092,0.343898969,,,,,,,,,,,,,,,,,
200205,-0.102071559,-0.150244462,-0.058610773,0.015729703,0.258004432,,,,,,,,,,,,,,,,,
200206,-0.015578225,-0.191609088,-0.049119065,0.085094415,0.11825248,,,,,,,,,,,,,,,,,
200207,0.082794789,-0.247360122,-0.139802601,0.080354736,-0.044713871,,,,,,,,,,,,,,,,,
200208,0.095640588,-0.191878826,-0.19604195,-0.009846202,0.018455313,,,,,,,,,,,,,,,,,
200209,0.200173258,-0.216775222,-0.28986656,0.117951584,-0.139335782,,,,,,,,,,,,,,,,,
200210,0.170775372,-0.164203891,-0.216280304,-0.074216405,-0.031554088,,,,,,,,,,,,,,,,,
200211,0.122378012,-0.178278994,-0.153985163,-0.048535362,-0.01998116,,,,,,,,,,,,,,,,,
200212,0.234126189,-0.233659675,-0.233198825,0.070312302,-0.09337098,,,,,,,,,,,,,,,,,
200301,0.279052565,-0.242877367,-0.205419158,0.031385743,-0.127086139,,,,,,,,,,,,,,,,,
200302,0.30833751,-0.239968195,-0.211771651,0.020452354,-0.1984009,,,,,,,,,,,,,,,,,
200303,0.283520415,-0.260774453,-0.143088067,-0.005222576,-0.230152031,,,,,,,,,,,,,,,,,
200304,0.188659671,-0.148571853,0.005813826,-0.076091592,-0.175246233,,,,,,,,,,,,,,,,,
200305,0.15102503,-0.097035066,0.051873765,-0.049584435,-0.116637025,,,,,,,,,,,,,,,,,
200306,0.157585332,-0.015457512,0.195292473,-0.012409191,-0.140522472,,,,,,,,,,,,,,,,,
200307,0.106609849,0.086318861,0.11803423,-0.007413829,-0.116323271,,,,,,,,,,,,,,,,,
200308,0.091179225,0.100363509,0.076577202,-0.009099851,0.052993899,,,,,,,,,,,,,,,,,
200309,0.112515795,0.221614395,0.13201564,0.020722953,-0.020688095,,,,,,,,,,,,,,,,,
200310,0.072928482,0.186224259,0.22789529,-0.036878868,-0.04365278,,,,,,,,,,,,,,,,,
200311,0.103694036,0.130181243,0.258039589,0.008617985,-0.090604402,,,,,,,,,,,,,,,,,
200312,0.086117628,0.26380396,0.310948148,-0.033508299,-0.095433727,,,,,,,,,,,,,,,,,
200401,0.043372998,0.321876826,0.233619073,-0.004939151,-0.116056078,,,,,,,,,,,,,,,,,
200402,0.049964832,0.361160316,0.188202451,-0.000104111,-0.075416085,,,,,,,,,,,,,,,,,
200403,0.0471563,0.327795987,0.155667977,0.028788792,-0.124505391,,,,,,,,,,,,,,,,,
200404,0.043776174,0.207629891,0.118134725,0.027951458,-0.170673617,,,,,,,,,,,,,,,,,
200405,0.061277374,0.163025768,0.111774685,-0.001492693,-0.139156886,,,,,,,,,,,,,,,,,
200406,0.043305497,0.17068065,0.145456188,-0.007388628,-0.168914046,,,,,,,,,,,,,,,,,
200407,0.113534187,0.112500126,0.048548125,0.045917749,-0.17084111,,,,,,,,,,,,,,,,,
200408,0.099963998,0.095465323,0.043507844,0.007647806,-0.163714301,,,,,,,,,,,,,,,,,
200409,0.097568569,0.119089932,0.002392258,0.000486095,-0.131074054,,,,,,,,,,,,,,,,,
200410,0.065751619,0.075653606,-0.000822187,-0.009034533,-0.170757119,,,,,,,,,,,,,,,,,
200411,0.062464077,0.109261009,0.025224029,-0.032510533,-0.154862446,,,,,,,,,,,,,,,,,
200412,0.029568736,0.089934528,0.076104812,-0.026782373,-0.175143781,,,,,,,,,,,,,,,,,
200501,0.080332445,0.044327354,0.066802131,0.039719517,-0.152883553,,,,,,,,,,,,,,,,,
200502,0.062058504,0.051234126,0.073990791,-0.005551724,-0.119158092,,,,,,,,,,,,,,,,,
200503,0.09239599,0.048285844,0.034842747,0.032818594,-0.212194211,,,,,,,,,,,,,,,,,
200504,0.124791884,0.044748487,0.050039938,0.032293189,-0.203507226,,,,,,,,,,,,,,,,,
200505,0.063874747,0.063193775,0.079022676,-0.01800419,-0.161269886,,,,,,,,,,,,,,,,,
200506,0.064104038,0.044256863,0.068860019,0.011419359,-0.180991338,,,,,,,,,,,,,,,,,
200507,0.033840511,0.120230186,0.092001416,-0.026323659,-0.137437711,,,,,,,,,,,,,,,,,
200508,0.066177103,0.105131131,0.03962277,0.020069984,-0.195924042,,,,,,,,,,,,,,,,,
200509,0.083521572,0.102487035,0.013936563,0.001589034,-0.144586533,,,,,,,,,,,,,,,,,
200510,0.132443403,0.067961423,0.021790107,0.029834462,-0.155582762,,,,,,,,,,,,,,,,,
200511,0.114194671,0.06445622,0.038118976,-0.022942047,-0.049788965,,,,,,,,,,,,,,,,,
200512,0.127684357,0.030010232,0.057344209,0.012267038,-0.054526313,,,,,,,,,,,,,,,,,
200601,0.116497568,0.083647261,0.106522021,-0.01652511,-0.062905835,,,,,,,,,,,,,,,,,
200602,0.093956268,0.064024593,0.074830046,0.007996637,0.032840299,,,,,,,,,,,,,,,,,
200603,0.092852018,0.096799058,0.086911267,-0.002687945,0.115949773,,,,,,,,,,,,,,,,,
200604,0.123149481,0.132912651,0.061927758,-0.002569476,0.048941143,,,,,,,,,,,,,,,,,
200605,0.186585118,0.065958875,0.040775856,0.041665231,0.011363093,,,,,,,,,,,,,,,,,
200606,0.168521583,0.066203319,0.033682994,0.009288408,0.037389131,,,,,,,,,,,,,,,,,
200607,0.130944158,0.034419615,0.057704576,0.004266554,0.054019468,,,,,,,,,,,,,,,,,
200608,0.122674592,0.06841592,0.043490092,-0.011741684,0.150179079,,,,,,,,,,,,,,,,,
200609,0.1335735,0.087108666,0.070143957,-0.014996279,0.283311238,,,,,,,,,,,,,,,,,
200610,0.117265221,0.141614403,0.076448347,-0.019976388,0.300213252,,,,,,,,,,,,,,,,,
200611,0.055889926,0.120970324,0.09367826,-0.005593954,0.22921585,,,,,,,,,,,,,,,,,
200612,0.03468716,0.136194314,0.09532231,-0.001921882,0.235366873,,,,,,,,,,,,,,,,,
200701,-0.042387922,0.123554778,0.097382135,-0.005807528,0.27255353,,,,,,,,,,,,,,,,,
200702,-0.055679324,0.098511705,0.107653788,0.030622824,0.271150145,,,,,,,,,,,,,,,,,
200703,-0.07158722,0.097299343,0.118611242,-0.001922243,0.23834093,,,,,,,,,,,,,,,,,
200704,-0.067516117,0.131053479,0.16113139,-0.033023691,0.376490361,,,,,,,,,,,,,,,,,
200705,-0.088929254,0.205127196,0.173950392,-0.023035591,0.434319771,,,,,,,,,,,,,,,,,
200706,-0.160835873,0.183553771,0.12538833,0.026980864,0.518826846,,,,,,,,,,,,,,,,,
200707,-0.138239673,0.139904125,0.056120005,0.043668932,0.596355938,,,,,,,,,,,,,,,,,
200708,-0.138904435,0.130516482,0.052376431,-0.002640252,0.609036427,,,,,,,,,,,,,,,,,
200709,-0.269253505,0.142905266,0.076464782,-0.024822643,0.872646543,,,,,,,,,,,,,,,,,
200710,-0.469603549,0.124417609,0.077275003,-0.005426898,0.749209718,,,,,,,,,,,,,,,,,
200711,-0.502359106,0.057481276,0.052828365,0.055730696,0.581890613,,,,,,,,,,,,,,,,,
200712,-0.485902041,0.035295777,0.033430458,0.017927778,0.668932282,,,,,,,,,,,,,,,,,
200801,-0.512338017,-0.041502114,-0.070036496,0.072445803,0.611020217,,,,,,,,,,,,,,,,,
200802,-0.593414853,-0.054157604,-0.130659471,0.043062743,0.581917613,,,,,,,,,,,,,,,,,
200803,-0.505484704,-0.06908492,-0.120164965,0.012794513,0.559456719,,,,,,,,,,,,,,,,,
200804,-0.462163429,-0.065287344,-0.047881149,-0.040777789,0.511135104,,,,,,,,,,,,,,,,,
200805,-0.421060457,-0.085089702,-0.04993928,-0.005808835,0.453294451,,,,,,,,,,,,,,,,,
200806,-0.330981091,-0.148568198,-0.161617816,0.099280633,0.313480621,,,,,,,,,,,,,,,,,
200807,-0.249550813,-0.129110062,-0.182008287,0.011621349,0.279781079,,,,,,,,,,,,,,,,,
200808,-0.228658289,-0.129688804,-0.133890112,-0.010415372,0.272636184,,,,,,,,,,,,,,,,,
200809,-0.098377398,-0.236050434,-0.205671634,0.10166362,0.17107945,,,,,,,,,,,,,,,,,
200810,0.067299223,-0.3747499,-0.297268869,0.197487656,-0.078004397,,,,,,,,,,,,,,,,,
200811,0.200876585,-0.394898524,-0.326454386,0.075044085,-0.153052353,,,,,,,,,,,,,,,,,
200812,0.210699996,-0.384857937,-0.317116504,-0.013173513,-0.187666379,,,,,,,,,,,,,,,,,
200901,0.26257474,-0.40090675,-0.403950664,0.079145442,-0.26986288,,,,,,,,,,,,,,,,,
200902,0.407146028,-0.447562433,-0.475078193,0.108370638,-0.357966356,,,,,,,,,,,,,,,,,
200903,0.382326053,-0.396786875,-0.376664062,-0.091264425,-0.291544206,,,,,,,,,,,,,,,,,
200904,0.307205306,-0.370080615,-0.311327305,-0.104431845,-0.211767362,,,,,,,,,,,,,,,,,
200905,0.169953094,-0.343649581,-0.283505998,-0.07009382,-0.179837242,,,,,,,,,,,,,,,,,
200906,0.114368898,-0.28178125,-0.211804246,-0.021367509,-0.194172715,,,,,,,,,,,,,,,,,
200907,0.109362704,-0.220849311,0.019334194,-0.089550464,-0.103692408,,,,,,,,,,,,,,,,,
200908,0.027741579,-0.204399648,0.138779791,-0.054287487,-0.075726291,,,,,,,,,,,,,,,,,
200909,0.07656995,-0.093693199,0.170307224,-0.05676101,-0.051588939,,,,,,,,,,,,,,,,,
200910,0.132722816,0.069615484,0.254649586,-0.001125492,-0.083179968,,,,,,,,,,,,,,,,,
200911,0.074650891,0.222473891,0.490470555,-0.074401621,-0.066611576,,,,,,,,,,,,,,,,,
200912,0.120292862,0.234541932,0.3975961,-0.038853915,-0.079889762,,,,,,,,,,,,,,,,,
201001,0.180360988,0.300273648,0.230359414,0.030653977,-0.090919096,,,,,,,,,,,,,,,,,
201002,0.183702839,0.502523501,0.201655896,-0.035024679,-0.082344633,,,,,,,,,,,,,,,,,
201003,0.125522228,0.465689899,0.272059783,-0.06267764,-0.009452901,,,,,,,,,,,,,,,,,
201004,0.138967676,0.359620078,0.201735731,-0.012551612,0.025794182,,,,,,,,,,,,,,,,,
201005,0.210906436,0.185249255,0.067400208,0.091499617,-0.085681914,,,,,,,,,,,,,,,,,
201006,0.247868582,0.121165644,-0.024946078,0.059080055,-0.134824104,,,,,,,,,,,,,,,,,
201007,0.159644432,0.115566898,0.063125489,-0.059881019,-0.107423552,,,,,,,,,,,,,,,,,
201008,0.149788743,0.02812996,-0.042258792,0.054809972,-0.140126031,,,,,,,,,,,,,,,,,
201009,-0.008606859,0.079577705,0.023405973,-0.076150932,-0.07129662,,,,,,,,,,,,,,,,,
201010,0.057506732,0.141933429,0.101865216,-0.030139606,-0.019676722,,,,,,,,,,,,,,,,,
201011,0.054728158,0.077507918,0.068864363,0.00788706,-0.055166949,,,,,,,,,,,,,,,,,
201012,-3.18E-05,0.127827101,0.07542991,-0.056093802,0.007490247,,,,,,,,,,,,,,,,,
201101,0.020235208,0.197649622,0.083787678,-0.012076884,0.004718455,,,,,,,,,,,,,,,,,
201102,0.028565944,0.201658684,0.21829247,-0.021092241,0.036356254,,,,,,,,,,,,,,,,,
201103,0.06046533,0.133740369,0.286326901,0.011146487,0.023909736,,,,,,,,,,,,,,,,,
201104,0.024842669,0.149086956,0.237844953,-0.015120115,0.040439185,,,,,,,,,,,,,,,,,
201105,-0.026263687,0.234796817,0.28196087,0.026643831,0.059137541,,,,,,,,,,,,,,,,,
201106,0.030955208,0.281291537,0.157237995,0.031449375,0.039710282,,,,,,,,,,,,,,,,,
201107,0.065182524,0.173093682,0.092135287,0.03370138,0.012235051,,,,,,,,,,,,,,,,,
201108,0.143220618,0.161588823,0.032476388,0.072267664,-0.06513936,,,,,,,,,,,,,,,,,
201109,0.241634802,-0.008569926,-0.100362584,0.089423771,-0.153033649,,,,,,,,,,,,,,,,,
201110,0.119340374,0.059192401,-0.025518614,-0.082380044,-0.090453866,,,,,,,,,,,,,,,,,
201111,0.127254517,0.056253441,-0.060472265,0.021364755,-0.109714914,,,,,,,,,,,,,,,,,
201112,0.12580141,-3.18E-05,-0.051462103,0.007348232,-0.113304661,,,,,,,,,,,,,,,,,
201201,0.132339172,0.020441327,-0.037547393,-0.030546866,-0.087488875,,,,,,,,,,,,,,,,,
201202,0.103551722,0.028977864,0.015224502,-0.027884486,-0.029243258,,,,,,,,,,,,,,,,,
201203,0.108055554,0.062330766,0.066505634,-0.019290902,-0.008720071,,,,,,,,,,,,,,,,,
201204,0.133505461,0.02515382,0.081739252,0.01942613,-0.056976328,,,,,,,,,,,,,,,,,
201205,0.218754886,-0.025921796,0.075019075,0.079266124,-0.143922071,,,,,,,,,,,,,,,,,
201206,0.164849271,0.031439302,0.203938414,-0.026976219,-0.093916919,,,,,,,,,,,,,,,,,
201207,0.20060808,0.067353824,0.100550547,0.002320166,-0.052189628,,,,,,,,,,,,,,,,,
201208,0.149239217,0.153984363,0.128007314,-0.004935432,-0.04573301,,,,,,,,,,,,,,,,,
201209,0.154607704,0.273329091,0.145570929,-0.009492893,-0.056381202,,,,,,,,,,,,,,,,,
201210,0.218225518,0.126753371,0.076005212,0.039230848,-0.088564458,,,,,,,,,,,,,,,,,
201211,0.243046139,0.135706037,0.036977916,0.015432453,-0.043858109,,,,,,,,,,,,,,,,,
201212,0.259292206,0.134056934,0.012581028,0.010848403,-0.028719115,,,,,,,,,,,,,,,,,
201301,0.173863049,0.141495417,0.071678434,-0.039220532,0.086728809,,,,,,,,,,,,,,,,,
201302,0.20507655,0.109103157,0.155953081,-0.00189748,0.13831794,,,,,,,,,,,,,,,,,
201303,0.176629423,0.114109637,0.151986551,-0.025993052,0.186353671,,,,,,,,,,,,,,,,,
201304,0.164886912,0.142827507,0.158230142,-0.005994257,0.152988979,,,,,,,,,,,,,,,,,
201305,0.165148935,0.244526188,0.159365269,-0.008740112,0.164498208,,,,,,,,,,,,,,,,,
201306,0.199140867,0.179215364,0.114953459,0.027108565,0.25490625,,,,,,,,,,,,,,,,,
201307,0.135668389,0.222145695,0.193724507,-0.036269235,0.330090423,,,,,,,,,,,,,,,,,
201308,0.20443032,0.160950675,0.153080823,0.04394382,0.272943414,,,,,,,,,,,,,,,,,
201309,0.159479317,0.167199983,0.179050477,-0.018067142,0.441707535,,,,,,,,,,,,,,,,,
201310,0.138785734,0.24386755,0.172504022,-0.037235289,0.813202581,,,,,,,,,,,,,,,,,
201311,0.135359923,0.275127456,0.192205614,-0.021773973,1.014873248,,,,,,,,,,,,,,,,,
201312,0.1078731,0.296012453,0.177907073,-0.017517246,1.046343759,,,,,,,,,,,,,,,,,
201401,0.112571675,0.189892598,0.115813392,0.049101324,1.158412844,,,,,,,,,,,,,,,,,
201402,0.123797164,0.227619035,0.140249212,-0.030181394,1.529554204,,,,,,,,,,,,,,,,,
201403,0.099339778,0.193188843,0.165637373,0.004536903,1.346673017,,,,,,,,,,,,,,,,,
201404,0.101642793,0.179259751,0.117587039,0.004379949,1.158488102,,,,,,,,,,,,,,,,,
201405,0.09126738,0.179568785,0.177957954,-0.010316759,1.092793263,,,,,,,,,,,,,,,,,
201406,0.05115274,0.220353861,0.165728049,-0.008505976,1.132260801,,,,,,,,,,,,,,,,,
201407,0.085897153,0.145302035,0.099132385,0.025395761,0.955148459,,,,,,,,,,,,,,,,,
201408,-0.015691233,0.226825967,0.109402429,-0.026810522,0.962895103,,,,,,,,,,,,,,,,,
201409,-0.026854493,0.172900003,0.067048627,0.02565126,0.865790669,,,,,,,,,,,,,,,,,
201410,0.029928455,0.148877908,0.132088702,-0.014647474,0.947567531,,,,,,,,,,,,,,,,,
201411,0.006195822,0.144948804,0.111920191,-0.015993978,0.887096921,,,,,,,,,,,,,,,,,
201412,-0.007292542,0.113906382,0.099640023,0.01231893,0.84638149,,,,,,,,,,,,,,,,,
201501,-0.027827361,0.119152469,0.058939993,0.043927316,0.857757457,,,,,,,,,,,,,,,,,
201502,-0.085403133,0.131786281,0.094059483,-0.041237228,0.905404304,,,,,,,,,,,,,,,,,
201503,-0.003949002,0.104441501,0.054922126,0.029166798,0.768288824,,,,,,,,,,,,,,,,,
201504,-0.009737935,0.106987977,0.080200138,-0.000872408,0.757417691,,,,,,,,,,,,,,,,,
201505,-0.004966307,0.095561898,0.051922511,-0.002878262,0.934432399,,,,,,,,,,,,,,,,,
201506,0.017179787,0.052483637,0.046047995,0.029150181,1.001639646,,,,,,,,,,,,,,,,,
201507,0.032620533,0.089694251,0.042511335,-0.013343308,0.909803922,,,,,,,,,,,,,,,,,
201508,0.09602533,-0.015568767,-0.046131672,0.073266134,0.879465945,,,,,,,,,,,,,,,,,
201509,0.121588804,-0.026497118,-0.067448638,0.033386576,0.682465825,,,,,,,,,,,,,,,,,
201510,0.022252678,0.030380813,0.042290939,-0.070271097,0.757314538,,,,,,,,,,,,,,,,,
201511,0.055351315,0.006215055,-0.0114469,0.006325492,0.76223794,,,,,,,,,,,,,,,,,
201512,0.09107409,-0.007266016,-0.011581854,0.024751362,0.625218664,,,,,,,,,,,,,,,,,
201601,0.160868029,-0.027443747,-0.069656823,0.05739731,0.508599509,,,,,,,,,,,,,,,,,
201602,0.201528027,-0.081857923,-0.083117031,0.00789684,0.455847561,,,,,,,,,,,,,,,,,
201603,0.137233736,-0.003941215,-0.001633456,-0.058416451,0.553547589,,,,,,,,,,,,,,,,,
201604,0.143588144,-0.009690675,-0.018318884,0.001733467,0.514582615,,,,,,,,,,,,,,,,,
201605,0.139889449,-0.004953995,0.063265016,-0.010744355,0.558838834,,,,,,,,,,,,,,,,,
201606,0.143781299,0.017328208,0.09313917,0.003484469,0.589274897,,,,,,,,,,,,,,,,,
201607,0.127954822,0.033158415,0.045321637,-0.03028919,0.681988424,,,,,,,,,,,,,,,,,
201608,0.129721084,0.100786946,0.043520268,0.005449926,0.781087711,,,,,,,,,,,,,,,,,
201609,0.150075286,0.129289647,0.060828596,0.005447546,0.916414771,,,,,,,,,,,,,,,,,
201610,0.191637667,0.022502116,0.095818043,0.024906597,0.696441395,,,,,,,,,,,,,,,,,
201611,0.161747306,0.056911859,0.137964942,-0.028239296,0.763336434,,,,,,,,,,,,,,,,,
201612,0.177476211,0.095350157,0.086947867,-0.013016142,0.78024014,,,,,,,,,,,,,,,,,
201701,0.214407331,0.174529955,0.103408706,-0.012683823,0.736400972,,,,,,,,,,,,,,,,,
201702,0.138158118,0.223270522,0.127179952,-0.031092608,0.730742194,,,,,,,,,,,,,,,,,
201703,0.111294911,0.147096235,0.125715865,0.005313821,0.677508218,,,,,,,,,,,,,,,,,
201704,0.104959882,0.15440856,0.096889952,-0.003050428,0.705546137,,,,,,,,,,,,,,,,,
201705,0.114828366,0.150146642,0.110942214,-0.00553502,0.840605038,,,,,,,,,,,,,,,,,
201706,0.114856797,0.154631562,0.117669847,0.001120247,0.779093499,,,,,,,,,,,,,,,,,
201707,0.131080815,0.136501656,0.161865343,-0.012374755,0.790954963,,,,,,,,,,,,,,,,,
201708,0.160348794,0.13851079,0.124085301,0.006141781,0.75720542,,,,,,,,,,,,,,,,,
201709,0.145514943,0.161921716,0.125302055,-0.012418129,0.748741905,,,,,,,,,,,,,,,,,
201710,0.051639995,0.211231569,0.130060074,-0.016568653,0.823631883,,,,,,,,,,,,,,,,,
201711,0.065628662,0.175563146,0.093584471,0.00149681,0.825219958,,,,,,,,,,,,,,,,,
201712,-0.064402634,0.194199649,0.131581398,-0.028177549,0.874652045,,,,,,,,,,,,,,,,,
201801,-0.043317897,0.239127287,0.184384699,-0.046282778,0.884914993,,,,,,,,,,,,,,,,,
201802,0.025703811,0.14815708,0.125230119,0.048062275,0.791685372,,,,,,,,,,,,,,,,,
201803,0.070721866,0.117724487,0.089733062,0.035016836,0.682951077,,,,,,,,,,,,,,,,,
201804,0.106567091,0.110666052,0.071954823,0.00385233,0.657548652,,,,,,,,,,,,,,,,,
201805,0.017148,0.121680902,0.094519855,-0.014751037,0.658921717,,,,,,,,,,,,,,,,,
201806,0.078975606,0.121712793,0.078992284,0.001645726,0.69233882,,,,,,,,,,,,,,,,,
201807,0.056630393,0.140059912,0.093594433,-0.026258356,0.670664934,,,,,,,,,,,,,,,,,
201808,0.008558764,0.173920256,0.122514353,-0.020892589,0.776836072,,,,,,,,,,,,,,,,,
201809,0.021308898,0.156635018,0.089904661,0.004351595,0.732913086,,,,,,,,,,,,,,,,,
201810,0.113464066,0.052996591,-0.039687514,0.084222899,0.543796327,,,,,,,,,,,,,,,,,
201811,0.129242581,0.067830117,0.017075498,-0.008805853,0.528494138,,,,,,,,,,,,,,,,,
201812,0.253696609,-0.062372597,-0.050748428,0.110757919,0.356256357,,,,,,,,,,,,,,,,,
201901,0.176325038,-0.042393079,0.021166519,-0.066111084,0.516950056,,,,,,,,,,,,,,,,,
201902,0.059169924,0.026037003,0.029283584,-0.021762634,0.497480438,,,,,,,,,,,,,,,,,
201903,-0.092263387,0.073282668,0.042683667,-0.01047228,0.513827617,,,,,,,,,,,,,,,,,
201904,-0.011402827,0.112452559,0.045996684,-0.031169219,0.563645532,,,,,,,,,,,,,,,,,
201905,0.100924552,0.017295871,-0.051510932,0.077766118,0.430704367,,,,,,,,,,,,,,,,,
201906,0.052487614,0.082177923,0.009533353,-0.058100879,0.500721854,,,,,,,,,,,,,,,,,
201907,0.093081625,0.058264596,0.099065545,-0.006257206,0.543702445,,,,,,,,,,,,,,,,,
201908,0.179058035,0.008595495,0.060246289,0.025294102,0.460768605,,,,,,,,,,,,,,,,,
201909,0.122004691,0.021537553,0.187442408,-0.010306206,0.509281089,,,,,,,,,,,,,,,,,
201910,0.073723191,0.120151637,0.123316445,-0.014192744,0.50519561,,,,,,,,,,,,,,,,,
201911,0.142389348,0.13796614,0.128027035,-0.027206909,0.519172358,,,,,,,,,,,,,,,,,
201912,0.150649604,0.288780741,0.139846176,-0.022081163,0.569177716,,,,,,,,,,,,,,,,,
202001,0.141079904,0.192825709,0.094944379,0.00931316,0.616810109,,,,,,,,,,,,,,,,,
202002,0.254696324,0.060955507,0.073457701,0.100143401,0.403763364,,,,,,,,,,,,,,,,,
202003,0.429926902,-0.088135055,-0.121413712,0.151647381,0.249868223,,,,,,,,,,,,,,,,,
202004,0.361603327,-0.011338061,-0.022799106,-0.112054908,0.396507329,,,,,,,,,,,,,,,,,
202005,0.322788344,0.106193179,0.040270497,-0.042771331,0.444587855,,,,,,,,,,,,,,,,,
202006,0.326537803,0.053889508,0.041505136,-0.017491729,0.502726466,,,,,,,,,,,,,,,,,
202007,0.295394254,0.097551319,0.076890662,-0.056628833,0.554833067,,,,,,,,,,,,,,,,,
202008,0.256253202,0.196090157,0.114400601,-0.069840871,0.774843067,,,,,,,,,,,,,,,,,
202009,0.247533543,0.129759401,0.040925102,0.035946596,0.751535132,,,,,,,,,,,,,,,,,
202010,0.342447433,0.076508777,0.013777623,0.025118626,0.572580025,,,,,,,,,,,,,,,,,
202011,0.231932333,0.153025489,0.225917501,-0.100039468,0.740825126,,,,,,,,,,,,,,,,,
202012,0.238171947,0.16258922,0.453255642,-0.038939164,0.837661575,,,,,,,,,,,,,,,,,
