,US,AU,UK,Germany,France,Japan,Switzerland,India
1/01/2000,0.024502325349224953,0.06272709048785016,-0.047091864949036485,-0.10953324774444707,0.01615723140986659,-0.2548936740784718,0.09800748733087716,-0.26183101166011613
1/02/2000,0.06855438578950657,0.060031834078616196,-0.009776427000955011,-0.2168824571428707,-0.07860231879585361,-0.30835191210077006,0.1060460368584498,-0.2708041973937397
1/03/2000,-0.030735939038086784,0.013425032163667177,-0.13534431096652227,-0.3468882995697673,-0.19600452362598325,-0.2939844408190223,0.00027207430094674015,-0.318548350026617
1/04/2000,-0.06327523078597452,0.04811373196610464,-0.08914783593723878,-0.2725730970611658,-0.14185552493536766,-0.23478833199772786,-0.04383729163299605,-0.3444245091635877
1/05/2000,0.007752207227079499,0.10262384065411662,-0.05592191391222861,-0.22000513682648928,-0.11830878764823642,-0.15344356636256232,-0.025200872427177088,-0.16814528538169424
1/06/2000,-0.02928849561645279,0.07812332683381233,-0.11513401197769373,-0.24185057183724612,-0.1955136193916737,-0.1943571014057897,-0.060810345272686916,-0.30713111302116564
1/07/2000,-0.06186691008215134,0.02127929210254666,-0.163600680414942,-0.2672139363735628,-0.24882325655245446,-0.23800522304578417,-0.14561433118595507,-0.32826088078247895
1/08/2000,-0.09706817812707196,0.0107040006182788,-0.17448301814548692,-0.3200530043934254,-0.27729306209791543,-0.24006093555062166,-0.21718011163003395,-0.26896943041204274
1/09/2000,-0.19134491491590613,-0.059536732295080955,-0.2794188915674501,-0.48880483699758026,-0.452341537028665,-0.36141105994380474,-0.33280597093420905,-0.4150325681933805
1/10/2000,-0.15078382579057992,-0.020780715810796848,-0.2181624246774545,-0.39464288127240416,-0.36192169758318454,-0.2988315721589164,-0.29404508582803074,-0.26790967700065554
1/11/2000,-0.1151366827085297,0.0008326011545529134,-0.19339319607550984,-0.3159700833637229,-0.30162959607488615,-0.28083656715147004,-0.2734492287402226,-0.21424081691769442
1/12/2000,-0.10134872947860468,0.02982098386665847,-0.18427685814358985,-0.2352373296199671,-0.24749511350765085,-0.27216834745515867,-0.26063765592713234,-0.2065948156049037
1/01/2001,-0.11162398623409484,0.04356735080623692,-0.17658357484093323,-0.21823768946617084,-0.23354796606721812,-0.24745653083562863,-0.2550414958945528,-0.21559606879497048
1/02/2001,-0.12896407045785643,0.03794289451962442,-0.17682054996016003,-0.24489977625680734,-0.2426615221643473,-0.26116499300404306,-0.24944028979496735,-0.20007523094382182
1/03/2001,-0.0045112094285382175,0.05589677246708264,-0.08395393694886445,-0.10182764983028864,-0.10452621629604575,-0.13302535018527797,-0.1201407526094882,-0.0660576629282587
1/04/2001,-0.032209274044952135,0.035217708723622995,-0.10184003270967111,-0.11792653478306472,-0.13182719507418109,-0.1930168207777921,-0.09116666687696418,-0.012028457273289713
1/05/2001,-0.11278467977503348,-0.006222333340489635,-0.12840588531368982,-0.19301099055601817,-0.2047378726418067,-0.2231471479368012,-0.1479617825445525,-0.08836274154344298
1/06/2001,-0.14748199200461648,-0.037293632246673515,-0.18788461548807028,-0.26756852388965835,-0.25379736948493087,-0.19934994532766373,-0.20112528860912027,-0.05436818198431226
1/07/2001,-0.23104400472526648,-0.06973735022655746,-0.2537773066689615,-0.3268502103411175,-0.3175390706323645,-0.19859976837605148,-0.2572012306330145,-0.04023861770538914
1/08/2001,-0.20626761813528036,-0.07569833265015175,-0.24508786325719234,-0.3478467701147712,-0.3294747342647392,-0.20556887881893235,-0.24915887809392728,-0.0799956772029548
1/09/2001,-0.1548568491265141,-0.004516071655801414,-0.21120450449264674,-0.2830188893268224,-0.2459343121916722,-0.12085388192947699,-0.18502870318284567,0.05579085821068405
1/10/2001,-0.1898558834338258,-0.06729936554875948,-0.242878425044987,-0.4017992481537799,-0.3162525135171288,-0.2086411018357878,-0.22702131839462603,0.00718156141581965
1/11/2001,-0.17431969867295205,-0.09262102773271774,-0.24526998931655242,-0.39371827901805906,-0.30530716693170784,-0.2044934807490305,-0.23374245666350246,-0.03728903393880828
1/12/2001,-0.19456546248585974,-0.10774088820397308,-0.27168040028376067,-0.453604924480623,-0.33417823406863345,-0.18541406267057256,-0.2649907091417411,0.0014177001966849997
1/01/2002,-0.1963196377694897,-0.12047758297983843,-0.3138306065358458,-0.5264419471667784,-0.3649211065140059,-0.16963159920608428,-0.2982955824499177,-0.00767851775450567
1/02/2002,-0.23996668116396705,-0.18751284290472253,-0.3414244226381937,-0.5935222961017633,-0.40965053965879694,-0.14083723237109624,-0.38440340699366154,-0.07387874901759205
1/03/2002,-0.29606094178274783,-0.20280710601822274,-0.36745275393247556,-0.7019571146511006,-0.5149079299259965,-0.3013223245286399,-0.4669339518566596,-0.12675512068065697
1/04/2002,-0.22144379299040026,-0.13306427739645107,-0.2983983318848304,-0.5772739812215595,-0.44219294617806515,-0.31497430793034026,-0.390815519454179,-0.12465772466503539
1/05/2002,-0.14421794951554145,-0.12313921504702402,-0.259853180820666,-0.49764327548011816,-0.37735342183317505,-0.29790757766525316,-0.3608223816886507,-0.08666523124376632
1/06/2002,-0.03042207354774353,-0.07198622038823944,-0.14606937091265587,-0.32641404347647324,-0.228479041112789,-0.1837442316198172,-0.22411851485461068,0.039096524354098605
1/07/2002,0.07748304826430827,-0.023741467104639452,-0.03823644429388077,-0.1851316605058009,-0.09888631034916323,-0.05579591137012547,-0.0923169102246747,0.1311670023212805
1/08/2002,0.07056678521371787,0.014346221655634742,-0.018949446837529374,-0.07177366237969306,-0.03434236171337839,0.009718010722703901,-0.03088239855296098,0.2643731987735775
1/09/2002,0.14019221568565862,0.036555694269151784,0.06796086300975132,0.07397812778765535,0.08780978624375099,0.1255148314195131,0.07798435049670865,0.33525208583674065
1/10/2002,0.1924072598751474,0.08635608159788626,0.07789292299442672,0.15354393325368115,0.1290379635116264,0.200091985248318,0.09229784187326436,0.47067840169773834
1/11/2002,0.1591254948189884,0.060751079967889005,0.05854840344121892,0.13438184201784598,0.08577038661982596,0.16196491394696846,0.06639296007781925,0.4828104390716021
1/12/2002,0.2081132807864403,0.07149317581331985,0.10759496428727719,0.21168955851723886,0.12553539733507876,0.1792176487707552,0.1228304535051289,0.4934782619410384
1/01/2003,0.2610602355423405,0.08422067541834508,0.16433685039409024,0.31125467502928794,0.190826371740234,0.2245173102993383,0.20159547905149056,0.5807693521269592
1/02/2003,0.34091142850843886,0.14761782292720826,0.19829958358465066,0.417076478927701,0.2874648354648906,0.2159353918798919,0.33330544314545785,0.5743188644371796
1/03/2003,0.3305404083050279,0.19353440462666288,0.20075506933939638,0.43124950613558716,0.3281764497523368,0.34912150844056655,0.35098702830819867,0.5802297909878611
1/04/2003,0.282384206160495,0.14986881380843078,0.1549527065645899,0.34914776614838755,0.2849325134888396,0.4181949228165736,0.2755592868123491,0.6514887259601645
1/05/2003,0.19048900836719432,0.13136093411991442,0.1108625141802385,0.2661552257841283,0.2159181176565614,0.3158762544643446,0.23881726902798628,0.5409486248694493
1/06/2003,0.15943173465577426,0.13303229485476967,0.08347005871257122,0.21695546173278127,0.18607040943671274,0.27608747281491414,0.1798478902093207,0.35366258767662445
1/07/2003,0.14681260244062508,0.13886903973204479,0.06721258617937091,0.14745613690942344,0.1595338876230804,0.18951925145061205,0.1361808179838686,0.30504361675736796
1/08/2003,0.12955561011209787,0.10703207139090874,0.048000893147418025,0.07846997139341252,0.10656158078015751,0.143486683855772,0.07448149584786506,0.2577968261230597
1/09/2003,0.13123939002193702,0.12131603676191904,0.07411101986351636,0.09357999548303485,0.10416236175333249,0.07701954706017956,0.060930058094263065,0.22866176445454583
1/10/2003,0.11445861211556797,0.1308110874883964,0.07944109760990131,0.10732160984166776,0.11255757285889177,0.042889035626093495,0.05877375006855868,0.18622696757297524
1/11/2003,0.14626146462626918,0.1862530297108085,0.08686974958743238,0.08263706483592702,0.10626653599264158,0.08894214786014329,0.06434435153314412,0.18635063347512554
1/12/2003,0.13307571690733241,0.20593997756542753,0.07743045435288454,0.07275298341381795,0.09343099479199944,0.09481866501763307,0.0504214410571345,0.16263748008484624
1/01/2004,0.07249454308862215,0.2073605499650872,0.07637612616562085,0.034590669372061976,0.07683582296674131,0.07665659404042065,0.02721784064866566,0.05659646206902292
1/02/2004,0.08364518420850033,0.22618600837968114,0.1178809597078009,0.05533631291889803,0.09497917991410099,0.10450235049752712,0.02005501719892728,0.12498642198308663
1/03/2004,0.10040003671716709,0.207665292081722,0.10892270170291862,0.09075457175137275,0.11484949463283937,0.04692749037743013,0.05326478237469553,0.17075668033352762
1/04/2004,0.0694220711127699,0.16785186022601312,0.07974661814301946,0.04903699484774827,0.08604582625426525,-0.03765288957493591,0.03487203002116199,0.0928322567035421
1/05/2004,0.1071630142373409,0.17177257897641107,0.10072382192760009,0.09160526892274425,0.12439663641653022,0.008635503275702063,0.05799109260890179,0.21958019868667072
1/06/2004,0.10024598189969118,0.1918683103070613,0.12019772425437869,0.11860984660695387,0.14190404907043191,0.0005262702245963317,0.09707758579750791,0.36282209942334914
1/07/2004,0.13533518116363175,0.19991527019562275,0.1809475961903161,0.18029686780211926,0.19833311958643166,0.03672881080014789,0.15532193659990018,0.39063233338283926
1/08/2004,0.16372403966891147,0.23158916474671196,0.1903397176900413,0.2471971213820453,0.23646054444548517,0.10775187148266578,0.2055151381101112,0.40696579921773396
1/09/2004,0.1463183501261275,0.227788080977544,0.16753536164541893,0.22553599198255725,0.22346291631808185,0.17312175612036584,0.20771007812629425,0.42042535205515613
1/10/2004,0.10939624814405427,0.1808955181514378,0.1305440193616671,0.20981105754812127,0.20965022521405854,0.23141389854333533,0.24514913343428657,0.36891315936597363
1/11/2004,0.09029792920660219,0.17229073401965966,0.14020490792248907,0.20157166637146337,0.19900023027626954,0.3127530375537992,0.2730050682264924,0.3531692165696667
1/12/2004,0.08741999847735658,0.15901002830216546,0.1557658866147756,0.22056201892226757,0.2306646906395525,0.37095653531340883,0.2908973825168538,0.3597375225465833
1/01/2005,0.12496532059780074,0.1747244329498059,0.16768534166056695,0.2434763004414942,0.24172659235974514,0.3689910046702848,0.2959390191603406,0.4160702482044884
1/02/2005,0.1051309286756897,0.1602633381955422,0.14977969864894708,0.2722883796034798,0.23465832107208012,0.35457838135218633,0.2919081371861184,0.425009240307812
1/03/2005,0.11736336428592539,0.17058504704393052,0.18041988473156573,0.2895902638473371,0.24788958403554556,0.33458454612366956,0.29307227941955494,0.48713577397198515
1/04/2005,0.1646898645531457,0.2515978368952992,0.21362578482765787,0.32880724988866106,0.2726689805758138,0.41103642829964526,0.30666806945812664,0.6056801058978392
1/05/2005,0.16225498588754747,0.2519630900894919,0.17219143519098834,0.2990270108004908,0.24606854684172189,0.38570830392949496,0.2691744756004121,0.5827487105495487
1/06/2005,0.09816124243446121,0.15856763548345507,0.11539943305864478,0.17409866325361287,0.14839010688009963,0.2792496863697555,0.18276935361348015,0.3574515876843057
1/07/2005,0.09406461906528399,0.15384948533301393,0.10960984999441786,0.15276020410156813,0.13161170189297508,0.26330792200444547,0.18474476314459762,0.36217366617381175
1/08/2005,0.10301402058700554,0.12203606891674088,0.10207354801932302,0.14749267756791978,0.14154034020631043,0.2547128316617854,0.19572416837593581,0.3804507121091203
1/09/2005,0.10075246819782799,0.10856379304277781,0.08927088901028586,0.15836257362048425,0.14469840827807146,0.18133649739475394,0.20502800821872247,0.3767523475578847
1/10/2005,0.1598201712101183,0.17271394800768688,0.14214129159464914,0.20360070787421142,0.18573995773615856,0.15605536661578467,0.22063721944849907,0.4270543842644528
1/11/2005,0.15438940544376809,0.16820202358118583,0.12221686180413469,0.20971462904174645,0.19306313135199232,0.049000213936315026,0.18498687633879032,0.4574762718358075
1/12/2005,0.1541777406408778,0.17278890791925788,0.10614513756545425,0.18714304812227744,0.16326292279458593,0.02091696653683087,0.1592474380792785,0.3965301413632832
1/01/2006,0.13286665639809817,0.1585141656319123,0.08882097239850162,0.18734385442841725,0.15766285538539002,0.02873438567439425,0.17414639964091433,0.38323301165909635
1/02/2006,0.15008583312302046,0.19625996366210313,0.0914336557440985,0.17113458475282833,0.148636671662317,0.0650645744852071,0.17798569376450135,0.3386219911078681
1/03/2006,0.10953229161949464,0.16424039177192148,0.04396279505966827,0.12362981074883397,0.08792920022142371,0.02696057342518717,0.12549395706673028,0.1702974485146839
1/04/2006,0.1348453141520825,0.16018786050592365,0.06072981777245878,0.17208169327148168,0.1292407275021574,-0.017936365583502638,0.1563279352137553,0.1394455451065855
1/05/2006,0.1628716150692362,0.1950945480048172,0.11604172152857514,0.23853922317677204,0.184525261835902,0.03249477015053336,0.20367846666454323,0.19654519707170207
1/06/2006,0.21459089056120473,0.23823242948283932,0.15191542201151323,0.3397050263635741,0.23797528019907965,0.14299995009099803,0.23948522574190087,0.3688071629892211
1/07/2006,0.20817933981168996,0.2293890460857376,0.11763083765236577,0.32836094810024546,0.20699687094535124,0.13040378229886437,0.19437817907880203,0.367999900172687
1/08/2006,0.12936419520516806,0.18235304543538022,0.049993563238892764,0.23961115803001834,0.10038976084451451,0.0026871101549018027,0.10759937501521934,0.268584090907128
1/09/2006,0.15263060768165482,0.2241143094123817,0.07339492955774367,0.23533360567358572,0.09105214938294146,-0.024121035853000825,0.08539951933065826,0.28758432945123846
1/10/2006,0.1607154783823983,0.234660524661977,0.07844721806089902,0.23415330612644053,0.09109989840474175,-0.008598035523621901,0.07098932892405675,0.3794986440732884
1/11/2006,0.09318605801355298,0.18230238437908286,0.025194931653334515,0.16701271399128065,0.026575443661153466,-0.0512150668348193,-0.001870867102620628,0.3615741728405115
1/12/2006,0.07647187974862117,0.1485724290606374,0.041626964549569184,0.16737719825824762,0.02313795148430428,-0.08871574226653162,0.0018690261818982276,0.37392437819916746
1/01/2007,0.00448143995349442,0.03813502734380601,-0.030497060566383738,0.049043347412633435,-0.09196008246620184,-0.22703153345829638,-0.12433199530933384,0.3224951963197457
1/02/2007,-0.03395922743584782,-0.050862580486735705,-0.07378335196235096,-0.04287709927081773,-0.1704235779969932,-0.28534220209092687,-0.19275289260456469,0.22516868010033717
1/03/2007,-0.03880675014985443,-0.10938611475509948,-0.0922191654988471,-0.07483056129430767,-0.18335812083367892,-0.3326132219584788,-0.2074483167156963,0.20458669077242944
1/04/2007,-0.04013795146875411,-0.10487652723413697,-0.07041644732812588,-0.10702495116303273,-0.18598795232374918,-0.2786408624649073,-0.2165673167027261,0.19094974226986916
1/05/2007,-0.04171272498503368,-0.08797221414483503,-0.06074998319775317,-0.10774130855873196,-0.1912653215067391,-0.22607490510917064,-0.2116549873924951,0.18381278779603727
1/06/2007,-0.09534171466914941,-0.15327464826938722,-0.13265622505646665,-0.18834030217154377,-0.25700729247625914,-0.24748947644993222,-0.2416841593360945,0.04521346716711405
1/07/2007,-0.16957667507395716,-0.23923272327844847,-0.19947949043038685,-0.2613655698767279,-0.3393351992159398,-0.3137569035705374,-0.2875937175106229,-0.10622700931855772
1/08/2007,-0.12128099277363591,-0.19015439702853262,-0.12233309403882452,-0.19021914338572848,-0.2348817399641386,-0.2529880967128465,-0.19758316473391765,-0.00450416219405834
1/09/2007,-0.21118939591257355,-0.25732634794552317,-0.19295168960043507,-0.2624034480586195,-0.28670709018546175,-0.2913423865477466,-0.2358824223062271,-0.1368943361637226
1/10/2007,-0.5051330882505901,-0.4625953941091567,-0.4325287210215267,-0.5387041880868048,-0.5245978489186143,-0.5771703141286347,-0.4131291667688598,-0.5516303519382801
1/11/2007,-0.5648521352347998,-0.5419114316758544,-0.4037583645269816,-0.5714557144015064,-0.5385410244236203,-0.5626132691598146,-0.4109744645961033,-0.7133990216124613
1/12/2007,-0.5743455007057389,-0.5833174887177853,-0.4111824333186498,-0.6217831571830361,-0.5754281273704255,-0.5965543482331614,-0.45181664842689784,-0.7341577501604001
1/01/2008,-0.514213478969508,-0.4966475325075338,-0.34400868680478536,-0.5474543579223743,-0.5079720743831984,-0.49813006486047046,-0.3794838060840735,-0.7281522349051046
1/02/2008,-0.5802481346736691,-0.49394119290795724,-0.372000789969138,-0.558088831369987,-0.5118768900245128,-0.5530765370190931,-0.4235138792005333,-0.6590958069369367
1/03/2008,-0.6157474045333622,-0.438876188900797,-0.40877062959924626,-0.5739023207685644,-0.5341847799253069,-0.4833570788299436,-0.43589488412934285,-0.571230568272187
1/04/2008,-0.5411361031376346,-0.39897077503747636,-0.39428245122760686,-0.4824897372114307,-0.48800003972941003,-0.44447286500531963,-0.3833810766362317,-0.4020809868447684
1/05/2008,-0.4816901233767745,-0.4113098290748796,-0.34370903956448573,-0.4593355298924588,-0.43940901756478085,-0.44870745366401127,-0.34688446474797424,-0.26975971720718017
1/06/2008,-0.4075245887936492,-0.31769310768731,-0.28410317664368967,-0.40143440179116285,-0.36574750354896185,-0.40429608736917655,-0.2982137663900295,-0.014426777787202904
1/07/2008,-0.33740530514596356,-0.22716726533214338,-0.2060054166777276,-0.32844656597589467,-0.28382575831311996,-0.3560920227893235,-0.21588386053843686,0.06485285466148623
1/08/2008,-0.24011545435284704,-0.12769178879100987,-0.13797490666568019,-0.250864610841117,-0.21404759904207754,-0.26046636878574553,-0.1730452971907997,0.045960987614807255
1/09/2008,-0.146557374978943,-0.061378688323826806,-0.03869425572733928,-0.1598872638550855,-0.11475511439127063,-0.21866351883193683,-0.11066827230238598,0.15705982134409938
1/10/2008,0.13069976008386672,0.11986059088053384,0.18673346675249652,0.09358164702630456,0.10304188886289267,-0.0167376336236206,0.053793284823689856,0.4608730356496207
1/11/2008,0.2482758250476899,0.2093550546329547,0.21598582566089647,0.15326359753242208,0.14969424754175636,-7.016828151776248e-05,0.10891611197271596,0.5676081615379714
1/12/2008,0.26098211278980976,0.27392927483298074,0.22034082720657294,0.21608531148490423,0.2041195823261027,0.07460717451046392,0.16571024521914268,0.5885180352055994
1/01/2009,0.28003287115799613,0.29842001415633007,0.2325651293506696,0.23301255251359076,0.24681943053328506,0.12533150307648355,0.19200568517447697,0.614373935515882
1/02/2009,0.3181351353152694,0.28962325639798514,0.25011123892310255,0.25033523678100067,0.2517758050282157,0.16070320046392347,0.27062283315773944,0.5687192278123073
1/03/2009,0.4387030616407161,0.35296129849764796,0.4020330666881621,0.3886129546827018,0.38037543203262,0.2139857057424875,0.3871066162935097,0.6607959863495174
1/04/2009,0.3534748946827842,0.2817899388808302,0.3480777302806696,0.29972616454279083,0.29756987328809337,0.17135221272177645,0.3009663057834086,0.48504893798366044
1/05/2009,0.18430518527725048,0.161937185172938,0.17749656343239673,0.1833701345314008,0.11894994090086976,0.04614182153684488,0.1673639408213359,0.2615480576071867
1/06/2009,0.12280529163825066,0.12328969528963973,0.16694294472103285,0.1916258716685438,0.11608503663167921,-0.053238678142792255,0.15565743141474855,0.15724996324812107
1/07/2009,0.1221720242173042,0.10247753136863963,0.16483224507716343,0.18554027348719937,0.11968146846169105,-0.06404222718802825,0.1046306883092696,0.1984529836870577
1/08/2009,0.05114055582278241,0.020797264437931545,0.10230522940004265,0.10718587095230214,0.041332866221183075,-0.1412649243624678,0.03615871908172051,0.16482979825200048
1/09/2009,0.04499575402888374,-0.0005062289418060738,0.09135900457289267,0.08457187011058417,0.016213392198273644,-0.11238488309723502,0.018979716645747418,0.16591354316509346
1/10/2009,0.06856204354651962,-0.01863923688709738,0.09704751450404497,0.10250237717047539,0.025053096470008713,-0.07846706755429958,0.016577947206308178,0.1838695397171085
1/11/2009,0.07086402364310698,0.0003137605663508446,0.08971794734744536,0.1573153899588054,0.04316427619280273,-0.0077794248991690735,0.032688796737041025,0.18922423967264967
1/12/2009,0.08930839438727727,0.005802717924926033,0.10063502785962851,0.16378564655650413,0.03326315729119467,0.001386042466097638,0.017954614176836352,0.1520825132851372
1/01/2010,0.1093293370328921,-0.013990595414768096,0.09787531760253848,0.16638457179001323,0.039130084904896195,-0.012668019847075253,0.006819020886903359,0.1110677666317377
1/02/2010,0.18519409371073411,0.05795491967436191,0.14046845034822486,0.2456149728935468,0.12360523552837421,0.05699667482961058,0.02658553203769361,0.107661413171874
1/03/2010,0.11853109517298444,-0.022936718249732212,0.04110908673903996,0.13662564418025935,0.029182402724536354,-0.06185281529792318,-0.06687604069914398,0.06637081113187769
1/04/2010,0.10800804084252984,-0.0059995167585952,0.04924334469259824,0.13034450902784656,0.03169658246533471,-0.15633951359446288,-0.053270439326371356,0.09560986833928478
1/05/2010,0.18392223776793035,0.046398562891226736,0.12663746779109183,0.1906506196892798,0.13291152774933784,-0.08854039620350765,0.02898590847141289,0.08426481721729044
1/06/2010,0.18077011786666047,0.019550737592514314,0.11956458782198287,0.149017297525378,0.10076667508302133,-0.061026790313206576,-0.015344231219242312,0.05231785394128239
1/07/2010,0.1989321735927244,0.033621549180791084,0.1359891161368711,0.16783845498243005,0.09736344732558024,0.01713386447048925,-0.017903572201512664,0.042161445031953695
1/08/2010,0.058914900134937734,-0.057556503446363656,-0.002054794472208591,-0.04592232277043435,-0.09074330509001752,-0.06918041568323773,-0.1720431726145779,-0.07424028553340721
1/09/2010,-0.005411330400612121,-0.12136515809546024,-0.05327466138671347,-0.14875601885151643,-0.18611047089283314,-0.10522649305776131,-0.16540928356192067,-0.14649353902572707
1/10/2010,-0.030822417448338368,-0.10891195158280739,-0.05021880292980024,-0.11453163739927186,-0.1662881155684183,-0.0986358355493131,-0.13224208250236694,-0.18700409356834857
1/11/2010,-0.037199503322580846,-0.10827566390244013,-0.059608910271628214,-0.16656154183097957,-0.21049662363724683,-0.15101449596734956,-0.16651344730614892,-0.1838175449421571
1/12/2010,-0.05702809424001632,-0.12852095895757248,-0.06999556627691796,-0.20379084346414658,-0.20802538905068088,-0.20115243359277785,-0.14118106621223986,-0.2194801961002278
1/01/2011,-0.04757681050322538,-0.12749217249920844,-0.04792522326353425,-0.14600649762939402,-0.18347424937638782,-0.21814927952150434,-0.10198632289683603,-0.16062475891896952
1/02/2011,-0.035949834852967,-0.13320811782238834,-0.02142388449650325,-0.10116567784643477,-0.15663163682147474,-0.1711311358076372,-0.09103674389321646,-0.009958145140987877
1/03/2011,-0.01314246997029879,-0.1011161258941177,0.003151950452442116,-0.03292254778364043,-0.1014887960922353,-0.03474034622652049,-0.04039057989004651,-0.059312306652359384
1/04/2011,-0.05168651791750072,-0.12086247986631211,-0.04881349708717274,-0.10007795876239985,-0.18567432615607274,-0.033078196149876025,-0.06675563923606927,-0.1172689658434063
1/05/2011,-0.08779378629745757,-0.1124984454260656,-0.08312757789385473,-0.15474588341922926,-0.23420033271310903,-0.11513172150456498,-0.11255680860111072,-0.1087960374354146
1/06/2011,-0.07067489282954056,-0.11090232398619576,-0.059156989215914516,-0.17523695110240559,-0.2160248053972542,-0.11440837259692224,-0.0677587000274478,-0.08537961584294998
1/07/2011,-0.06481251531855504,-0.09093056884536535,-0.047355625454442545,-0.13803348206923724,-0.16298626229989502,-0.1435877765739017,0.009129182175905045,-0.07854174328469014
1/08/2011,0.08723757520803896,0.0239105417686429,0.09606662753026465,0.12038317662159632,0.06846557313648455,-0.03928588844841224,0.1823275953201068,0.041695463302824705
1/09/2011,0.15121037521295166,0.06765789778991586,0.10467098137298773,0.24619556830421907,0.15209324467194674,-0.014264858871732795,0.16879056160972686,0.08431937595489972
1/10/2011,0.13292989591988694,0.07314679856211335,0.0753333864548902,0.1800601897946389,0.09521123662280952,-0.01835619881456994,0.14280464035782064,0.10871688852116716
1/11/2011,0.1035703730751629,0.05527697934173896,0.0688383530098323,0.18222200193830804,0.14055698997778068,0.03278820489534342,0.16308885019642522,0.10969239403034788
1/12/2011,0.12231364775889007,0.09567388347462812,0.07763890932757939,0.22331517206018783,0.1717564981505763,0.107455085479865,0.16048843519867595,0.19071797203458077
1/01/2012,0.12482716960904279,0.12729882798849218,0.07800036947048049,0.179656202506862,0.14668300261314027,0.18785444333604837,0.16713899677231336,0.19134703355153265
1/02/2012,0.09732833756135344,0.15885337953590656,0.06931866338256763,0.10072496696378597,0.08613708457247965,0.18404658045213437,0.17558382606009282,0.08610667438279344
1/03/2012,0.10176303669030055,0.16736810554951828,0.09089216955812586,0.10495703740422029,0.08992277294525519,0.19007859831257162,0.20225127028137457,0.09417931204898289
1/04/2012,0.1223733956562006,0.1430432677588867,0.10563791177043694,0.112532184039626,0.13760771048747053,0.3091685718533508,0.2130801702343783,0.08495522617583788
1/05/2012,0.20301006981911246,0.1952311025247276,0.19418715544202636,0.2211561274913193,0.243427668738908,0.4699153186898745,0.2959330869783393,0.1932806086793007
1/06/2012,0.19738519181586472,0.1610976359221385,0.14310744710307804,0.23894508198550904,0.21840537234123641,0.3960508771592256,0.24409514596329795,0.1335903760186713
1/07/2012,0.1952895987826147,0.17498808966751475,0.14528657267126624,0.19481882486410157,0.19621851873328477,0.46492542234655665,0.2269231197961049,0.1356096886643
1/08/2012,0.17003882807751314,0.1672481274447446,0.11771571332837322,0.16505910997808126,0.17565326984488228,0.4251482035908254,0.20292258815684933,0.05991040837094147
1/09/2012,0.15181320224466835,0.18156777562523324,0.12102989491901431,0.14352175847421475,0.17456652543711842,0.4678268690235076,0.20264539721115765,0.07668516951893023
1/10/2012,0.17192866968776427,0.16266122061516544,0.11948167079523185,0.17247771025276312,0.21295203085160946,0.4791649224323982,0.19055010016652393,0.0882688873940874
1/11/2012,0.21767037020779462,0.19155495794694521,0.14555556788618187,0.21764302388925233,0.2199802084559125,0.4816749902258174,0.21435676494259598,0.09917458634750521
1/12/2012,0.193093365623547,0.12806164350743568,0.10534046079051315,0.18219390025609392,0.15094532751672804,0.43307121928217573,0.1603312223081147,0.08018677586752769
1/01/2013,0.15833233161497293,0.10346921118303859,0.0880293050251638,0.1847577859784339,0.1460674745341767,0.3568022002488724,0.1457635350659337,0.05237953939246502
1/02/2013,0.134733775672045,0.0610361269647717,0.05792516663511283,0.18803897989568888,0.1655777020794272,0.22310196031108698,0.11974188908177427,0.054046404373985855
1/03/2013,0.1413412866417558,0.06509733789113216,0.03019335321306822,0.14363366901179053,0.15232371338150957,0.14369461089397945,0.08274601641224637,0.13247132209742546
1/04/2013,0.14512605325204644,0.08667179682289788,0.04399757290637131,0.1779148762782002,0.18843615145338274,0.05080283747795252,0.09632354942516189,0.18094398488504965
1/05/2013,0.12037611627932698,0.06784590084529277,0.02837777699867777,0.13464220859789602,0.14252373134392685,-0.01996391445239536,0.07154278330567737,0.17208895279040035
1/06/2013,0.16957692607606722,0.13019963427411338,0.07709708840789942,0.18257894707012795,0.19194469819273516,0.13441445483602557,0.13769964459982487,0.27668671824177943
1/07/2013,0.1505390676117653,0.11209646655644039,0.03825482566962342,0.1525341701268318,0.13457421142627424,0.07117821395457308,0.0986387364820483,0.2667445006788172
1/08/2013,0.1323419049820806,0.08748469987472215,0.02947924908061515,0.07806298082780248,0.06267312888485796,0.10442590287115909,0.07598793440600655,0.33395050032644397
1/09/2013,0.12768152300238592,0.04718691072449941,0.03381992316778045,0.09309149897306782,0.08073270761393116,0.10190751827400489,0.10194562073993137,0.31646644793524453
1/10/2013,0.062088506717026294,0.008038951979063484,-0.02516511102050788,-0.009314462669447243,-0.014114457670348383,0.052935554591632294,0.05898594840757662,0.2636933448001964
1/11/2013,0.07734291657850821,0.01170199517459782,-0.007527183768440574,0.0066942742125037655,0.006054435413558259,0.1249318525241456,0.08270520760841235,0.309876130081556
1/12/2013,0.06400633048976098,0.01823826214091101,-0.0054095410453437135,0.03080298090457564,0.03393344941201116,0.11594364117053015,0.11509509364535113,0.2757500199350531
1/01/2014,0.04179666136524185,0.026708408479437992,-0.015530121332733184,0.03781262851891078,0.04142109888475313,0.08296450456148716,0.03440927992172788,0.29993879402521345
1/02/2014,0.07484169894534454,0.0946170481239054,0.027338220574607056,0.11768513925581806,0.11180700891265924,0.19487769275800998,0.04662020455199405,0.342680198913329
1/03/2014,0.047224869857129405,0.09089054755776858,0.03741426926817948,0.20115116749066525,0.1455209723843364,0.2680812552723359,0.09713279441202428,0.27005499050401766
1/04/2014,0.053333763333760165,0.07964158604238421,0.050809516961111474,0.20466388741933064,0.15567159081417495,0.30773866437713293,0.09909482168990162,0.22120167603365898
1/05/2014,0.045859052106848715,0.04121916004096079,0.021842518153812232,0.15784845449387705,0.1282309306277869,0.32125362510833944,0.06636955384558703,0.14592505133699235
1/06/2014,0.010028381086945265,0.021975186496051253,-0.0031117291852450894,0.10275762023177933,0.09290716938764328,0.28230740613234767,0.042173619141650014,0.07302317844259731
1/07/2014,-0.011571159889896562,0.010730930714240708,-0.018693931841700005,0.12893652753150842,0.13137942279246728,0.25064498919557837,0.06738199759599475,0.0849056500693935
1/08/2014,-0.028859791669201322,-0.03637215364487173,-0.04090753218650431,0.1430872923431164,0.14493739545078813,0.23826420685240085,0.0760048395998511,0.04859784323749267
1/09/2014,-0.09376244573976328,-0.07691176440046585,-0.10743397712611531,0.03351454847030259,0.033544636093145924,0.10271871924604813,-0.013919812362022253,-0.04508090486959085
1/10/2014,-0.014086416171776058,-0.017560503663232536,-0.010637378510492668,0.1254273210186515,0.1406600055907329,0.183873317928895,0.03442773097493474,0.013589236537994012
1/11/2014,-0.04602152851258755,-0.04884278392594775,-0.05208798394257081,0.13325520579411088,0.14572675982350533,0.1333290752169219,0.008829572406561292,-0.07844853434601967
1/12/2014,-0.059153630294836806,-0.03304083624993029,-0.059477411348653364,0.07651268302099119,0.09712082584262949,0.09387474861846284,-0.01886212128605195,-0.07397443892591765
1/01/2015,-0.1149921815845295,-0.0831752505188023,-0.10766082297067461,-0.03220665720606469,0.0009767523817502555,0.021283364517643837,-0.016173956945737315,-0.13230534350006612
1/02/2015,-0.1524761818798438,-0.17348391178310033,-0.15655224208181512,-0.16991389480777414,-0.12320731516324696,-0.09907560051957963,-0.08430915075545566,-0.20029801245709297
1/03/2015,-0.08208933092292225,-0.1426169190801615,-0.11231951541534213,-0.17947808187482756,-0.11616482739546719,-0.13491600774948118,-0.12047192360460719,-0.1399281538216703
1/04/2015,-0.06990147263821224,-0.14548674069756404,-0.10927796886467543,-0.17824090653805744,-0.13971673908271182,-0.17574377018449797,-0.12633935497753468,-0.10042883722055591
1/05/2015,-0.07527008774511582,-0.06585288884354648,-0.12344477830885718,-0.15215435292070814,-0.13498333315290975,-0.19782664970905442,-0.11005032832890622,-0.0645438780588375
1/06/2015,-0.05620793977483647,-0.05771102932067066,-0.09388701436236226,-0.1337000331038523,-0.12996670287640982,-0.2486875475329653,-0.10191919968628918,-0.015603154080128353
1/07/2015,-0.016804544959149865,-0.033418443138968634,0.0013936719288388166,-0.13072450216361106,-0.12948464918149868,-0.23713076545335623,-0.09607152093577945,-0.011784783520630452
1/08/2015,0.024117175388320377,0.0270767496118506,0.05674380643850699,-0.041846241457690045,-0.08553261397371409,-0.21271838450205943,-0.08131061374294499,0.022613243401298513
1/09/2015,0.07246265487163707,0.054099091386365344,0.1127313657466608,0.03322546199242057,-0.002296115899743943,-0.08753897240855074,-0.022177943472672955,0.10236662694049299
1/10/2015,0.02402694311778165,0.03495094214984661,0.10050227524154516,0.01846395118123377,-0.033679284719727885,-0.10235897537058604,-0.0513427219534235,0.03715162679009544
1/11/2015,0.02221240321730856,0.03299866153467436,0.07576794744109289,-0.05682857710684767,-0.07503740453270857,-0.1148166719591494,-0.10334377808497193,0.027594984516419625
1/12/2015,0.08319842806387809,0.07934472624066118,0.12197168173216748,0.017873359575168585,0.02234082606533513,-0.017404292251116324,-0.050911896703285456,0.02716976931486059
1/01/2016,0.16321601891656073,0.1336540175488178,0.19387094731456628,0.12995363831744605,0.1108715168599006,0.07688523076969589,0.021658326408710078,0.09339563995844442
1/02/2016,0.1925182396569981,0.15342671321453327,0.20782655783171539,0.19963932824035568,0.1518280857302394,0.15126610098083623,0.08783719898192337,0.18419198551255278
1/03/2016,0.13489088960633333,0.12278542824285496,0.17904164785513207,0.16562748435755606,0.12900971168300726,0.13418852957769664,0.09973345809587073,0.16318887632838258
1/04/2016,0.10235476951918443,0.14148385469572786,0.14767850671242713,0.1663976571201338,0.14672776930492823,0.11239386171499187,0.09814903549870078,0.15319851104689985
1/05/2016,0.11269173595904351,0.08490937565167335,0.18377194414058187,0.2043895279550863,0.2033494721316217,0.16536054851769103,0.13721844393101013,0.16813957982721067
1/06/2016,0.11970413438675927,0.0885386454995347,0.18952992377894673,0.22447889224924492,0.21421961500983194,0.21862223714261228,0.13949795961671843,0.15330647901192934
1/07/2016,0.10603068640639912,0.05912171632810068,0.10541991375007516,0.19262141319841974,0.19181760331062916,0.22608375606537992,0.11854921410353136,0.14098991036634057
1/08/2016,0.09350780979452382,0.03881521943524338,0.08246253655394002,0.12552511117468607,0.15479341778642952,0.21243328992252636,0.10912179033489167,0.12523251158238877
1/09/2016,0.11869598325988104,0.061688032506412964,0.07366573284653849,0.15320664321002953,0.16387487117246458,0.20562489709293102,0.11024321937523811,0.11239912849293959
1/10/2016,0.15477186409281007,0.07096938383446816,0.0684842431838796,0.18482048015618766,0.18899459704994784,0.23494156779552883,0.15274460617979663,0.14395234721772984
1/11/2016,0.14943558084978587,0.112060928749454,0.08962399573723476,0.20738730511256984,0.1893255628568082,0.2354464930638805,0.1835134801039193,0.22289843924588207
1/12/2016,0.1366135742853294,0.07962129076090245,0.0721502126142966,0.15362612038090764,0.13280538331694558,0.17200917803895086,0.16157569169457633,0.23768254756430598
1/01/2017,0.16805608292340038,0.06006659035080123,0.06538616753450718,0.13674899671637517,0.13213230387408262,0.20030071843831157,0.1478234997938874,0.253509303077852
1/02/2017,0.11063548726057984,0.037765422196750505,0.0021357086540920523,0.06661366235433518,0.09284586537154739,0.13783730298847388,0.07580582567987629,0.18561372036792778
1/03/2017,0.09111827746621984,0.022413188460745793,-0.037512468278878865,0.023503925631382237,0.05206926379989636,0.10015802177731162,0.03363290186419884,0.13021180532044027
1/04/2017,0.09020877375570513,-0.004932384752896128,0.0009885484507605683,0.021193449473487124,0.04961756427479215,0.15149514346607093,0.026945949620568014,0.13966308138348638
1/05/2017,0.08753688945370881,0.04220166354855425,0.03549220457163771,0.02253781272657714,0.040756129417475424,0.1278879053806885,-0.0006979683441199411,0.14333359764830125
1/06/2017,0.07594721062382769,0.0626429684241369,0.025523713584982503,-0.0010786213805934728,0.030317303543792255,0.09436480328396216,-0.023924372243957232,0.1282231741563141
1/07/2017,0.0723709997589906,0.08598843436263731,0.03392514546173549,0.014074201190464162,0.04602702679874387,0.06495038139785922,0.006352879688664551,0.13277740052057524
1/08/2017,0.08901127390940386,0.09174761011890085,0.0260505370688856,0.025339822103021277,0.06154765666784514,0.06474655084146534,0.023918933557434685,0.18131154319522183
1/09/2017,0.07999453328452912,0.08255677665814472,0.006965784604934812,-0.02341436291545038,0.03426775629477574,0.06473676235217946,0.004837998817821971,0.1594604777006409
1/10/2017,0.015328634616183943,0.01978059331845896,-0.05069639969179193,-0.11629366119591915,-0.040713393810733765,-0.007258218096294551,-0.03996018949441804,0.06784713224407854
1/11/2017,-0.003622033304556842,-0.03453525931959259,-0.05531301088882064,-0.15427822478086126,-0.06788172709716987,-0.08023707350372507,-0.04040523086435995,0.05495434062259403
1/12/2017,-0.09040021608804366,-0.0726224445242059,-0.09976460501077548,-0.2102464953599219,-0.1237214933381215,-0.14923358051861302,-0.09342720002619799,0.06931507136595386
1/01/2018,-0.11121467469088593,-0.04489502904345777,-0.11551743441732894,-0.21046931091287416,-0.13498015838409833,-0.1996425250189289,-0.08743164920810396,0.028627128609263145
1/02/2018,-0.019143378748774326,0.021742495006824236,-0.015077460161862035,-0.12475274920921882,-0.04026712301809467,-0.10435750050060655,0.016720345903302933,0.05256734844670335
1/03/2018,0.001703046377912817,0.046266357771380946,0.016230509404786684,-0.08377089433111186,0.004832464478978353,-0.06803946341478673,0.058516596841128705,0.12061910855997666
1/04/2018,0.030505158216037314,0.06964857142743541,0.02165954838985169,-0.056054909187321915,0.018843282802919675,-0.07224165129915602,0.08205861272756373,0.13041806461023325
1/05/2018,0.0028609074506220217,0.04970409282081106,-0.054355841961138913,-0.09949536283483566,-0.04430685030703726,-0.13387201303908933,0.06721189406116797,0.09539036584050838
1/06/2018,0.013180385921425992,0.06873158796152148,-0.039643544805190084,-0.09010019843589114,-0.017001522809228627,-0.13488753707044795,0.11862130491136356,0.11110382456268791
1/07/2018,0.03211056468706928,0.07256749790026239,-0.013397340532968123,-0.06330019410599286,0.013211053043282872,-0.09446670336284545,0.10125915430984417,0.05980194757789917
1/08/2018,-0.025025771151709557,0.03963487677581205,-0.05484481252931708,-0.11243651069276915,-0.03273221897626544,-0.1366582255940083,0.066815656785791,-0.023547030345943725
1/09/2018,-0.004116798001359559,0.07416797228976385,-0.008970603771055803,-0.04592321479371281,0.020720195132069887,-0.09978361630039294,0.10380498565906571,0.00310270283456337
1/10/2018,0.03294254585369883,0.11281555184930228,0.011732728237994419,0.023002406475231545,0.0663729262275654,-0.054784819008101074,0.12107065280357522,0.11112299124145966
1/11/2018,0.08586012700231219,0.15535768260921298,0.04274990845424858,0.09972201440131374,0.13987994477856092,0.029889705683484313,0.14955667061130615,0.1380629562773321
1/12/2018,0.16698718555425465,0.18835917528246227,0.09066465393074163,0.1637042239040185,0.2033570337091514,0.10102456136121328,0.2082249867453273,0.13601380084706294
1/01/2019,0.16344737815169674,0.1819830432563987,0.09742300309680266,0.15863566526405048,0.20612048078428397,0.11392656231299375,0.20700133741714596,0.1373470936772003
1/02/2019,0.09335228745523133,0.13909435118535787,0.022977661534073053,0.12478747134711289,0.14135519532628213,0.05071260456496316,0.17004642256451555,0.12000456321445607
1/03/2019,-0.16334002987207896,-0.1305907124388143,-0.2269257223538048,-0.1777763621585862,-0.1761044816630466,-0.14936397416361688,-0.034590768922064974,-0.14848736795130502
1/04/2019,-0.17305304208172817,-0.16458792803414082,-0.25900608759243854,-0.18248033661267393,-0.225281884314254,-0.13481585643476746,-0.008629625939309075,-0.23724469618929084
1/05/2019,-0.11593007369706478,-0.14716794346437623,-0.20054016608563227,-0.10758669320123687,-0.1771991186698955,-0.05234412346799249,0.009206364087397044,-0.20693697584219348
1/06/2019,-0.06007865928925062,-0.09749682909269264,-0.16424570803271946,0.002378147984980354,-0.09074097919377723,0.029223078506710364,0.01829981633086886,-0.14389829121446168
1/07/2019,-0.06992229692058088,-0.11102493010858787,-0.2021759895422836,0.011294189774222618,-0.11073761410796873,-0.007317256556601909,0.02396718399107521,-0.04280030251033918
1/08/2019,0.019705642667371622,-0.07195144753134444,-0.1707632268951027,0.07398993060525624,-0.07458655175618738,0.0592161401819121,0.03513486709133777,0.03099201794441491
1/09/2019,-0.016673785058014815,-0.11861279691230033,-0.21007180671957604,0.03279770496783961,-0.12311412208467401,0.0321380593788891,0.02406940668715027,0.022744570455988877
1/10/2019,0.0009897784794112925,-0.08887980298252077,-0.210333083882767,-0.004836949785219579,-0.14176644044604625,0.007616252937714642,0.0070756458312513995,0.03467078164727583
1/11/2019,0.01858058058023586,-0.0515298122112481,-0.16629650413355707,-0.03944907076760339,-0.09368770677400576,0.00830324267185507,0.00046405782146858953,0.061081096107015426
1/12/2019,0.0461765620507725,-0.01637411729506272,-0.13029883016369778,0.0015345277799505704,-0.058815343312157105,0.03270487414477416,-0.010824804298045923,0.118602748653614
1/01/2020,0.05881811061477325,-0.034468456807465,-0.12232434262851571,0.021606194432537237,-0.061573844099394474,0.06794967444089747,0.002969614407387073,0.1606534612522657
1/02/2020,0.1008048460143606,-0.024047865490741224,-0.10513803239710087,0.044018099124654576,-0.03398787660598512,0.13453975811978697,-0.010234547600566798,0.22019917256159993
1/03/2020,0.3667513398880543,0.22066234150240122,0.15634544322714275,0.3498979169270542,0.28800775024637604,0.34396090889799,0.18665509827627863,0.43570050175663805
1/04/2020,0.3894900300222554,0.2732867664222525,0.18501834603139736,0.35549727064644326,0.33949726651863893,0.3161997164835237,0.16464202179042906,0.4651866594371552
1/05/2020,0.37355928821817613,0.2502569009185624,0.16438160494192458,0.2882155426740389,0.33928574664628386,0.2533709860044385,0.14487388298873216,0.46122007725097636
1/06/2020,0.31597179776908096,0.20716130686224102,0.1280066877926052,0.21489309749730753,0.2770296128350063,0.20853445233308265,0.17030783876719735,0.4248383420361328
1/07/2020,0.2962844651075116,0.19941068944085547,0.13342052625075088,0.18598440717162518,0.2604319206378098,0.21134691738275446,0.16662373115566445,0.35233301216553825
1/08/2020,0.26095011812613506,0.21129949411077056,0.1624493498491611,0.19105122290287593,0.2959200779902112,0.19257780734322802,0.19650993562035673,0.3652990390938539
1/09/2020,0.25883618928917507,0.22278663952968944,0.17463262089561202,0.17269085277987423,0.28765730074852536,0.23351284470339198,0.16037019269786154,0.4259398474254037
1/10/2020,0.25563969951379484,0.18783047079221046,0.20224793511477013,0.17703155543724278,0.3047803685954668,0.2008732603799721,0.16718380145432665,0.41189681956147806
1/11/2020,0.2208508613908834,0.14203595290315546,0.15485870993820927,0.19058637128098763,0.2596048740892886,0.1686478861211827,0.18273688132529833,0.32272877040367953
1/12/2020,0.15613424738568615,0.09993239268632431,0.11178088731928468,0.11619035082782302,0.21217248706642075,0.10430205419519623,0.18868526567338054,0.22066551619781638
