,Index,yyyymm,Index,D12
1/05/1937,16.26,187101,4.44,0.26
1/06/1937,15.4,187102,4.5,0.26
1/07/1937,16.98,187103,4.61,0.26
1/08/1937,16.04,187104,4.74,0.26
1/09/1937,13.76,187105,4.86,0.26
1/10/1937,12.36,187106,4.82,0.26
1/11/1937,11.11,187107,4.73,0.26
1/12/1937,10.55,187108,4.79,0.26
1/01/1938,10.69,187109,4.84,0.26
1/02/1938,11.34,187110,4.59,0.26
1/03/1938,8.5,187111,4.64,0.26
1/04/1938,9.7,187112,4.74,0.26
1/05/1938,9.27,187201,4.86,0.2633
1/06/1938,11.56,187202,4.88,0.2667
1/07/1938,12.4,187203,5.04,0.27
1/08/1938,12.06,187204,5.18,0.2733
1/09/1938,12.24,187205,5.18,0.2767
1/10/1938,13.17,187206,5.13,0.28
1/11/1938,12.73,187207,5.1,0.2833
1/12/1938,13.21,187208,5.04,0.2867
1/01/1939,12.3,187209,4.95,0.29
1/02/1939,12.7,187210,4.97,0.2933
1/03/1939,10.98,187211,4.95,0.2967
1/04/1939,10.92,187212,5.07,0.3
1/05/1939,11.6,187301,5.11,0.3025
1/06/1939,10.86,187302,5.15,0.305
1/07/1939,12.04,187303,5.11,0.3075
1/08/1939,11.18,187304,5.04,0.31
1/09/1939,13.02,187305,5.05,0.3125
1/10/1939,12.83,187306,4.98,0.315
1/11/1939,12.2,187307,4.97,0.3175
1/12/1939,12.49,187308,4.97,0.32
1/01/1940,12.05,187309,4.59,0.3225
1/02/1940,12.13,187310,4.19,0.325
1/03/1940,12.25,187311,4.04,0.3275
1/04/1940,12.19,187312,4.42,0.33
1/05/1940,9.27,187401,4.66,0.33
1/06/1940,9.98,187402,4.8,0.33
1/07/1940,10.29,187403,4.73,0.33
1/08/1940,10.56,187404,4.6,0.33
1/09/1940,10.66,187405,4.48,0.33
1/10/1940,11.08,187406,4.46,0.33
1/11/1940,10.61,187407,4.46,0.33
1/12/1940,10.58,187408,4.47,0.33
1/01/1941,10.07,187409,4.54,0.33
1/02/1941,9.92,187410,4.53,0.33
1/03/1941,9.96,187411,4.57,0.33
1/04/1941,9.31,187412,4.54,0.33
1/05/1941,9.35,187501,4.54,0.3275
1/06/1941,9.85,187502,4.53,0.325
1/07/1941,10.39,187503,4.59,0.3225
1/08/1941,10.3,187504,4.65,0.32
1/09/1941,10.2,187505,4.47,0.3175
1/10/1941,9.5,187506,4.38,0.315
1/11/1941,9.1,187507,4.39,0.3125
1/12/1941,8.69,187508,4.41,0.31
1/01/1942,8.81,187509,4.37,0.3075
1/02/1942,8.59,187510,4.3,0.305
1/03/1942,8.01,187511,4.37,0.3025
1/04/1942,7.66,187512,4.37,0.3
1/05/1942,8.15,187601,4.46,0.3
1/06/1942,8.3,187602,4.52,0.3
1/07/1942,8.56,187603,4.51,0.3
1/08/1942,8.62,187604,4.34,0.3
1/09/1942,8.85,187605,4.18,0.3
1/10/1942,9.42,187606,4.15,0.3
1/11/1942,9.29,187607,4.1,0.3
1/12/1942,9.77,187608,3.93,0.3
1/01/1943,10.47,187609,3.69,0.3
1/02/1943,11,187610,3.67,0.3
1/03/1943,11.58,187611,3.6,0.3
1/04/1943,11.59,187612,3.58,0.3
1/05/1943,12.11,187701,3.55,0.2908
1/06/1943,12.35,187702,3.34,0.2817
1/07/1943,11.68,187703,3.17,0.2725
1/08/1943,11.8,187704,2.94,0.2633
1/09/1943,12.08,187705,2.94,0.2542
1/10/1943,11.92,187706,2.73,0.245
1/11/1943,11.02,187707,2.85,0.2358
1/12/1943,11.67,187708,3.05,0.2267
1/01/1944,11.85,187709,3.24,0.2175
1/02/1944,11.82,187710,3.31,0.2083
1/03/1944,12.02,187711,3.26,0.1992
1/04/1944,11.87,187712,3.25,0.19
1/05/1944,12.35,187801,3.25,0.1892
1/06/1944,12.98,187802,3.18,0.1883
1/07/1944,12.71,187803,3.24,0.1875
1/08/1944,12.82,187804,3.33,0.1867
1/09/1944,12.78,187805,3.34,0.1858
1/10/1944,12.78,187806,3.41,0.185
1/11/1944,12.83,187807,3.48,0.1842
1/12/1944,13.28,187808,3.45,0.1833
1/01/1945,13.47,187809,3.52,0.1825
1/02/1945,14.3,187810,3.48,0.1817
1/03/1945,13.64,187811,3.47,0.1808
1/04/1945,14.84,187812,3.45,0.18
1/05/1945,15.01,187901,3.58,0.1817
1/06/1945,14.96,187902,3.71,0.1833
1/07/1945,14.66,187903,3.65,0.185
1/08/1945,15.51,187904,3.77,0.1867
1/09/1945,16.16,187905,3.94,0.1883
1/10/1945,16.65,187906,3.96,0.19
1/11/1945,17.19,187907,4.04,0.1917
1/12/1945,17.36,187908,4.07,0.1933
1/01/1946,18.57,187909,4.22,0.195
1/02/1946,17.28,187910,4.68,0.1967
1/03/1946,18.08,187911,4.93,0.1983
1/04/1946,18.76,187912,4.92,0.2
1/05/1946,19.18,188001,5.11,0.205
1/06/1946,18.43,188002,5.2,0.21
1/07/1946,17.96,188003,5.3,0.215
1/08/1946,16.65,188004,5.18,0.22
1/09/1946,14.96,188005,4.77,0.225
1/10/1946,14.84,188006,4.79,0.23
1/11/1946,14.67,188007,5.01,0.235
1/12/1946,15.3,188008,5.19,0.24
1/01/1947,15.66,188009,5.18,0.245
1/02/1947,15.43,188010,5.33,0.25
1/03/1947,15.17,188011,5.61,0.255
1/04/1947,14.58,188012,5.84,0.26
1/05/1947,14.45,188101,6.19,0.265
1/06/1947,15.21,188102,6.17,0.27
1/07/1947,15.76,188103,6.24,0.275
1/08/1947,15.32,188104,6.22,0.28
1/09/1947,15.11,188105,6.5,0.285
1/10/1947,15.43,188106,6.58,0.29
1/11/1947,14.99,188107,6.35,0.295
1/12/1947,15.3,188108,6.2,0.3
1/01/1948,14.69,188109,6.25,0.305
1/02/1948,14,188110,6.15,0.31
1/03/1948,15.08,188111,6.19,0.315
1/04/1948,15.48,188112,6.01,0.32
1/05/1948,16.69,188201,5.92,0.32
1/06/1948,16.74,188202,5.79,0.32
1/07/1948,15.85,188203,5.78,0.32
1/08/1948,15.97,188204,5.78,0.32
1/09/1948,15.49,188205,5.71,0.32
1/10/1948,16.54,188206,5.68,0.32
1/11/1948,14.75,188207,6,0.32
1/12/1948,15.2,188208,6.18,0.32
1/01/1949,15.22,188209,6.24,0.32
1/02/1949,14.62,188210,6.07,0.32
1/03/1949,15.06,188211,5.81,0.32
1/04/1949,14.74,188212,5.84,0.32
1/05/1949,14.19,188301,5.81,0.3208
1/06/1949,14.16,188302,5.68,0.3217
1/07/1949,15.04,188303,5.75,0.3225
1/08/1949,15.22,188304,5.87,0.3233
1/09/1949,15.58,188305,5.77,0.3242
1/10/1949,16.04,188306,5.82,0.325
1/11/1949,16.06,188307,5.73,0.3258
1/12/1949,16.76,188308,5.47,0.3267
1/01/1950,17.05,188309,5.53,0.3275
1/02/1950,17.22,188310,5.38,0.3283
1/03/1950,17.29,188311,5.46,0.3292
1/04/1950,18.07,188312,5.34,0.33
1/05/1950,18.78,188401,5.18,0.3283
1/06/1950,17.69,188402,5.32,0.3267
1/07/1950,17.84,188403,5.3,0.325
1/08/1950,18.42,188404,5.06,0.3233
1/09/1950,19.45,188405,4.65,0.3217
1/10/1950,19.53,188406,4.46,0.32
1/11/1950,19.51,188407,4.46,0.3183
1/12/1950,20.41,188408,4.74,0.3167
1/01/1951,21.66,188409,4.59,0.315
1/02/1951,21.8,188410,4.44,0.3133
1/03/1951,21.4,188411,4.35,0.3117
1/04/1951,22.43,188412,4.34,0.31
1/05/1951,21.52,188501,4.24,0.3042
1/06/1951,20.96,188502,4.37,0.2983
1/07/1951,22.4,188503,4.38,0.2925
1/08/1951,23.28,188504,4.37,0.2867
1/09/1951,23.26,188505,4.32,0.2808
1/10/1951,22.94,188506,4.3,0.275
1/11/1951,22.88,188507,4.46,0.2692
1/12/1951,23.77,188508,4.71,0.2633
1/01/1952,24.14,188509,4.65,0.2575
1/02/1952,23.26,188510,4.92,0.2517
1/03/1952,24.37,188511,5.24,0.2458
1/04/1952,23.32,188512,5.2,0.24
1/05/1952,23.86,188601,5.2,0.2383
1/06/1952,24.96,188602,5.3,0.2367
1/07/1952,25.4,188603,5.19,0.235
1/08/1952,25.03,188604,5.12,0.2333
1/09/1952,24.54,188605,5.02,0.2317
1/10/1952,24.52,188606,5.25,0.23
1/11/1952,25.66,188607,5.33,0.2283
1/12/1952,26.57,188608,5.37,0.2267
1/01/1953,26.38,188609,5.51,0.225
1/02/1953,25.9,188610,5.65,0.2233
1/03/1953,25.29,188611,5.79,0.2217
1/04/1953,24.62,188612,5.64,0.22
1/05/1953,24.54,188701,5.58,0.2225
1/06/1953,24.14,188702,5.54,0.225
1/07/1953,24.75,188703,5.67,0.2275
1/08/1953,23.32,188704,5.8,0.23
1/09/1953,23.35,188705,5.9,0.2325
1/10/1953,24.54,188706,5.73,0.235
1/11/1953,24.76,188707,5.59,0.2375
1/12/1953,24.81,188708,5.45,0.24
1/01/1954,26.08,188709,5.38,0.2425
1/02/1954,26.15,188710,5.2,0.245
1/03/1954,26.94,188711,5.3,0.2475
1/04/1954,28.26,188712,5.27,0.25
1/05/1954,29.19,188801,5.31,0.2483
1/06/1954,29.21,188802,5.28,0.2467
1/07/1954,30.88,188803,5.08,0.245
1/08/1954,29.83,188804,5.1,0.2433
1/09/1954,32.31,188805,5.17,0.2417
1/10/1954,31.68,188806,5.01,0.24
1/11/1954,34.24,188807,5.14,0.2383
1/12/1954,35.98,188808,5.25,0.2367
1/01/1955,36.63,188809,5.38,0.235
1/02/1955,36.76,188810,5.35,0.2333
1/03/1955,36.58,188811,5.24,0.2317
1/04/1955,37.96,188812,5.14,0.23
1/05/1955,37.91,188901,5.24,0.2292
1/06/1955,41.03,188902,5.3,0.2283
1/07/1955,43.52,188903,5.19,0.2275
1/08/1955,43.18,188904,5.18,0.2267
1/09/1955,43.67,188905,5.32,0.2258
1/10/1955,42.34,188906,5.41,0.225
1/11/1955,45.51,188907,5.3,0.2242
1/12/1955,45.48,188908,5.37,0.2233
1/01/1956,43.82,188909,5.5,0.2225
1/02/1956,45.34,188910,5.4,0.2217
1/03/1956,48.48,188911,5.35,0.2208
1/04/1956,48.38,188912,5.32,0.22
1/05/1956,45.2,189001,5.38,0.22
1/06/1956,46.97,189002,5.32,0.22
1/07/1956,49.39,189003,5.28,0.22
1/08/1956,47.51,189004,5.39,0.22
1/09/1956,45.35,189005,5.62,0.22
1/10/1956,45.58,189006,5.58,0.22
1/11/1956,45.08,189007,5.54,0.22
1/12/1956,46.67,189008,5.41,0.22
1/01/1957,44.72,189009,5.32,0.22
1/02/1957,43.26,189010,5.08,0.22
1/03/1957,44.11,189011,4.71,0.22
1/04/1957,45.74,189012,4.6,0.22
1/05/1957,47.43,189101,4.84,0.22
1/06/1957,47.37,189102,4.9,0.22
1/07/1957,47.91,189103,4.81,0.22
1/08/1957,45.22,189104,4.97,0.22
1/09/1957,42.42,189105,4.95,0.22
1/10/1957,41.06,189106,4.85,0.22
1/11/1957,41.72,189107,4.77,0.22
1/12/1957,39.99,189108,4.93,0.22
1/01/1958,41.7,189109,5.33,0.22
1/02/1958,40.84,189110,5.33,0.22
1/03/1958,42.1,189111,5.25,0.22
1/04/1958,43.44,189112,5.41,0.22
1/05/1958,44.09,189201,5.51,0.2217
1/06/1958,45.24,189202,5.52,0.2233
1/07/1958,47.19,189203,5.58,0.225
1/08/1958,47.75,189204,5.57,0.2267
1/09/1958,50.06,189205,5.57,0.2283
1/10/1958,51.33,189206,5.54,0.23
1/11/1958,52.48,189207,5.54,0.2317
1/12/1958,55.21,189208,5.62,0.2333
1/01/1959,55.42,189209,5.48,0.235
1/02/1959,55.41,189210,5.59,0.2367
1/03/1959,55.44,189211,5.57,0.2383
1/04/1959,57.59,189212,5.51,0.24
1/05/1959,58.68,189301,5.61,0.2408
1/06/1959,58.47,189302,5.51,0.2417
1/07/1959,60.51,189303,5.31,0.2425
1/08/1959,59.6,189304,5.31,0.2433
1/09/1959,56.88,189305,4.84,0.2442
1/10/1959,57.52,189306,4.61,0.245
1/11/1959,58.28,189307,4.18,0.2458
1/12/1959,59.89,189308,4.08,0.2467
1/01/1960,55.61,189309,4.37,0.2475
1/02/1960,56.12,189310,4.5,0.2483
1/03/1960,55.34,189311,4.57,0.2492
1/04/1960,54.37,189312,4.41,0.25
1/05/1960,55.83,189401,4.32,0.2467
1/06/1960,56.92,189402,4.38,0.2433
1/07/1960,55.51,189403,4.51,0.24
1/08/1960,56.96,189404,4.57,0.2367
1/09/1960,53.52,189405,4.4,0.2333
1/10/1960,53.39,189406,4.34,0.23
1/11/1960,55.54,189407,4.25,0.2267
1/12/1960,58.11,189408,4.41,0.2233
1/01/1961,61.78,189409,4.48,0.22
1/02/1961,63.44,189410,4.34,0.2167
1/03/1961,65.06,189411,4.34,0.2133
1/04/1961,65.31,189412,4.3,0.21
1/05/1961,66.56,189501,4.25,0.2083
1/06/1961,64.64,189502,4.19,0.2067
1/07/1961,66.76,189503,4.19,0.205
1/08/1961,68.07,189504,4.37,0.2033
1/09/1961,66.73,189505,4.61,0.2017
1/10/1961,68.62,189506,4.7,0.2
1/11/1961,71.32,189507,4.72,0.1983
1/12/1961,71.55,189508,4.79,0.1967
1/01/1962,68.84,189509,4.82,0.195
1/02/1962,69.96,189510,4.75,0.1933
1/03/1962,69.55,189511,4.59,0.1917
1/04/1962,65.24,189512,4.32,0.19
1/05/1962,59.63,189601,4.27,0.1892
1/06/1962,54.75,189602,4.45,0.1883
1/07/1962,58.23,189603,4.38,0.1875
1/08/1962,59.12,189604,4.42,0.1867
1/09/1962,56.27,189605,4.4,0.1858
1/10/1962,56.52,189606,4.32,0.185
1/11/1962,62.26,189607,4.04,0.1842
1/12/1962,63.1,189608,3.81,0.1833
1/01/1963,66.2,189609,4.01,0.1825
1/02/1963,64.29,189610,4.1,0.1817
1/03/1963,66.57,189611,4.38,0.1808
1/04/1963,69.8,189612,4.22,0.18
1/05/1963,70.8,189701,4.22,0.18
1/06/1963,69.37,189702,4.18,0.18
1/07/1963,69.13,189703,4.19,0.18
1/08/1963,72.5,189704,4.06,0.18
1/09/1963,71.7,189705,4.08,0.18
1/10/1963,74.01,189706,4.27,0.18
1/11/1963,73.23,189707,4.46,0.18
1/12/1963,75.02,189708,4.75,0.18
1/01/1964,77.04,189709,4.98,0.18
1/02/1964,77.8,189710,4.82,0.18
1/03/1964,78.98,189711,4.65,0.18
1/04/1964,79.46,189712,4.75,0.18
1/05/1964,80.37,189801,4.88,0.1817
1/06/1964,81.69,189802,4.87,0.1833
1/07/1964,83.18,189803,4.65,0.185
1/08/1964,81.83,189804,4.57,0.1867
1/09/1964,84.18,189805,4.87,0.1883
1/10/1964,84.86,189806,5.06,0.19
1/11/1964,84.42,189807,5.08,0.1917
1/12/1964,84.75,189808,5.27,0.1933
1/01/1965,87.56,189809,5.26,0.195
1/02/1965,87.43,189810,5.15,0.1967
1/03/1965,86.16,189811,5.32,0.1983
1/04/1965,89.11,189812,5.65,0.2
1/05/1965,88.42,189901,6.08,0.2008
1/06/1965,84.12,189902,6.31,0.2017
1/07/1965,85.25,189903,6.4,0.2025
1/08/1965,87.17,189904,6.48,0.2033
1/09/1965,89.96,189905,6.21,0.2042
1/10/1965,92.42,189906,6.07,0.205
1/11/1965,91.61,189907,6.28,0.2058
1/12/1965,92.43,189908,6.44,0.2067
1/01/1966,92.88,189909,6.37,0.2075
1/02/1966,91.22,189910,6.34,0.2083
1/03/1966,89.23,189911,6.46,0.2092
1/04/1966,91.06,189912,6.02,0.21
1/05/1966,86.13,190001,6.1,0.2175
1/06/1966,84.74,190002,6.21,0.225
1/07/1966,83.6,190003,6.26,0.2325
1/08/1966,77.1,190004,6.34,0.24
1/09/1966,76.56,190005,6.04,0.2475
1/10/1966,80.2,190006,5.86,0.255
1/11/1966,80.45,190007,5.86,0.2625
1/12/1966,80.33,190008,5.94,0.27
1/01/1967,86.61,190009,5.8,0.2775
1/02/1967,86.78,190010,6.01,0.285
1/03/1967,90.2,190011,6.48,0.2925
1/04/1967,94.01,190012,6.87,0.3
1/05/1967,89.08,190101,7.07,0.3017
1/06/1967,90.64,190102,7.25,0.3033
1/07/1967,94.75,190103,7.51,0.305
1/08/1967,93.64,190104,8.14,0.3067
1/09/1967,96.71,190105,7.73,0.3083
1/10/1967,93.9,190106,8.5,0.31
1/11/1967,94,190107,7.93,0.3117
1/12/1967,96.47,190108,8.04,0.3133
1/01/1968,92.24,190109,8,0.315
1/02/1968,89.36,190110,7.91,0.3167
1/03/1968,90.2,190111,8.08,0.3183
1/04/1968,97.59,190112,7.95,0.32
1/05/1968,98.68,190201,8.12,0.3208
1/06/1968,99.58,190202,8.19,0.3217
1/07/1968,97.74,190203,8.2,0.3225
1/08/1968,98.86,190204,8.48,0.3233
1/09/1968,102.67,190205,8.46,0.3242
1/10/1968,103.41,190206,8.41,0.325
1/11/1968,108.37,190207,8.6,0.3258
1/12/1968,103.86,190208,8.83,0.3267
1/01/1969,103.01,190209,8.85,0.3275
1/02/1969,98.13,190210,8.57,0.3283
1/03/1969,101.51,190211,8.24,0.3292
1/04/1969,103.69,190212,8.05,0.33
1/05/1969,103.46,190301,8.46,0.3317
1/06/1969,97.71,190302,8.41,0.3333
1/07/1969,91.83,190303,8.08,0.335
1/08/1969,95.51,190304,7.75,0.3367
1/09/1969,93.12,190305,7.6,0.3383
1/10/1969,97.24,190306,7.18,0.34
1/11/1969,93.81,190307,6.85,0.3417
1/12/1969,92.06,190308,6.63,0.3433
1/01/1970,85.02,190309,6.47,0.345
1/02/1970,89.5,190310,6.26,0.3467
1/03/1970,89.63,190311,6.28,0.3483
1/04/1970,81.52,190312,6.57,0.35
1/05/1970,76.55,190401,6.68,0.3467
1/06/1970,72.72,190402,6.5,0.3433
1/07/1970,78.05,190403,6.48,0.34
1/08/1970,81.52,190404,6.64,0.3367
1/09/1970,84.21,190405,6.5,0.3333
1/10/1970,83.25,190406,6.51,0.33
1/11/1970,87.2,190407,6.78,0.3267
1/12/1970,92.15,190408,7.01,0.3233
1/01/1971,95.88,190409,7.32,0.32
1/02/1971,96.75,190410,7.75,0.3167
1/03/1971,100.31,190411,8.17,0.3133
1/04/1971,103.95,190412,8.25,0.31
1/05/1971,99.63,190501,8.43,0.3117
1/06/1971,99.7,190502,8.8,0.3133
1/07/1971,95.58,190503,9.05,0.315
1/08/1971,99.03,190504,8.94,0.3167
1/09/1971,98.34,190505,8.5,0.3183
1/10/1971,94.23,190506,8.6,0.32
1/11/1971,93.99,190507,8.87,0.3217
1/12/1971,102.09,190508,9.2,0.3233
1/01/1972,103.94,190509,9.23,0.325
1/02/1972,106.57,190510,9.36,0.3267
1/03/1972,107.2,190511,9.31,0.3283
1/04/1972,107.67,190512,9.54,0.33
1/05/1972,109.53,190601,9.87,0.3358
1/06/1972,107.14,190602,9.8,0.3417
1/07/1972,107.39,190603,9.56,0.3475
1/08/1972,111.09,190604,9.43,0.3533
1/09/1972,110.55,190605,9.18,0.3592
1/10/1972,111.58,190606,9.3,0.365
1/11/1972,116.67,190607,9.06,0.3708
1/12/1972,118.05,190608,9.73,0.3767
1/01/1973,116.03,190609,10.03,0.3825
1/02/1973,111.68,190610,9.73,0.3883
1/03/1973,111.52,190611,9.93,0.3942
1/04/1973,106.97,190612,9.84,0.4
1/05/1973,104.95,190701,9.56,0.4033
1/06/1973,104.26,190702,9.26,0.4067
1/07/1973,108.22,190703,8.35,0.41
1/08/1973,104.25,190704,8.39,0.4133
1/09/1973,108.43,190705,8.1,0.4167
1/10/1973,108.29,190706,7.84,0.42
1/11/1973,95.96,190707,8.14,0.4233
1/12/1973,97.55,190708,7.53,0.4267
1/01/1974,96.57,190709,7.45,0.43
1/02/1974,96.22,190710,6.64,0.4333
1/03/1974,93.98,190711,6.25,0.4367
1/04/1974,90.31,190712,6.57,0.44
1/05/1974,87.28,190801,6.85,0.4367
1/06/1974,86,190802,6.6,0.4333
1/07/1974,79.31,190803,6.87,0.43
1/08/1974,72.15,190804,7.24,0.4267
1/09/1974,63.54,190805,7.63,0.4233
1/10/1974,73.9,190806,7.64,0.42
1/11/1974,69.97,190807,7.92,0.4167
1/12/1974,68.56,190808,8.26,0.4133
1/01/1975,76.98,190809,8.17,0.41
1/02/1975,81.59,190810,8.27,0.4067
1/03/1975,83.36,190811,8.83,0.4033
1/04/1975,87.3,190812,9.03,0.4
1/05/1975,91.15,190901,9.06,0.4033
1/06/1975,95.19,190902,8.8,0.4067
1/07/1975,88.75,190903,8.92,0.41
1/08/1975,86.88,190904,9.32,0.4133
1/09/1975,83.87,190905,9.63,0.4167
1/10/1975,89.04,190906,9.8,0.42
1/11/1975,91.24,190907,9.94,0.4233
1/12/1975,90.19,190908,10.18,0.4267
1/01/1976,100.86,190909,10.19,0.43
1/02/1976,99.71,190910,10.23,0.4333
1/03/1976,102.77,190911,10.18,0.4367
1/04/1976,101.64,190912,10.3,0.44
1/05/1976,100.18,191001,10.08,0.4425
1/06/1976,104.28,191002,9.72,0.445
1/07/1976,103.44,191003,9.96,0.4475
1/08/1976,102.91,191004,9.72,0.45
1/09/1976,105.24,191005,9.56,0.4525
1/10/1976,102.9,191006,9.1,0.455
1/11/1976,102.1,191007,8.64,0.4575
1/12/1976,107.46,191008,8.85,0.46
1/01/1977,102.03,191009,8.91,0.4625
1/02/1977,99.82,191010,9.32,0.465
1/03/1977,98.42,191011,9.31,0.4675
1/04/1977,98.44,191012,9.05,0.47
1/05/1977,96.12,191101,9.27,0.47
1/06/1977,100.48,191102,9.43,0.47
1/07/1977,98.85,191103,9.32,0.47
1/08/1977,96.77,191104,9.28,0.47
1/09/1977,96.53,191105,9.48,0.47
1/10/1977,92.34,191106,9.67,0.47
1/11/1977,94.83,191107,9.63,0.47
1/12/1977,95.1,191108,9.17,0.47
1/01/1978,89.25,191109,8.67,0.47
1/02/1978,87.04,191110,8.72,0.47
1/03/1978,89.21,191111,9.07,0.47
1/04/1978,96.83,191112,9.11,0.47
1/05/1978,97.24,191201,9.12,0.4708
1/06/1978,95.53,191202,9.04,0.4717
1/07/1978,100.68,191203,9.3,0.4725
1/08/1978,103.29,191204,9.59,0.4733
1/09/1978,102.54,191205,9.58,0.4742
1/10/1978,93.15,191206,9.58,0.475
1/11/1978,94.7,191207,9.59,0.4758
1/12/1978,96.11,191208,9.81,0.4767
1/01/1979,99.93,191209,9.86,0.4775
1/02/1979,96.28,191210,9.84,0.4783
1/03/1979,101.59,191211,9.73,0.4792
1/04/1979,101.76,191212,9.38,0.48
1/05/1979,99.08,191301,9.3,0.48
1/06/1979,102.91,191302,8.97,0.48
1/07/1979,103.81,191303,8.8,0.48
1/08/1979,109.32,191304,8.79,0.48
1/09/1979,109.32,191305,8.55,0.48
1/10/1979,101.82,191306,8.12,0.48
1/11/1979,106.16,191307,8.23,0.48
1/12/1979,107.94,191308,8.45,0.48
1/01/1980,114.16,191309,8.53,0.48
1/02/1980,113.66,191310,8.26,0.48
1/03/1980,102.09,191311,8.05,0.48
1/04/1980,106.29,191312,8.04,0.48
1/05/1980,111.24,191401,8.37,0.475
1/06/1980,114.24,191402,8.48,0.47
1/07/1980,121.67,191403,8.32,0.465
1/08/1980,122.38,191404,8.12,0.46
1/09/1980,125.46,191405,8.17,0.455
1/10/1980,127.47,191406,8.13,0.45
1/11/1980,140.52,191407,7.68,0.445
1/12/1980,135.76,191408,7.68,0.44
1/01/1981,129.55,191409,7.68,0.435
1/02/1981,131.27,191410,7.68,0.43
1/03/1981,136,191411,7.68,0.425
1/04/1981,132.81,191412,7.35,0.42
1/05/1981,132.59,191501,7.48,0.4208
1/06/1981,131.21,191502,7.38,0.4217
1/07/1981,130.92,191503,7.57,0.4225
1/08/1981,122.79,191504,8.14,0.4233
1/09/1981,116.18,191505,7.95,0.4242
1/10/1981,121.89,191506,8.04,0.425
1/11/1981,126.35,191507,8.01,0.4258
1/12/1981,122.55,191508,8.35,0.4267
1/01/1982,120.4,191509,8.66,0.4275
1/02/1982,113.11,191510,9.14,0.4283
1/03/1982,111.96,191511,9.46,0.4292
1/04/1982,116.44,191512,9.48,0.43
1/05/1982,111.88,191601,9.33,0.4408
1/06/1982,109.61,191602,9.2,0.4517
1/07/1982,107.09,191603,9.17,0.4625
1/08/1982,119.51,191604,9.07,0.4733
1/09/1982,120.42,191605,9.27,0.4842
1/10/1982,133.71,191606,9.36,0.495
1/11/1982,138.54,191607,9.23,0.5058
1/12/1982,140.64,191608,9.3,0.5167
1/01/1983,145.3,191609,9.68,0.5275
1/02/1983,148.06,191610,9.98,0.5383
1/03/1983,152.96,191611,10.21,0.5492
1/04/1983,164.42,191612,9.8,0.56
1/05/1983,162.39,191701,9.57,0.5708
1/06/1983,168.11,191702,9.03,0.5817
1/07/1983,162.56,191703,9.31,0.5925
1/08/1983,164.4,191704,9.17,0.6033
1/09/1983,166.07,191705,8.86,0.6142
1/10/1983,163.55,191706,9.04,0.625
1/11/1983,166.4,191707,8.79,0.6358
1/12/1983,164.93,191708,8.53,0.6467
1/01/1984,163.41,191709,8.12,0.6575
1/02/1984,157.06,191710,7.68,0.6683
1/03/1984,159.18,191711,7.04,0.6792
1/04/1984,160.05,191712,6.8,0.69
1/05/1984,150.55,191801,7.21,0.68
1/06/1984,153.18,191802,7.43,0.67
1/07/1984,150.66,191803,7.28,0.66
1/08/1984,166.68,191804,7.21,0.65
1/09/1984,166.1,191805,7.44,0.64
1/10/1984,166.09,191806,7.45,0.63
1/11/1984,163.58,191807,7.51,0.62
1/12/1984,167.24,191808,7.58,0.61
1/01/1985,179.63,191809,7.54,0.6
1/02/1985,181.19,191810,7.86,0.59
1/03/1985,180.66,191811,8.06,0.58
1/04/1985,179.83,191812,7.9,0.57
1/05/1985,189.55,191901,7.85,0.5667
1/06/1985,191.85,191902,7.88,0.5633
1/07/1985,190.92,191903,8.12,0.56
1/08/1985,188.63,191904,8.39,0.5567
1/09/1985,182.08,191905,8.97,0.5533
1/10/1985,189.82,191906,9.21,0.55
1/11/1985,202.17,191907,9.51,0.5467
1/12/1985,211.28,191908,8.87,0.5433
1/01/1986,211.78,191909,9.01,0.54
1/02/1986,226.92,191910,9.47,0.5367
1/03/1986,238.9,191911,9.19,0.5333
1/04/1986,235.52,191912,8.92,0.53
1/05/1986,247.35,192001,8.83,0.5283
1/06/1986,250.84,192002,8.1,0.5267
1/07/1986,236.12,192003,8.67,0.525
1/08/1986,252.93,192004,8.6,0.5233
1/09/1986,231.32,192005,8.06,0.5217
1/10/1986,243.98,192006,7.92,0.52
1/11/1986,249.22,192007,7.91,0.5183
1/12/1986,242.17,192008,7.6,0.5167
1/01/1987,274.08,192009,7.87,0.515
1/02/1987,284.2,192010,7.88,0.5133
1/03/1987,291.7,192011,7.48,0.5117
1/04/1987,288.36,192012,6.81,0.51
1/05/1987,290.1,192101,7.11,0.5058
1/06/1987,304,192102,7.06,0.5017
1/07/1987,318.66,192103,6.88,0.4975
1/08/1987,329.8,192104,6.91,0.4933
1/09/1987,321.83,192105,7.12,0.4892
1/10/1987,251.79,192106,6.55,0.485
1/11/1987,230.3,192107,6.53,0.4808
1/12/1987,247.08,192108,6.45,0.4767
1/01/1988,257.07,192109,6.61,0.4725
1/02/1988,267.82,192110,6.7,0.4683
1/03/1988,258.89,192111,7.06,0.4642
1/04/1988,261.33,192112,7.31,0.46
1/05/1988,262.16,192201,7.3,0.4642
1/06/1988,273.5,192202,7.46,0.4683
1/07/1988,272.02,192203,7.74,0.4725
1/08/1988,261.52,192204,8.21,0.4767
1/09/1988,271.91,192205,8.53,0.4808
1/10/1988,278.97,192206,8.45,0.485
1/11/1988,273.7,192207,8.51,0.4892
1/12/1988,277.72,192208,8.83,0.4933
1/01/1989,297.47,192209,9.06,0.4975
1/02/1989,288.86,192210,9.26,0.5017
1/03/1989,294.87,192211,8.8,0.5058
1/04/1989,309.64,192212,8.78,0.51
1/05/1989,320.52,192301,8.9,0.5117
1/06/1989,317.98,192302,9.28,0.5133
1/07/1989,346.08,192303,9.43,0.515
1/08/1989,351.45,192304,9.1,0.5167
1/09/1989,349.15,192305,8.67,0.5183
1/10/1989,340.36,192306,8.34,0.52
1/11/1989,345.99,192307,8.06,0.5217
1/12/1989,353.4,192308,8.1,0.5233
1/01/1990,329.08,192309,8.15,0.525
1/02/1990,331.89,192310,8.03,0.5267
1/03/1990,339.94,192311,8.27,0.5283
1/04/1990,330.8,192312,8.55,0.53
1/05/1990,361.23,192401,8.83,0.5317
1/06/1990,358.02,192402,8.87,0.5333
1/07/1990,356.15,192403,8.7,0.535
1/08/1990,322.56,192404,8.5,0.5367
1/09/1990,306.05,192405,8.47,0.5383
1/10/1990,304,192406,8.63,0.54
1/11/1990,322.22,192407,9.03,0.5417
1/12/1990,330.22,192408,9.34,0.5433
1/01/1991,343.93,192409,9.25,0.545
1/02/1991,367.07,192410,9.13,0.5467
1/03/1991,375.22,192411,9.64,0.5483
1/04/1991,375.35,192412,10.16,0.55
1/05/1991,389.83,192501,10.58,0.5542
1/06/1991,371.16,192502,10.67,0.5583
1/07/1991,387.81,192503,10.39,0.5625
1/08/1991,395.43,192504,10.28,0.5667
1/09/1991,387.86,192505,10.61,0.5708
1/10/1991,392.46,192506,10.8,0.575
1/11/1991,375.22,192507,11.1,0.5792
1/12/1991,417.09,192508,11.25,0.5833
1/01/1992,408.79,192509,11.51,0.5875
1/02/1992,412.7,192510,11.89,0.5917
1/03/1992,403.69,192511,12.26,0.5958
1/04/1992,414.95,192512,12.46,0.6
1/05/1992,415.35,192601,12.74,0.6075
1/06/1992,408.14,192602,12.18,0.615
1/07/1992,424.21,192603,11.46,0.6225
1/08/1992,414.03,192604,11.72,0.63
1/09/1992,417.8,192605,11.81,0.6375
1/10/1992,418.68,192606,12.32,0.645
1/11/1992,431.35,192607,12.88,0.6525
1/12/1992,435.71,192608,13.1,0.66
1/01/1993,438.78,192609,13.4,0.6675
1/02/1993,443.38,192610,12.98,0.675
1/03/1993,451.67,192611,13.27,0.6825
1/04/1993,440.19,192612,13.49,0.69
1/05/1993,450.19,192701,13.21,0.6967
1/06/1993,450.53,192702,13.84,0.7033
1/07/1993,448.13,192703,13.93,0.71
1/08/1993,463.56,192704,14.17,0.7167
1/09/1993,458.93,192705,14.91,0.7233
1/10/1993,467.83,192706,14.77,0.73
1/11/1993,461.79,192707,15.73,0.7367
1/12/1993,466.45,192708,16.43,0.7433
1/01/1994,481.61,192709,17.14,0.75
1/02/1994,467.14,192710,16.23,0.7567
1/03/1994,445.77,192711,17.33,0.7633
1/04/1994,450.91,192712,17.66,0.77
1/05/1994,456.51,192801,17.57,0.7767
1/06/1994,444.27,192802,17.26,0.7833
1/07/1994,458.25,192803,19.13,0.79
1/08/1994,475.5,192804,19.75,0.7967
1/09/1994,462.71,192805,20,0.8033
1/10/1994,472.35,192806,19.19,0.81
1/11/1994,453.69,192807,19.43,0.8167
1/12/1994,459.27,192808,20.87,0.8233
1/01/1995,470.42,192809,21.37,0.83
1/02/1995,487.39,192810,21.68,0.8367
1/03/1995,500.71,192811,24.28,0.8433
1/04/1995,514.71,192812,24.35,0.85
1/05/1995,533.4,192901,25.74,0.86
1/06/1995,544.75,192902,25.59,0.87
1/07/1995,562.06,192903,25.53,0.88
1/08/1995,561.88,192904,25.94,0.89
1/09/1995,584.41,192905,24.83,0.9
1/10/1995,581.5,192906,27.62,0.91
1/11/1995,605.37,192907,28.88,0.92
1/12/1995,615.93,192908,31.71,0.93
1/01/1996,636.02,192909,30.16,0.94
1/02/1996,640.43,192910,24.15,0.95
1/03/1996,645.5,192911,20.92,0.96
1/04/1996,654.17,192912,21.45,0.97
1/05/1996,669.12,193001,22.79,0.9708
1/06/1996,670.63,193002,23.28,0.9717
1/07/1996,639.95,193003,25.14,0.9725
1/08/1996,651.99,193004,24.9,0.9733
1/09/1996,687.31,193005,24.49,0.9742
1/10/1996,705.27,193006,20.46,0.975
1/11/1996,757.02,193007,21.21,0.9758
1/12/1996,740.74,193008,21.37,0.9767
1/01/1997,786.16,193009,18.59,0.9775
1/02/1997,790.82,193010,16.94,0.9783
1/03/1997,757.12,193011,16.57,0.9792
1/04/1997,801.34,193012,15.34,0.98
1/05/1997,848.28,193101,16.09,0.9667
1/06/1997,885.14,193102,17.93,0.9533
1/07/1997,954.29,193103,16.69,0.94
1/08/1997,899.47,193104,15.09,0.9267
1/09/1997,947.28,193105,13.02,0.9133
1/10/1997,914.62,193106,14.83,0.9
1/11/1997,955.4,193107,13.73,0.8867
1/12/1997,970.43,193108,13.86,0.8733
1/01/1998,980.28,193109,9.71,0.86
1/02/1998,1049.34,193110,10.53,0.8467
1/03/1998,1101.75,193111,9.5,0.8333
1/04/1998,1111.75,193112,8.12,0.82
1/05/1998,1090.82,193201,7.89,0.7933
1/06/1998,1133.84,193202,8.29,0.7667
1/07/1998,1120.67,193203,7.31,0.74
1/08/1998,957.28,193204,5.83,0.7133
1/09/1998,1017.01,193205,4.47,0.6867
1/10/1998,1098.67,193206,4.43,0.66
1/11/1998,1163.63,193207,6.1,0.6333
1/12/1998,1229.23,193208,8.39,0.6067
1/01/1999,1279.64,193209,8.08,0.58
1/02/1999,1238.33,193210,6.96,0.5533
1/03/1999,1286.37,193211,6.55,0.5267
1/04/1999,1335.18,193212,6.89,0.5
1/05/1999,1301.84,193301,6.94,0.495
1/06/1999,1372.71,193302,5.66,0.49
1/07/1999,1328.72,193303,5.85,0.485
1/08/1999,1320.41,193304,8.32,0.48
1/09/1999,1282.71,193305,9.64,0.475
1/10/1999,1362.93,193306,10.91,0.47
1/11/1999,1388.91,193307,9.95,0.465
1/12/1999,1469.25,193308,11.09,0.46
1/01/2000,1394.46,193309,9.83,0.455
1/02/2000,1366.42,193310,8.96,0.45
1/03/2000,1498.58,193311,9.88,0.445
1/04/2000,1452.43,193312,10.1,0.44
1/05/2000,1420.6,193401,11.17,0.4408
1/06/2000,1454.6,193402,10.76,0.4417
1/07/2000,1430.83,193403,10.75,0.4425
1/08/2000,1517.68,193404,10.46,0.4433
1/09/2000,1436.51,193405,9.61,0.4442
1/10/2000,1429.4,193406,9.81,0.445
1/11/2000,1314.95,193407,8.68,0.4458
1/12/2000,1320.28,193408,9.15,0.4467
1/01/2001,1366.01,193409,9.1,0.4475
1/02/2001,1239.94,193410,8.81,0.4483
1/03/2001,1160.33,193411,9.54,0.4492
1/04/2001,1249.46,193412,9.5,0.45
1/05/2001,1255.82,193501,9.1,0.45
1/06/2001,1224.42,193502,8.74,0.45
1/07/2001,1211.23,193503,8.47,0.45
1/08/2001,1133.58,193504,9.28,0.4467
1/09/2001,1040.94,193505,9.58,0.4433
1/10/2001,1059.78,193506,10.23,0.44
1/11/2001,1139.45,193507,11.08,0.44
1/12/2001,1148.08,193508,11.32,0.44
1/01/2002,1130.2,193509,11.59,0.44
1/02/2002,1106.73,193510,12.46,0.45
1/03/2002,1147.39,193511,12.95,0.46
1/04/2002,1076.92,193512,13.43,0.47
1/05/2002,1067.14,193601,14.31,0.48
1/06/2002,989.81,193602,14.55,0.49
1/07/2002,911.62,193603,14.92,0.5
1/08/2002,916.07,193604,13.77,0.5167
1/09/2002,815.29,193605,14.4,0.5333
1/10/2002,885.76,193606,14.84,0.55
1/11/2002,936.31,193607,15.85,0.57
1/12/2002,879.82,193608,15.99,0.59
1/01/2003,855.7,193609,16.01,0.61
1/02/2003,841.15,193610,17.21,0.6467
1/03/2003,848.18,193611,17.28,0.6833
1/04/2003,916.92,193612,17.18,0.72
1/05/2003,963.59,193701,17.83,0.73
1/06/2003,974.51,193702,18.09,0.74
1/07/2003,990.31,193703,17.92,0.75
1/08/2003,1008.01,193704,16.43,0.78
1/09/2003,995.97,193705,16.26,0.81
1/10/2003,1050.71,193706,15.4,0.84
1/11/2003,1058.2,193707,16.98,0.8167
1/12/2003,1111.92,193708,16.04,0.7933
1/01/2004,1131.13,193709,13.76,0.77
1/02/2004,1144.94,193710,12.36,0.78
1/03/2004,1126.21,193711,11.11,0.79
1/04/2004,1107.3,193712,10.55,0.8
1/05/2004,1120.68,193801,10.69,0.7933
1/06/2004,1140.84,193802,11.34,0.7867
1/07/2004,1101.72,193803,8.5,0.78
1/08/2004,1104.24,193804,9.7,0.7667
1/09/2004,1114.58,193805,9.27,0.7533
1/10/2004,1130.2,193806,11.56,0.74
1/11/2004,1173.82,193807,12.4,0.7133
1/12/2004,1211.92,193808,12.06,0.6867
1/01/2005,1181.27,193809,12.24,0.66
1/02/2005,1203.6,193810,13.17,0.61
1/03/2005,1180.59,193811,12.73,0.56
1/04/2005,1156.85,193812,13.21,0.51
1/05/2005,1191.5,193901,12.3,0.5133
1/06/2005,1191.33,193902,12.7,0.5167
1/07/2005,1234.18,193903,10.98,0.52
1/08/2005,1220.33,193904,10.92,0.5233
1/09/2005,1228.81,193905,11.6,0.5267
1/10/2005,1207.01,193906,10.86,0.53
1/11/2005,1249.48,193907,12.04,0.54
1/12/2005,1248.29,193908,11.18,0.55
1/01/2006,1280.08,193909,13.02,0.56
1/02/2006,1280.66,193910,12.83,0.58
1/03/2006,1294.87,193911,12.2,0.6
1/04/2006,1310.61,193912,12.49,0.62
1/05/2006,1270.09,194001,12.05,0.6233
1/06/2006,1270.2,194002,12.13,0.6267
1/07/2006,1276.66,194003,12.25,0.63
1/08/2006,1303.82,194004,12.19,0.6367
1/09/2006,1335.85,194005,9.27,0.6433
1/10/2006,1377.94,194006,9.98,0.65
1/11/2006,1400.63,194007,10.29,0.6567
1/12/2006,1418.3,194008,10.56,0.6633
1/01/2007,1438.24,194009,10.66,0.67
1/02/2007,1406.82,194010,11.08,0.67
1/03/2007,1420.86,194011,10.61,0.67
1/04/2007,1482.37,194012,10.58,0.67
1/05/2007,1530.62,194101,10.07,0.6733
1/06/2007,1503.35,194102,9.92,0.6767
1/07/2007,1455.27,194103,9.96,0.68
1/08/2007,1473.99,194104,9.31,0.6833
1/09/2007,1526.75,194105,9.35,0.6867
1/10/2007,1549.38,194106,9.85,0.69
1/11/2007,1481.14,194107,10.39,0.6933
1/12/2007,1468.36,194108,10.3,0.6967
1/01/2008,1378.55,194109,10.2,0.7
1/02/2008,1330.63,194110,9.5,0.7033
1/03/2008,1322.7,194111,9.1,0.7067
1/04/2008,1385.59,194112,8.69,0.71
1/05/2008,1400.38,194201,8.81,0.7033
1/06/2008,1280,194202,8.59,0.6967
1/07/2008,1267.38,194203,8.01,0.69
1/08/2008,1282.83,194204,7.66,0.68
1/09/2008,1166.36,194205,8.15,0.67
1/10/2008,968.75,194206,8.3,0.66
1/11/2008,896.24,194207,8.56,0.6467
1/12/2008,903.25,194208,8.62,0.6333
1/01/2009,825.88,194209,8.85,0.62
1/02/2009,735.09,194210,9.42,0.61
1/03/2009,797.87,194211,9.29,0.6
1/04/2009,872.81,194212,9.77,0.59
1/05/2009,919.14,194301,10.47,0.59
1/06/2009,919.32,194302,11,0.59
1/07/2009,987.48,194303,11.58,0.59
1/08/2009,1020.62,194304,11.59,0.59
1/09/2009,1057.08,194305,12.11,0.59
1/10/2009,1036.19,194306,12.35,0.59
1/11/2009,1095.63,194307,11.68,0.5933
1/12/2009,1115.1,194308,11.8,0.5967
1/01/2010,1073.87,194309,12.08,0.6
1/02/2010,1104.49,194310,11.92,0.6033
1/03/2010,1169.43,194311,11.02,0.6067
1/04/2010,1186.69,194312,11.67,0.61
1/05/2010,1089.41,194401,11.85,0.6133
1/06/2010,1030.71,194402,11.82,0.6167
1/07/2010,1101.6,194403,12.02,0.62
1/08/2010,1049.33,194404,11.87,0.6233
1/09/2010,1141.2,194405,12.35,0.6267
1/10/2010,1183.26,194406,12.98,0.63
1/11/2010,1180.55,194407,12.71,0.6333
1/12/2010,1257.64,194408,12.82,0.6367
1/01/2011,1286.12,194409,12.78,0.64
1/02/2011,1327.22,194410,12.78,0.64
1/03/2011,1325.83,194411,12.83,0.64
1/04/2011,1363.61,194412,13.28,0.64
1/05/2011,1345.2,194501,13.47,0.6433
1/06/2011,1320.64,194502,14.3,0.6467
1/07/2011,1292.28,194503,13.64,0.65
1/08/2011,1218.89,194504,14.84,0.65
1/09/2011,1131.42,194505,15.01,0.65
1/10/2011,1253.3,194506,14.96,0.65
1/11/2011,1246.96,194507,14.66,0.6533
1/12/2011,1257.6,194508,15.51,0.6567
1/01/2012,1312.41,194509,16.16,0.66
1/02/2012,1365.68,194510,16.65,0.66
1/03/2012,1408.47,194511,17.19,0.66
1/04/2012,1397.91,194512,17.36,0.66
1/05/2012,1310.33,194601,18.57,0.6667
1/06/2012,1362.16,194602,17.28,0.6733
1/07/2012,1379.32,194603,18.08,0.68
1/08/2012,1406.58,194604,18.76,0.68
1/09/2012,1440.67,194605,19.18,0.68
1/10/2012,1412.16,194606,18.43,0.68
1/11/2012,1416.18,194607,17.96,0.6833
1/12/2012,1426.19,194608,16.65,0.6867
1/01/2013,1498.11,194609,14.96,0.69
1/02/2013,1514.68,194610,14.84,0.6967
1/03/2013,1569.19,194611,14.67,0.7033
1/04/2013,1597.57,194612,15.3,0.71
1/05/2013,1630.74,194701,15.66,0.7133
1/06/2013,1606.28,194702,15.43,0.7167
1/07/2013,1685.73,194703,15.17,0.72
1/08/2013,1632.97,194704,14.58,0.7333
1/09/2013,1681.55,194705,14.45,0.7467
1/10/2013,1756.54,194706,15.21,0.76
1/11/2013,1805.81,194707,15.76,0.77
1/12/2013,1848.36,194708,15.32,0.78
1/01/2014,1782.59,194709,15.11,0.79
1/02/2014,1859.45,194710,15.43,0.8067
1/03/2014,1872.34,194711,14.99,0.8233
1/04/2014,1883.95,194712,15.3,0.84
1/05/2014,1923.57,194801,14.69,0.8433
1/06/2014,1960.23,194802,14,0.8467
1/07/2014,1930.67,194803,15.08,0.85
1/08/2014,2003.37,194804,15.48,0.85
1/09/2014,1972.29,194805,16.69,0.85
1/10/2014,2018.05,194806,16.74,0.85
1/11/2014,2067.56,194807,15.85,0.8567
1/12/2014,2058.9,194808,15.97,0.8633
1/01/2015,1994.98999,194809,15.49,0.87
1/02/2015,2104.5,194810,16.54,0.89
1/03/2015,2067.889893,194811,14.75,0.91
1/04/2015,2085.51001,194812,15.2,0.93
1/05/2015,2107.389893,194901,15.22,0.9467
1/06/2015,2063.110107,194902,14.62,0.9633
1/07/2015,2103.840088,194903,15.06,0.98
1/08/2015,1972.180054,194904,14.74,0.9933
1/09/2015,1920.030029,194905,14.19,1.0067
1/10/2015,2079.360107,194906,14.16,1.02
1/11/2015,2080.409912,194907,15.04,1.0267
1/12/2015,2043.939941,194908,15.22,1.0333
1/01/2016,1940.24,194909,15.58,1.04
1/02/2016,1932.23,194910,16.04,1.0733
1/03/2016,2059.74,194911,16.06,1.1067
1/04/2016,2065.3,194912,16.76,1.14
1/05/2016,2096.95,195001,17.05,1.15
1/06/2016,2098.86,195002,17.22,1.16
1/07/2016,2173.6,195003,17.29,1.17
1/08/2016,2170.95,195004,18.07,1.18
1/09/2016,2168.27,195005,18.78,1.19
1/10/2016,2126.15,195006,17.69,1.2
1/11/2016,2198.81,195007,17.84,1.2433
1/12/2016,2238.83,195008,18.42,1.2867
1/01/2017,2278.870117,195009,19.45,1.33
1/02/2017,2363.639893,195010,19.53,1.3767
1/03/2017,2362.719971,195011,19.51,1.4233
1/04/2017,2384.199951,195012,20.41,1.47
1/05/2017,2411.800049,195101,21.66,1.4867
1/06/2017,2423.409912,195102,21.8,1.5033
1/07/2017,2470.300049,195103,21.4,1.52
1/08/2017,2471.649902,195104,22.43,1.5333
1/09/2017,2519.360107,195105,21.52,1.5467
1/10/2017,2575.26001,195106,20.96,1.56
1/11/2017,2584.840088,195107,22.4,1.5467
1/12/2017,2673.610107,195108,23.28,1.5333
1/01/2018,2823.81,195109,23.26,1.52
1/02/2018,2713.83,195110,22.94,1.4833
1/03/2018,2640.87,195111,22.88,1.4467
1/04/2018,2648.05,195112,23.77,1.41
1/05/2018,2705.27,195201,24.14,1.4133
1/06/2018,2718.37,195202,23.26,1.4167
1/07/2018,2816.29,195203,24.37,1.42
1/08/2018,2901.52,195204,23.32,1.43
1/09/2018,2913.98,195205,23.86,1.44
1/10/2018,2711.74,195206,24.96,1.45
1/11/2018,2760.17,195207,25.4,1.45
1/12/2018,2506.85,195208,25.03,1.45
1/01/2019,2704.100098,195209,24.54,1.45
1/02/2019,2784.48999,195210,24.52,1.4367
1/03/2019,2834.399902,195211,25.66,1.4233
1/04/2019,2945.830078,195212,26.57,1.41
1/05/2019,2752.060059,195301,26.38,1.41
1/06/2019,2941.76001,195302,25.9,1.41
1/07/2019,2980.379883,195303,25.29,1.41
1/08/2019,2926.459961,195304,24.62,1.4133
1/09/2019,2976.73999,195305,24.54,1.4167
1/10/2019,3037.560059,195306,24.14,1.42
1/11/2019,3140.97998,195307,24.75,1.42
1/12/2019,3230.780029,195308,23.32,1.42
1/01/2020,3225.52,195309,23.35,1.42
1/02/2020,2954.22,195310,24.54,1.43
1/03/2020,2584.59,195311,24.76,1.44
1/04/2020,2912.43,195312,24.81,1.45
1/05/2020,3044.31,195401,26.08,1.4567
1/06/2020,3100.29,195402,26.15,1.4633
1/07/2020,3271.12,195403,26.94,1.47
1/08/2020,3500.31,195404,28.26,1.4633
1/09/2020,3363,195405,29.19,1.4567
1/10/2020,3269.96,195406,29.21,1.45
1/11/2020,3621.63,195407,30.88,1.4567
1/12/2020,3756.07,195408,29.83,1.4633
1/01/2021,3714.24,195409,32.31,1.47
1/02/2021,3811.15,195410,31.68,1.4933
1/03/2021,3972.89,195411,34.24,1.5167
1/04/2021,4181.17,195412,35.98,1.54
1/05/2021,4204.11,195501,36.63,1.5467
1/06/2021,4297.5,195502,36.76,1.5533
1/07/2021,4395.26,195503,36.58,1.56
1/08/2021,4522.68,195504,37.96,1.5633
1/09/2021,4307.54,195505,37.91,1.5667
1/10/2021,4605.38,195506,41.03,1.57
1/11/2021,4567,195507,43.52,1.5867
1/12/2021,4766.18,195508,43.18,1.6033
,,195509,43.67,1.62
,,195510,42.34,1.6267
,,195511,45.51,1.6333
,,195512,45.48,1.64
,,195601,43.82,1.67
,,195602,45.34,1.7
,,195603,48.48,1.73
,,195604,48.38,1.7533
,,195605,45.2,1.7767
,,195606,46.97,1.8
,,195607,49.39,1.8133
,,195608,47.51,1.8267
,,195609,45.35,1.84
,,195610,45.58,1.8067
,,195611,45.08,1.7733
,,195612,46.67,1.74
,,195701,44.72,1.7367
,,195702,43.26,1.7333
,,195703,44.11,1.73
,,195704,45.74,1.73
,,195705,47.43,1.73
,,195706,47.37,1.73
,,195707,47.91,1.74
,,195708,45.22,1.75
,,195709,42.42,1.76
,,195710,41.06,1.77
,,195711,41.72,1.78
,,195712,39.99,1.79
,,195801,41.7,1.7833
,,195802,40.84,1.7767
,,195803,42.1,1.77
,,195804,43.44,1.7567
,,195805,44.09,1.7433
,,195806,45.24,1.73
,,195807,47.19,1.73
,,195808,47.75,1.73
,,195809,50.06,1.73
,,195810,51.33,1.7367
,,195811,52.48,1.7433
,,195812,55.21,1.75
,,195901,55.42,1.7567
,,195902,55.41,1.7633
,,195903,55.44,1.77
,,195904,57.59,1.7767
,,195905,58.68,1.7833
,,195906,58.47,1.79
,,195907,60.51,1.7967
,,195908,59.6,1.8033
,,195909,56.88,1.81
,,195910,57.52,1.8167
,,195911,58.28,1.8233
,,195912,59.89,1.83
,,196001,55.61,1.8667
,,196002,56.12,1.9033
,,196003,55.34,1.94
,,196004,54.37,1.9433
,,196005,55.83,1.9467
,,196006,56.92,1.95
,,196007,55.51,1.95
,,196008,56.96,1.95
,,196009,53.52,1.95
,,196010,53.39,1.95
,,196011,55.54,1.95
,,196012,58.11,1.95
,,196101,61.78,1.9467
,,196102,63.44,1.9433
,,196103,65.06,1.94
,,196104,65.31,1.94
,,196105,66.56,1.94
,,196106,64.64,1.94
,,196107,66.76,1.9467
,,196108,68.07,1.9533
,,196109,66.73,1.96
,,196110,68.62,1.98
,,196111,71.32,2
,,196112,71.55,2.02
,,196201,68.84,2.0267
,,196202,69.96,2.0333
,,196203,69.55,2.04
,,196204,65.24,2.0467
,,196205,59.63,2.0533
,,196206,54.75,2.06
,,196207,58.23,2.0667
,,196208,59.12,2.0733
,,196209,56.27,2.08
,,196210,56.52,2.0967
,,196211,62.26,2.1133
,,196212,63.1,2.13
,,196301,66.2,2.1367
,,196302,64.29,2.1433
,,196303,66.57,2.15
,,196304,69.8,2.1667
,,196305,70.8,2.1833
,,196306,69.37,2.2
,,196307,69.13,2.2033
,,196308,72.5,2.2067
,,196309,71.7,2.21
,,196310,74.01,2.2333
,,196311,73.23,2.2567
,,196312,75.02,2.28
,,196401,77.04,2.2967
,,196402,77.8,2.3133
,,196403,78.98,2.33
,,196404,79.46,2.3467
,,196405,80.37,2.3633
,,196406,81.69,2.38
,,196407,83.18,2.4
,,196408,81.83,2.42
,,196409,84.18,2.44
,,196410,84.86,2.46
,,196411,84.42,2.48
,,196412,84.75,2.5
,,196501,87.56,2.5167
,,196502,87.43,2.5333
,,196503,86.16,2.55
,,196504,89.11,2.57
,,196505,88.42,2.59
,,196506,84.12,2.61
,,196507,85.25,2.6267
,,196508,87.17,2.6433
,,196509,89.96,2.66
,,196510,92.42,2.68
,,196511,91.61,2.7
,,196512,92.43,2.72
,,196601,92.88,2.74
,,196602,91.22,2.76
,,196603,89.23,2.78
,,196604,91.06,2.7967
,,196605,86.13,2.8133
,,196606,84.74,2.83
,,196607,83.6,2.85
,,196608,77.1,2.87
,,196609,76.56,2.89
,,196610,80.2,2.8833
,,196611,80.45,2.8767
,,196612,80.33,2.87
,,196701,86.61,2.88
,,196702,86.78,2.89
,,196703,90.2,2.9
,,196704,94.01,2.9
,,196705,89.08,2.9
,,196706,90.64,2.9
,,196707,94.75,2.9067
,,196708,93.64,2.9133
,,196709,96.71,2.92
,,196710,93.9,2.92
,,196711,94,2.92
,,196712,96.47,2.92
,,196801,92.24,2.93
,,196802,89.36,2.94
,,196803,90.2,2.95
,,196804,97.59,2.9633
,,196805,98.68,2.9767
,,196806,99.58,2.99
,,196807,97.74,3.0033
,,196808,98.86,3.0167
,,196809,102.67,3.03
,,196810,103.41,3.0433
,,196811,108.37,3.0567
,,196812,103.86,3.07
,,196901,103.01,3.08
,,196902,98.13,3.09
,,196903,101.51,3.1
,,196904,103.69,3.11
,,196905,103.46,3.12
,,196906,97.71,3.13
,,196907,91.83,3.1367
,,196908,95.51,3.1433
,,196909,93.12,3.15
,,196910,97.24,3.1533
,,196911,93.81,3.1567
,,196912,92.06,3.16
,,197001,85.02,3.1633
,,197002,89.5,3.1667
,,197003,89.63,3.17
,,197004,81.52,3.1733
,,197005,76.55,3.1767
,,197006,72.72,3.18
,,197007,78.05,3.1833
,,197008,81.52,3.1867
,,197009,84.21,3.19
,,197010,83.25,3.1733
,,197011,87.2,3.1567
,,197012,92.15,3.14
,,197101,95.88,3.13
,,197102,96.75,3.12
,,197103,100.31,3.11
,,197104,103.95,3.1067
,,197105,99.63,3.1033
,,197106,99.7,3.1
,,197107,95.58,3.0967
,,197108,99.03,3.0933
,,197109,98.34,3.09
,,197110,94.23,3.0833
,,197111,93.99,3.0767
,,197112,102.09,3.07
,,197201,103.94,3.07
,,197202,106.57,3.07
,,197203,107.2,3.07
,,197204,107.67,3.07
,,197205,109.53,3.07
,,197206,107.14,3.07
,,197207,107.39,3.0733
,,197208,111.09,3.0767
,,197209,110.55,3.08
,,197210,111.58,3.1033
,,197211,116.67,3.1267
,,197212,118.05,3.15
,,197301,116.03,3.1567
,,197302,111.68,3.1633
,,197303,111.52,3.17
,,197304,106.97,3.1867
,,197305,104.95,3.2033
,,197306,104.26,3.22
,,197307,108.22,3.2367
,,197308,104.25,3.2533
,,197309,108.43,3.27
,,197310,108.29,3.3067
,,197311,95.96,3.3433
,,197312,97.55,3.38
,,197401,96.57,3.4
,,197402,96.22,3.42
,,197403,93.98,3.44
,,197404,90.31,3.46
,,197405,87.28,3.48
,,197406,86,3.5
,,197407,79.31,3.53
,,197408,72.15,3.56
,,197409,63.54,3.59
,,197410,73.9,3.5933
,,197411,69.97,3.5967
,,197412,68.56,3.6
,,197501,76.98,3.6233
,,197502,81.59,3.6467
,,197503,83.36,3.67
,,197504,87.3,3.6833
,,197505,91.15,3.6967
,,197506,95.19,3.71
,,197507,88.75,3.71
,,197508,86.88,3.71
,,197509,83.87,3.71
,,197510,89.04,3.7
,,197511,91.24,3.69
,,197512,90.19,3.68
,,197601,100.86,3.6833
,,197602,99.71,3.6867
,,197603,102.77,3.69
,,197604,101.64,3.7133
,,197605,100.18,3.7367
,,197606,104.28,3.76
,,197607,103.44,3.79
,,197608,102.91,3.82
,,197609,105.24,3.85
,,197610,102.9,3.9167
,,197611,102.1,3.9833
,,197612,107.46,4.05
,,197701,102.03,4.0967
,,197702,99.82,4.1433
,,197703,98.42,4.19
,,197704,98.44,4.2467
,,197705,96.12,4.3033
,,197706,100.48,4.36
,,197707,98.85,4.4067
,,197708,96.77,4.4533
,,197709,96.53,4.5
,,197710,92.34,4.5567
,,197711,94.83,4.6133
,,197712,95.1,4.67
,,197801,89.25,4.7133
,,197802,87.04,4.7567
,,197803,89.21,4.8
,,197804,96.83,4.8367
,,197805,97.24,4.8733
,,197806,95.53,4.91
,,197807,100.68,4.9467
,,197808,103.29,4.9833
,,197809,102.54,5.02
,,197810,93.15,5.0367
,,197811,94.7,5.0533
,,197812,96.11,5.07
,,197901,99.93,5.1133
,,197902,96.28,5.1567
,,197903,101.59,5.2
,,197904,101.76,5.2467
,,197905,99.08,5.2933
,,197906,102.91,5.34
,,197907,103.81,5.3967
,,197908,109.32,5.4533
,,197909,109.32,5.51
,,197910,101.82,5.5567
,,197911,106.16,5.6033
,,197912,107.94,5.65
,,198001,114.16,5.7
,,198002,113.66,5.75
,,198003,102.09,5.8
,,198004,106.29,5.8467
,,198005,111.24,5.8933
,,198006,114.24,5.94
,,198007,121.67,5.9833
,,198008,122.38,6.0267
,,198009,125.46,6.07
,,198010,127.47,6.1
,,198011,140.52,6.13
,,198012,135.76,6.16
,,198101,129.55,6.2
,,198102,131.27,6.24
,,198103,136,6.28
,,198104,132.81,6.3167
,,198105,132.59,6.3533
,,198106,131.21,6.39
,,198107,130.92,6.4333
,,198108,122.79,6.4767
,,198109,116.18,6.52
,,198110,121.89,6.5567
,,198111,126.35,6.5933
,,198112,122.55,6.63
,,198201,120.4,6.66
,,198202,113.11,6.69
,,198203,111.96,6.72
,,198204,116.44,6.75
,,198205,111.88,6.78
,,198206,109.61,6.81
,,198207,107.09,6.8233
,,198208,119.51,6.8367
,,198209,120.42,6.85
,,198210,133.71,6.8567
,,198211,138.54,6.8633
,,198212,140.64,6.87
,,198301,145.3,6.8833
,,198302,148.06,6.8967
,,198303,152.96,6.91
,,198304,164.42,6.92
,,198305,162.39,6.93
,,198306,168.11,6.94
,,198307,162.56,6.96
,,198308,164.4,6.98
,,198309,166.07,7
,,198310,163.55,7.03
,,198311,166.4,7.06
,,198312,164.93,7.09
,,198401,163.41,7.12
,,198402,157.06,7.15
,,198403,159.18,7.18
,,198404,160.05,7.2233
,,198405,150.55,7.2667
,,198406,153.18,7.31
,,198407,150.66,7.3333
,,198408,166.68,7.3567
,,198409,166.1,7.38
,,198410,166.09,7.43
,,198411,163.58,7.48
,,198412,167.24,7.53
,,198501,179.63,7.5733
,,198502,181.19,7.6167
,,198503,180.66,7.66
,,198504,179.83,7.6867
,,198505,189.55,7.7133
,,198506,191.85,7.74
,,198507,190.92,7.7733
,,198508,188.63,7.8067
,,198509,182.08,7.84
,,198510,189.82,7.86
,,198511,202.17,7.88
,,198512,211.28,7.9
,,198601,211.78,7.94
,,198602,226.92,7.98
,,198603,238.9,8.02
,,198604,235.52,8.0467
,,198605,247.35,8.0733
,,198606,250.84,8.1
,,198607,236.12,8.1433
,,198608,252.93,8.1867
,,198609,231.32,8.23
,,198610,243.98,8.2467
,,198611,249.22,8.2633
,,198612,242.17,8.28
,,198701,274.08,8.3
,,198702,284.2,8.32
,,198703,291.7,8.34
,,198704,288.36,8.4
,,198705,290.1,8.46
,,198706,304,8.52
,,198707,318.66,8.5667
,,198708,329.8,8.6133
,,198709,321.83,8.66
,,198710,251.79,8.71
,,198711,230.3,8.76
,,198712,247.08,8.81
,,198801,257.07,8.8567
,,198802,267.82,8.9033
,,198803,258.89,8.95
,,198804,261.33,9.0433
,,198805,262.16,9.1367
,,198806,273.5,9.23
,,198807,272.02,9.3067
,,198808,261.52,9.3833
,,198809,271.91,9.46
,,198810,278.97,9.5567
,,198811,273.7,9.6533
,,198812,277.72,9.75
,,198901,297.47,9.837
,,198902,288.86,9.924
,,198903,294.87,10.011
,,198904,309.64,10.13
,,198905,320.52,10.249
,,198906,317.98,10.368
,,198907,346.08,10.49
,,198908,351.45,10.612
,,198909,349.15,10.734
,,198910,340.36,10.841
,,198911,345.99,10.948
,,198912,353.4,11.055
,,199001,329.08,11.1427
,,199002,331.89,11.2303
,,199003,339.94,11.318
,,199004,330.8,11.433
,,199005,361.23,11.548
,,199006,358.02,11.663
,,199007,356.15,11.72
,,199008,322.56,11.777
,,199009,306.05,11.834
,,199010,304,11.918
,,199011,322.22,12.002
,,199012,330.22,12.086
,,199101,343.93,12.094
,,199102,367.07,12.102
,,199103,375.22,12.11
,,199104,375.35,12.1223
,,199105,389.83,12.1347
,,199106,371.16,12.147
,,199107,387.81,12.1897
,,199108,395.43,12.2323
,,199109,387.86,12.275
,,199110,392.46,12.251
,,199111,375.22,12.227
,,199112,417.09,12.203
,,199201,408.79,12.2433
,,199202,412.7,12.2837
,,199203,403.69,12.324
,,199204,414.95,12.3227
,,199205,415.35,12.3213
,,199206,408.14,12.32
,,199207,424.21,12.345
,,199208,414.03,12.37
,,199209,417.8,12.395
,,199210,418.68,12.3917
,,199211,431.35,12.3883
,,199212,435.71,12.385
,,199301,438.78,12.4163
,,199302,443.38,12.4477
,,199303,451.67,12.479
,,199304,440.19,12.4937
,,199305,450.19,12.5083
,,199306,450.53,12.523
,,199307,448.13,12.5217
,,199308,463.56,12.5203
,,199309,458.93,12.519
,,199310,467.83,12.5383
,,199311,461.79,12.5577
,,199312,466.45,12.577
,,199401,481.61,12.6203
,,199402,467.14,12.6637
,,199403,445.77,12.707
,,199404,450.91,12.7497
,,199405,456.51,12.7923
,,199406,444.27,12.835
,,199407,458.25,12.8643
,,199408,475.5,12.8937
,,199409,462.71,12.923
,,199410,472.35,13.0053
,,199411,453.69,13.0877
,,199412,459.27,13.17
,,199501,470.42,13.17
,,199502,487.39,13.17
,,199503,500.71,13.17
,,199504,514.71,13.2337
,,199505,533.4,13.2973
,,199506,544.75,13.361
,,199507,562.06,13.4323
,,199508,561.88,13.5037
,,199509,584.41,13.575
,,199510,581.5,13.646
,,199511,605.37,13.717
,,199512,615.93,13.788
,,199601,636.02,13.8933
,,199602,640.43,13.9987
,,199603,645.5,14.104
,,199604,654.17,14.1603
,,199605,669.12,14.2167
,,199606,670.63,14.273
,,199607,639.95,14.4033
,,199608,651.99,14.5337
,,199609,687.31,14.664
,,199610,705.27,14.7423
,,199611,757.02,14.8207
,,199612,740.74,14.899
,,199701,786.16,14.9523
,,199702,790.82,15.0057
,,199703,757.12,15.059
,,199704,801.34,15.093
,,199705,848.28,15.127
,,199706,885.14,15.161
,,199707,954.29,15.2183
,,199708,899.47,15.2757
,,199709,947.28,15.333
,,199710,914.62,15.3877
,,199711,955.4,15.4423
,,199712,970.43,15.497
,,199801,980.28,15.545
,,199802,1049.34,15.593
,,199803,1101.75,15.641
,,199804,1111.75,15.744
,,199805,1090.82,15.847
,,199806,1133.84,15.95
,,199807,1120.67,16.0143
,,199808,957.28,16.0787
,,199809,1017.01,16.143
,,199810,1098.67,16.1603
,,199811,1163.63,16.1777
,,199812,1229.23,16.195
,,199901,1279.64,16.2797
,,199902,1238.33,16.3643
,,199903,1286.37,16.449
,,199904,1335.18,16.4487
,,199905,1301.84,16.4483
,,199906,1372.71,16.448
,,199907,1328.72,16.5123
,,199908,1320.41,16.5767
,,199909,1282.71,16.641
,,199910,1362.93,16.658
,,199911,1388.91,16.675
,,199912,1469.25,16.692
,,200001,1394.46,16.7153
,,200002,1366.42,16.7387
,,200003,1498.58,16.762
,,200004,1452.43,16.7427
,,200005,1420.6,16.7233
,,200006,1454.6,16.704
,,200007,1430.83,16.585
,,200008,1517.68,16.466
,,200009,1436.51,16.347
,,200010,1429.4,16.3217
,,200011,1314.95,16.2963
,,200012,1320.28,16.271
,,200101,1366.01,16.1717
,,200102,1239.94,16.0723
,,200103,1160.33,15.973
,,200104,1249.46,15.8773
,,200105,1255.82,15.7817
,,200106,1224.42,15.686
,,200107,1211.23,15.7027
,,200108,1133.58,15.7193
,,200109,1040.94,15.736
,,200110,1059.78,15.7373
,,200111,1139.45,15.7387
,,200112,1148.08,15.74
,,200201,1130.2,15.7367
,,200202,1106.73,15.7333
,,200203,1147.39,15.73
,,200204,1076.92,15.833
,,200205,1067.14,15.936
,,200206,989.81,16.039
,,200207,911.62,15.959
,,200208,916.07,15.879
,,200209,815.29,15.799
,,200210,885.76,15.8907
,,200211,936.31,15.9823
,,200212,879.82,16.074
,,200301,855.7,16.124
,,200302,841.15,16.174
,,200303,848.18,16.224
,,200304,916.92,16.2043
,,200305,963.59,16.1847
,,200306,974.51,16.165
,,200307,990.31,16.3053
,,200308,1008.01,16.4457
,,200309,995.97,16.586
,,200310,1050.71,16.8523
,,200311,1058.2,17.1187
,,200312,1111.92,17.385
,,200401,1131.13,17.598
,,200402,1144.94,17.811
,,200403,1126.21,18.024
,,200404,1107.3,18.2167
,,200405,1120.68,18.4093
,,200406,1140.84,18.602
,,200407,1101.72,18.789
,,200408,1104.24,18.976
,,200409,1114.58,19.163
,,200410,1130.2,19.256
,,200411,1173.82,19.349
,,200412,1211.92,19.442
,,200501,1181.27,19.703
,,200502,1203.6,19.964
,,200503,1180.59,20.225
,,200504,1156.85,20.4583
,,200505,1191.5,20.6917
,,200506,1191.33,20.925
,,200507,1234.18,21.107
,,200508,1220.33,21.289
,,200509,1228.81,21.471
,,200510,1207.01,21.7193
,,200511,1249.48,21.9677
,,200512,1248.29,22.216
,,200601,1280.08,22.4053
,,200602,1280.66,22.5947
,,200603,1294.87,22.784
,,200604,1310.61,23.0017
,,200605,1270.09,23.2193
,,200606,1270.2,23.437
,,200607,1276.66,23.6567
,,200608,1303.82,23.8763
,,200609,1335.85,24.096
,,200610,1377.94,24.3587
,,200611,1400.63,24.6213
,,200612,1418.3,24.884
,,200701,1438.24,25.0873
,,200702,1406.82,25.2907
,,200703,1420.86,25.494
,,200704,1482.37,25.7193
,,200705,1530.62,25.9447
,,200706,1503.35,26.17
,,200707,1455.27,26.4393
,,200708,1473.99,26.7087
,,200709,1526.75,26.978
,,200710,1549.38,27.2293
,,200711,1481.14,27.4807
,,200712,1468.36,27.732
,,200801,1378.55,27.922
,,200802,1330.63,28.112
,,200803,1322.7,28.302
,,200804,1385.59,28.4387
,,200805,1400.38,28.5753
,,200806,1280,28.712
,,200807,1267.38,28.7593
,,200808,1282.83,28.8067
,,200809,1166.36,28.854
,,200810,968.75,28.6983
,,200811,896.24,28.5427
,,200812,903.25,28.387
,,200901,825.88,28.0097
,,200902,735.09,27.6323
,,200903,797.87,27.255
,,200904,872.81,26.7013
,,200905,919.14,26.1477
,,200906,919.32,25.594
,,200907,987.48,25.0297
,,200908,1020.62,24.4653
,,200909,1057.08,23.901
,,200910,1036.19,23.4023
,,200911,1095.63,22.9037
,,200912,1115.1,22.405
,,201001,1073.87,22.238
,,201002,1104.49,22.071
,,201003,1169.43,21.904
,,201004,1186.69,21.9483
,,201005,1089.41,21.9927
,,201006,1030.71,22.037
,,201007,1101.6,22.1423
,,201008,1049.33,22.2477
,,201009,1141.2,22.353
,,201010,1183.26,22.4783
,,201011,1180.55,22.6037
,,201012,1257.64,22.729
,,201101,1286.12,22.963
,,201102,1327.22,23.197
,,201103,1325.83,23.431
,,201104,1363.61,23.7343
,,201105,1345.2,24.0377
,,201106,1320.64,24.341
,,201107,1292.28,24.621
,,201108,1218.89,24.901
,,201109,1131.42,25.181
,,201110,1253.3,25.5957
,,201111,1246.96,26.0103
,,201112,1257.6,26.425
,,201201,1312.41,26.7343
,,201202,1365.68,27.0437
,,201203,1408.47,27.353
,,201204,1397.91,27.6753
,,201205,1310.33,27.9977
,,201206,1362.16,28.32
,,201207,1379.32,28.7433
,,201208,1406.58,29.1667
,,201209,1440.67,29.59
,,201210,1412.16,30.1423
,,201211,1416.18,30.6946
,,201212,1426.19,31.2469
,,201301,1498.11,31.5353
,,201302,1514.68,31.8236
,,201303,1569.19,32.1119
,,201304,1597.57,32.4967
,,201305,1630.74,32.8815
,,201306,1606.28,33.2663
,,201307,1685.73,33.6455
,,201308,1632.97,34.0247
,,201309,1681.55,34.4039
,,201310,1756.54,34.6
,,201311,1805.81,34.796
,,201312,1848.36,34.992
,,201401,1782.59,35.4039
,,201402,1859.45,35.8158
,,201403,1872.34,36.2277
,,201404,1883.95,36.612
,,201405,1923.57,36.9963
,,201406,1960.23,37.3807
,,201407,1930.67,37.752
,,201408,2003.37,38.1233
,,201409,1972.29,38.4946
,,201410,2018.05,38.8108
,,201411,2067.56,39.127
,,201412,2058.9,39.4431
,,201501,1994.99,39.8976
,,201502,2104.5,40.3521
,,201503,2067.89,40.8066
,,201504,2085.51,41.1184
,,201505,2107.39,41.4302
,,201506,2063.11,41.742
,,201507,2103.84,41.9981
,,201508,1972.18,42.2543
,,201509,1920.03,42.5104
,,201510,2079.36,42.8029
,,201511,2080.41,43.0954
,,201512,2043.94,43.3879
,,201601,1940.24,43.5506
,,201602,1932.23,43.7133
,,201603,2059.74,43.8759
,,201604,2065.3,44.0706
,,201605,2096.95,44.2652
,,201606,2098.86,44.4599
,,201607,2173.6,44.6485
,,201608,2170.95,44.8371
,,201609,2168.27,45.0257
,,201610,2126.15,45.2507
,,201611,2198.81,45.4756
,,201612,2238.83,45.7006
,,201701,2278.87,45.9279
,,201702,2363.64,46.1552
,,201703,2362.72,46.3824
,,201704,2384.2,46.6613
,,201705,2411.8,46.9402
,,201706,2423.41,47.219
,,201707,2470.3,47.537
,,201708,2471.65,47.8551
,,201709,2519.36,48.1731
,,201710,2575.26,48.4261
,,201711,2584.84,48.679
,,201712,2673.61,48.932
,,201801,2823.81,49.289
,,201802,2713.83,49.646
,,201803,2640.87,50.003
,,201804,2648.05,50.3321
,,201805,2705.27,50.6612
,,201806,2718.37,50.9903
,,201807,2816.29,51.4399
,,201808,2901.52,51.8894
,,201809,2913.98,52.339
,,201810,2711.74,52.8087
,,201811,2760.17,53.2785
,,201812,2506.85,53.7482
,,201901,2704.1,54.1444
,,201902,2784.49,54.5407
,,201903,2834.4,54.9369
,,201904,2945.83,55.317
,,201905,2752.06,55.6972
,,201906,2941.76,56.0773
,,201907,2980.38,56.458
,,201908,2926.46,56.8388
,,201909,2976.74,57.2195
,,201910,3037.56,57.5599
,,201911,3140.98,57.9003
,,201912,3230.78,58.2406
,,202001,3225.52,58.6873
,,202002,2954.22,59.1339
,,202003,2584.59,59.5806
,,202004,2912.43,59.6149
,,202005,3044.31,59.6491
,,202006,3100.29,59.6834
,,202007,3271.12,59.406
,,202008,3500.31,59.1286
,,202009,3363,58.8512
,,202010,3269.96,58.6604
,,202011,3621.63,58.4696
,,202012,3756.07,58.2788
,,202101,3714.24,58.0637
,,202102,3811.15,57.8485
,,202103,3972.89,57.6334
,,202104,4181.17,57.7106
,,202105,4204.11,57.7878
,,202106,4297.5,57.865
,,202107,4395.26,58.3282
,,202108,4522.68,58.7913
,,202109,4307.54,59.2545
,,202110,4605.38,59.6354
,,202111,4567,60.0162
,,202112,4766.18,60.3971
