,US,AU,UK,Germany,France,Japan,Switzerland,India
1/01/1960,3.41816,4.01645,2.99530,9.31479,4.63276,4.62535,1.01276,0.54726
1/02/1960,3.25592,4.01645,2.92735,9.36569,4.83304,4.89330,1.00496,0.54588
1/03/1960,3.20557,3.90539,2.95348,9.20281,4.72469,5.10185,1.00283,0.56898
1/04/1960,3.23354,3.96912,2.79143,9.49803,5.01362,5.34762,1.04961,0.57415
1/05/1960,3.20557,4.06561,2.89076,10.09866,5.11212,5.22513,1.16726,0.59795
1/06/1960,3.35662,4.13116,2.81234,11.52387,5.31897,5.16309,1.27073,0.60450
1/07/1960,3.26151,4.15665,2.81757,12.36882,5.48970,5.46932,1.25372,0.61415
1/08/1960,3.25592,4.20217,2.96917,13.39701,5.75237,5.63801,1.39830,0.62002
1/09/1960,3.11606,4.20399,2.93780,13.40719,5.42732,5.94291,1.39901,0.59864
1/10/1960,3.03774,3.97640,2.97962,12.62332,5.24017,6.17575,1.38625,0.57277
1/11/1960,3.13284,3.56310,2.83325,12.37900,5.48313,6.42337,1.41318,0.58484
1/12/1960,3.17760,3.39560,2.86462,12.09396,5.33539,6.48964,1.42523,0.57588
1/01/1961,3.29508,3.47571,2.97962,11.97179,5.75688,7.13007,1.57760,0.56864
1/02/1961,3.39018,3.52851,3.12599,11.85981,6.08234,7.72325,1.61446,0.58415
1/03/1961,3.49648,3.53943,3.26190,11.73765,6.32243,7.56803,1.69100,0.61864
1/04/1961,3.56920,3.64321,3.33508,11.97179,6.37579,8.11369,1.80369,0.62208
1/05/1961,3.61396,3.72150,3.29327,12.49098,6.40780,8.31248,1.90007,0.61933
1/06/1961,3.60277,3.81800,3.02667,12.56224,6.19972,8.23328,1.95110,0.63277
1/07/1961,3.59718,3.77248,2.94303,11.52387,5.87426,8.86527,1.78951,0.63036
1/08/1961,3.74263,3.71604,2.82803,10.98433,5.90627,8.44315,1.72218,0.61691
1/09/1961,3.70347,3.68509,2.78621,10.47532,5.71953,7.65884,1.77888,0.61139
1/10/1961,3.66431,3.65778,2.71825,10.66874,5.74621,6.79850,1.88094,0.62381
1/11/1961,3.77620,3.67052,2.74962,11.37117,6.12502,6.84417,2.02835,0.64450
1/12/1961,3.79857,3.61954,2.79666,10.99451,6.30643,6.54930,2.10773,0.63553
1/01/1962,3.67550,3.74699,2.80189,10.79090,6.09831,7.30325,2.13182,0.64622
1/02/1962,3.70906,3.93816,2.82803,10.62802,6.74788,7.64115,2.20624,0.65622
1/03/1962,3.72025,3.85077,2.75484,10.53640,7.08842,7.36687,2.24805,0.66278
1/04/1962,3.59718,3.74517,2.95348,10.18010,7.09473,6.89169,2.14670,0.66415
1/05/1962,3.35662,3.76702,2.89076,9.39623,6.46409,6.96719,1.80085,0.67347
1/06/1962,2.98180,3.61772,2.63461,8.54110,6.11723,7.07754,1.66761,0.65484
1/07/1962,3.03214,3.61044,2.62416,8.27642,6.31904,7.23831,1.76258,0.63450
1/08/1962,3.13844,3.57949,2.72348,7.95066,6.26228,7.00732,1.77605,0.64484
1/09/1962,3.11047,3.52305,2.71825,7.82850,6.30643,6.67892,1.64068,0.63450
1/10/1962,3.02655,3.54672,2.73393,7.17697,5.98480,6.28478,1.53437,0.61691
1/11/1962,3.27830,3.59587,2.84371,7.98120,6.33796,6.96033,1.76116,0.58795
1/12/1962,3.37900,3.61772,2.88553,8.34768,6.13615,7.11238,1.71084,0.59105
1/01/1963,3.50207,3.71786,2.89598,8.04228,6.01002,7.13166,1.66052,0.59002
1/02/1963,3.54123,3.74699,2.94826,7.81832,5.81452,7.38825,1.62084,0.57450
1/03/1963,3.51326,3.76156,3.01099,7.80813,5.83344,7.64987,1.65273,0.56691
1/04/1963,3.68669,3.81800,3.05280,8.00156,5.61272,7.94078,1.74486,0.55967
1/05/1963,3.75382,3.88172,3.08417,8.70398,5.46767,7.80166,1.79872,0.56829
1/06/1963,3.74822,3.91085,3.05803,8.84650,5.31632,7.70610,1.71368,0.55691
1/07/1963,3.65312,4.09110,3.10508,8.80578,5.57488,7.43762,1.72077,0.55932
1/08/1963,3.72025,4.27499,3.19394,9.17227,5.79561,6.78240,1.77605,0.55381
1/09/1963,3.84892,4.27863,3.26190,9.42677,5.51182,6.67548,1.74061,0.56829
1/10/1963,3.89368,4.19670,3.32986,9.23335,5.36677,6.69845,1.68887,0.58967
1/11/1963,3.87130,4.25497,3.37690,8.96867,5.14604,6.46007,1.72360,0.60174
1/12/1963,3.96081,4.39880,3.43963,9.05011,5.15866,6.11952,1.68320,0.59519
1/01/1964,4.05032,4.55720,3.36122,9.57947,5.45506,6.35949,1.66052,0.58933
1/02/1964,4.13423,4.60818,3.27236,9.84415,5.10190,6.36767,1.64352,0.58864
1/03/1964,4.23493,4.59726,3.36122,10.24118,4.87487,6.13800,1.61800,0.58484
1/04/1964,4.27969,4.54264,3.41872,10.19028,4.88748,6.05300,1.55493,0.57174
1/05/1964,4.29088,4.52261,3.36645,9.97650,4.63522,6.39962,1.49468,0.56346
1/06/1964,4.26290,4.54628,3.31940,9.80343,4.35143,6.56830,1.49398,0.55829
1/07/1964,4.41543,4.61364,3.43441,10.01722,4.93793,6.62480,1.60595,0.56795
1/08/1964,4.36789,4.60818,3.47100,10.22082,4.95685,6.39618,1.55918,0.57174
1/09/1964,4.44812,4.50622,3.48145,10.29208,4.67306,6.23805,1.54642,0.57795
1/10/1964,4.53231,4.42429,3.39781,9.92560,4.76766,6.02185,1.53366,0.56932
1/11/1964,4.56400,4.39516,3.24622,9.57947,4.87487,6.01419,1.54571,0.56381
1/12/1964,4.48279,4.42065,3.12599,9.62019,4.86225,6.03293,1.54004,0.56070
1/01/1965,4.58876,4.42611,3.17826,9.57947,4.74874,6.27976,1.53296,0.56312
1/02/1965,4.62838,4.28228,3.25145,9.42677,4.60369,5.89883,1.56201,0.56312
1/03/1965,4.63333,4.02738,3.13644,9.22317,4.80550,5.83283,1.48831,0.54967
1/04/1965,4.69375,3.92360,3.14690,9.19263,4.74243,5.69345,1.45571,0.54277
1/05/1965,4.75516,3.94727,3.20440,8.95849,4.67306,5.66942,1.35861,0.53657
1/06/1965,4.51349,3.85805,3.06849,8.74470,4.45864,5.41441,1.37137,0.53726
1/07/1965,4.49962,3.86534,2.95871,8.63272,4.32621,5.19371,1.35578,0.53243
1/08/1965,4.59173,3.94363,2.99530,8.76506,4.48387,5.78637,1.46492,0.52243
1/09/1965,4.74922,3.79797,3.07371,8.77524,4.44603,6.21060,1.45712,0.51588
1/10/1965,4.85817,3.83803,3.26190,8.51056,4.31990,6.11055,1.43090,0.50794
1/11/1965,4.89580,3.91814,3.34031,8.29678,4.27576,6.52052,1.39334,0.48368
1/12/1965,4.91462,3.88354,3.27758,8.17462,4.45234,6.78609,1.40468,0.47059
1/01/1966,5.00738,4.00735,3.32463,8.43930,4.85595,7.11450,1.53083,0.48106
1/02/1966,4.98672,4.03466,3.42918,8.54110,4.67306,7.34997,1.51311,0.48106
1/03/1966,4.78168,3.85987,3.35599,8.41894,4.48387,7.67706,1.44153,0.49350
1/04/1966,4.91228,3.96365,3.34031,8.19498,4.34513,7.65462,1.42594,0.51837
1/05/1966,4.64129,3.92178,3.44486,7.69615,4.21900,7.74385,1.37845,0.52622
1/06/1966,4.61573,3.98004,3.48668,7.33985,4.19377,7.52790,1.34727,0.52753
1/07/1966,4.60216,4.07654,3.33508,6.91229,4.11179,7.36529,1.31184,0.52753
1/08/1966,4.32997,4.00917,2.96917,6.95301,4.13702,7.32991,1.22679,0.51968
1/09/1966,4.15850,3.87626,2.93257,7.14643,3.87215,7.20161,1.25301,0.50593
1/10/1966,4.10959,3.87262,2.89076,6.92247,3.83431,7.13694,1.23955,0.51444
1/11/1966,4.33037,3.84895,2.82280,6.70868,4.09918,7.05352,1.13607,0.51510
1/12/1966,4.37281,3.96365,2.90121,6.74940,3.96044,6.94158,1.20482,0.51772
1/01/1967,4.55786,4.11841,3.02144,6.71886,3.78386,7.11291,1.31042,0.53800
1/02/1967,4.73329,4.04376,3.01621,7.16679,3.90998,7.32226,1.32388,0.55110
1/03/1967,4.85418,3.96730,3.05803,7.29913,3.73971,7.28398,1.32814,0.53997
1/04/1967,4.94382,4.06015,3.22008,7.21769,3.64511,7.11925,1.34940,0.52361
1/05/1967,5.05030,4.19124,3.28804,7.07517,3.79016,7.31275,1.30971,0.52164
1/06/1967,5.00524,4.34418,3.30372,6.96319,3.72710,7.36502,1.29979,0.51117
1/07/1967,5.11710,4.62275,3.38213,7.07517,3.58205,7.36898,1.33381,0.49939
1/08/1967,5.19563,4.90860,3.40827,7.95066,3.79016,6.85975,1.48122,0.50201
1/09/1967,5.27137,4.99417,3.58077,8.28660,4.20008,6.66070,1.57052,0.49677
1/10/1967,5.26174,5.27820,3.76896,8.37822,4.16224,6.78900,1.50532,0.49743
1/11/1967,5.09062,5.63687,3.91533,8.76506,4.06134,6.57385,1.59532,0.50135
1/12/1967,5.25407,5.42567,3.84737,8.93813,3.91629,6.32174,1.74061,0.49546
1/01/1968,5.27194,5.60410,3.89964,9.46749,4.06764,6.60608,1.68887,0.48630
1/02/1968,5.01893,5.83533,4.01465,9.50821,3.97935,6.73887,1.75053,0.48172
1/03/1968,4.89962,5.66418,4.09829,9.49803,4.31360,6.74854,1.91991,0.50921
1/04/1968,5.27141,6.10661,4.53216,9.95614,4.47756,6.99929,1.97449,0.50593
1/05/1968,5.43212,6.88587,4.74126,10.01722,4.23792,7.24425,2.07229,0.51510
1/06/1968,5.60887,7.35561,4.84580,10.22082,4.08026,7.46729,2.12686,0.52884
1/07/1968,5.58680,7.49945,5.10195,10.35316,3.90998,7.74899,2.07158,0.52688
1/08/1968,5.45027,7.50855,5.23786,10.47532,4.02350,8.10740,2.11198,0.53015
1/09/1968,5.62507,6.99147,5.35809,10.34298,4.01089,8.78361,2.13182,0.52426
1/10/1968,5.77530,6.56361,5.19081,10.48550,3.94782,8.74042,2.18498,0.52230
1/11/1968,5.88639,6.72929,5.25354,10.27172,4.02350,8.38136,2.28987,0.52622
1/12/1968,5.97337,7.09161,5.36855,10.05794,4.14332,8.42713,2.39121,0.52884
1/01/1969,5.72555,7.64146,5.59855,10.34298,4.55955,8.83002,2.48122,0.54717
1/02/1969,5.67755,7.65967,5.42082,10.49568,4.86225,8.93316,2.44720,0.57531
1/03/1969,5.51498,7.50855,5.19081,10.50586,5.24064,9.01825,2.41602,0.58055
1/04/1969,5.60576,7.66513,5.12286,10.49568,5.18388,9.36570,2.63288,0.58578
1/05/1969,5.79325,7.55042,4.87194,10.95379,5.48028,9.73378,2.66761,0.62113
1/06/1969,5.46613,7.00422,4.52693,11.03523,5.00730,9.85368,2.44791,0.64796
1/07/1969,5.18936,7.11164,4.37011,10.54658,4.88748,9.66351,2.32955,0.62636
1/08/1969,5.15894,6.85128,4.35443,10.93342,5.12712,9.48173,2.36853,0.59298
1/09/1969,5.18578,6.79666,4.41193,11.00469,5.13974,10.01805,2.30050,0.61131
1/10/1969,5.27502,7.07340,4.32829,11.43225,5.48028,10.28428,2.56627,0.62113
1/11/1969,5.33255,7.36289,4.37534,12.00234,5.39199,10.63367,2.48335,0.61196
1/12/1969,5.03855,7.57956,4.50080,11.62567,5.60641,11.03011,2.45571,0.58447
1/01/1970,5.00309,7.85084,4.73603,11.17775,5.89651,11.42268,2.39617,0.58382
1/02/1970,4.82874,7.69062,4.58966,10.85001,5.73254,11.26217,2.35507,0.57858
1/03/1970,4.89792,7.46121,4.46943,10.59168,5.61903,11.74499,2.32672,0.61851
1/04/1970,4.70504,7.10253,4.38057,10.67265,5.41091,11.70374,2.11623,0.64469
1/05/1970,4.12421,6.40339,3.93101,9.56027,5.24064,10.11152,2.06520,0.64076
1/06/1970,4.08781,6.68924,3.83692,9.18819,5.10820,10.16954,2.04890,0.64927
1/07/1970,4.07498,6.90044,3.91010,9.07830,5.26587,10.23014,2.17647,0.64927
1/08/1970,4.18665,7.14805,4.01465,9.51979,5.32893,10.29073,2.26719,0.68200
1/09/1970,4.46609,7.14259,4.09829,9.21518,5.20911,10.09412,2.19844,0.71079
1/10/1970,4.56090,6.99693,4.36488,9.05903,5.27848,9.94457,2.18143,0.70229
1/11/1970,4.53913,6.43252,4.09306,8.81804,5.16496,9.93103,2.09568,0.67283
1/12/1970,4.85287,6.31599,4.11397,8.62911,5.22803,9.55586,2.14883,0.66498
1/01/1971,5.07919,6.17762,4.19761,9.14000,5.23433,9.92845,2.31113,0.66694
1/02/1971,5.29002,6.11754,4.13488,9.84367,5.37307,10.32232,2.32247,0.65843
1/03/1971,5.43609,6.08294,4.08260,10.11357,5.27848,10.99917,2.41602,0.65451
1/04/1971,5.62595,6.14485,4.44329,9.91114,5.28478,11.66635,2.50815,0.65843
1/05/1971,5.54552,6.18672,4.98172,9.47159,5.42983,11.77142,2.35932,0.65582
1/06/1971,5.45254,6.01376,5.00263,9.52171,5.39830,12.43216,2.43657,0.64469
1/07/1971,5.42943,6.05381,5.32673,9.63160,5.44875,12.99749,2.51169,0.62375
1/08/1971,5.32133,5.77161,5.38945,9.61425,5.21541,12.24264,2.48972,0.60411
1/09/1971,5.44151,5.54766,5.56719,9.01083,4.94424,11.61865,2.37279,0.60935
1/10/1971,5.32432,5.34192,5.43127,8.77756,4.56585,11.33695,2.21474,0.59953
1/11/1971,5.06721,5.13072,5.30582,8.24740,4.78658,11.44718,2.38767,0.58186
1/12/1971,5.42248,5.69878,5.62992,8.76985,4.77396,12.17882,2.43090,0.58382
1/01/1972,5.66324,6.10115,5.95924,9.11686,4.92532,13.31336,2.57973,0.61785
1/02/1972,5.78796,6.32692,6.12652,9.74149,5.01991,13.92833,2.69171,0.61916
1/03/1972,5.93824,6.86766,6.31993,10.08658,5.41091,14.65997,2.73636,0.61851
1/04/1972,6.00632,7.02060,6.49244,10.40082,5.66948,15.72617,2.74770,0.64011
1/05/1972,5.92443,7.08251,6.61267,10.58589,5.99741,16.51261,2.93763,0.64404
1/06/1972,5.92942,7.54496,6.26243,10.47601,5.67578,17.55754,2.68746,0.62964
1/07/1972,5.86380,7.20085,6.36698,10.42588,6.00372,18.67725,2.86251,0.62178
1/08/1972,6.04734,7.28096,6.64926,10.85194,6.24967,19.82725,2.97732,0.60149
1/09/1972,5.94715,7.04791,6.23107,10.54541,6.29381,20.51893,2.97803,0.59429
1/10/1972,5.94131,7.10982,6.11606,10.17911,6.31904,21.14615,2.92558,0.60476
1/11/1972,6.23780,7.37382,6.30948,10.33142,5.90281,22.40509,2.76116,0.60673
1/12/1972,6.36350,7.50855,6.49244,10.12513,5.75777,24.18876,2.88023,0.61393
1/01/1973,6.37602,7.67787,6.19448,10.60517,6.13202,26.48941,2.88590,0.60869
1/02/1973,6.09216,7.21542,5.72401,10.44709,6.09747,24.90429,2.75124,0.60673
1/03/1973,5.95648,7.08615,5.58810,10.83844,6.51203,24.85078,2.73565,0.62797
1/04/1973,5.80970,6.75478,5.71355,10.85387,6.74234,23.55574,2.60170,0.32187
1/05/1973,5.61914,6.65828,5.67173,9.89186,6.92084,23.21474,2.65060,0.32313
1/06/1973,5.46008,6.93867,5.82333,9.58148,6.68477,23.13545,2.60808,0.33159
1/07/1973,5.55803,6.92411,5.48355,8.99541,6.43143,24.28223,2.39121,0.33629
1/08/1973,5.47903,6.72019,5.31627,8.88552,6.32203,24.01858,2.34302,0.33817
1/09/1973,5.61589,5.95550,5.25354,8.78527,6.34506,22.78348,2.48618,0.36230
1/10/1973,5.86977,5.86810,5.41036,8.92986,6.44870,22.22524,2.57690,0.37547
1/11/1973,5.40613,5.82441,5.14377,8.72358,5.86141,21.41947,2.30546,0.40023
1/12/1973,4.99027,5.35102,4.30215,8.13172,5.84989,19.49721,2.24592,0.37703
1/01/1974,5.08956,5.98099,4.29170,8.42476,6.09747,20.07414,2.37279,0.36418
1/02/1974,4.95211,6.21403,4.20283,8.45946,5.86716,21.07266,2.21049,0.37672
1/03/1974,5.16450,6.37243,3.93101,8.21655,5.37775,20.76131,2.21970,0.39552
1/04/1974,4.87321,6.25045,3.79510,8.41319,5.24245,20.84898,2.12403,0.39834
1/05/1974,4.68892,5.75158,3.82123,8.35921,5.10714,21.57804,1.89369,0.41119
1/06/1974,4.66798,4.94683,3.50759,8.06425,4.75016,21.73211,1.94755,0.42248
1/07/1974,4.28480,4.51897,3.18349,7.75772,4.76167,21.01335,1.94259,0.41684
1/08/1974,3.94705,3.92360,2.77575,7.93701,4.39318,19.26772,1.68320,0.37923
1/09/1974,3.53450,3.53761,2.52484,7.58421,3.73103,18.59345,1.50177,0.32877
1/10/1974,3.62613,3.52669,2.40983,7.38179,4.00165,17.04765,1.58824,0.31466
1/11/1974,3.76154,3.86898,2.22165,7.58614,3.98437,17.43055,1.52799,0.31341
1/12/1974,3.50645,3.69783,1.98119,7.98906,4.11105,18.18347,1.44082,0.32313
1/01/1975,3.81840,4.00007,2.34188,8.34765,4.80774,17.79734,1.72502,0.32532
1/02/1975,4.20645,4.39698,3.36645,8.90865,4.73864,19.32638,1.78526,0.32093
1/03/1975,4.39222,4.44068,3.69578,9.47737,5.05532,20.20887,1.84833,0.31905
1/04/1975,4.44779,4.29684,3.90487,9.83788,5.46988,20.66461,1.95393,0.30275
1/05/1975,4.72923,4.40244,4.27602,9.52942,5.02077,21.24993,1.88590,0.29711
1/06/1975,4.87424,4.57359,4.31261,9.14578,4.88259,21.12681,1.87456,0.28740
1/07/1975,4.90629,4.54446,4.03556,9.47544,5.06683,20.85156,1.92346,0.29429
1/08/1975,4.52628,4.42429,3.92578,9.58919,5.27987,19.97100,1.82211,0.30965
1/09/1975,4.45337,4.62457,4.34920,9.34242,5.16472,19.27868,1.73707,0.30902
1/10/1975,4.64153,4.99963,4.50080,9.59304,5.23957,19.89107,1.87527,0.29868
1/11/1975,4.71756,5.02876,4.80921,10.09236,5.44109,20.35649,1.99433,0.29711
1/12/1975,4.63275,5.37651,4.76739,10.26201,5.38351,20.36422,2.05103,0.30213
1/01/1976,5.08169,5.64598,5.12808,10.47408,5.53321,21.74500,2.12119,0.31372
1/02/1976,5.32124,5.57497,5.18559,10.58975,5.81534,21.71664,2.05670,0.32563
1/03/1976,5.34852,5.72427,5.18559,10.77097,5.65413,22.02025,2.09993,0.32250
1/04/1976,5.37534,5.57315,5.23786,10.56469,5.40078,21.55677,2.06166,0.31090
1/05/1976,5.33499,5.72791,5.30059,10.04802,5.33169,21.99253,2.02551,0.31216
1/06/1976,5.37022,5.78071,4.96081,10.03838,5.22229,22.72547,2.09001,0.30965
1/07/1976,5.51357,6.03561,4.98172,9.94006,5.00350,22.65005,2.10347,0.31905
1/08/1976,5.46465,6.26501,4.76217,9.81282,5.03229,22.89436,2.10276,0.33441
1/09/1976,5.57453,5.96278,4.48511,9.83595,4.88834,22.87631,2.06804,0.34507
1/10/1976,5.39058,5.46937,3.96760,9.40026,4.34136,22.66423,1.99220,0.34130
1/11/1976,5.36465,5.17988,4.12965,9.42532,4.18014,22.36384,2.01417,0.33504
1/12/1976,5.57904,5.26909,4.51125,9.51786,4.44500,23.52029,2.15096,0.32595
1/01/1977,5.57383,5.43113,5.08627,9.70872,4.47378,24.46530,2.18568,0.32939
1/02/1977,5.43929,5.27456,5.33718,9.60654,4.23196,24.53105,2.16867,0.32845
1/03/1977,5.41384,5.37287,5.58287,9.52171,3.92104,24.29705,2.18285,0.32783
1/04/1977,5.33960,5.35831,5.60901,9.96705,3.62164,24.14428,2.18143,0.33880
1/05/1977,5.34328,5.63141,6.13175,10.20418,3.74831,24.42469,2.09072,0.34475
1/06/1977,5.37756,5.62595,6.07424,9.97862,4.01316,24.24033,2.11481,0.35102
1/07/1977,5.44096,5.54584,6.06902,9.98247,3.84619,24.17715,2.11765,0.33786
1/08/1977,5.29880,5.33646,6.51857,10.25237,4.06498,24.55941,2.18710,0.33535
1/09/1977,5.21487,5.38380,7.09882,10.25816,4.23196,24.98873,2.27073,0.33629
1/10/1977,5.08703,5.38744,7.15632,10.40853,4.31257,25.20339,2.25868,0.32595
1/11/1977,5.13678,5.45845,6.72244,10.65337,4.29529,23.67048,2.26719,0.32093
1/12/1977,5.13276,5.61503,6.75903,10.47408,4.06498,23.37911,2.26010,0.32125
1/01/1978,4.94092,5.75158,6.74335,10.64180,3.78285,24.12752,2.34869,0.33754
1/02/1978,4.89270,5.67693,6.38266,10.72663,3.86922,24.78374,2.24734,0.34036
1/03/1978,4.90175,5.48940,6.37743,10.61867,4.62924,25.59339,2.21403,0.34977
1/04/1978,5.12509,5.73701,6.52380,10.52806,5.03805,26.46040,2.10702,0.37797
1/05/1978,5.39587,6.00465,6.90017,10.32178,5.14169,26.40883,2.14033,0.38487
1/06/1978,5.42999,6.09205,6.84267,10.65530,5.23381,26.56290,2.20482,0.39333
1/07/1978,5.40787,6.18126,6.95245,10.86158,5.77504,27.23910,2.19490,0.39051
1/08/1978,5.79653,6.49806,7.49087,11.12762,5.80959,27.06570,2.21970,0.39678
1/09/1978,5.80077,6.86584,7.59542,11.41102,6.36809,27.58784,2.12686,0.41151
1/10/1978,5.58547,6.76570,7.39678,11.58453,6.12051,28.11192,2.06449,0.42216
1/11/1978,5.22241,6.46711,7.07791,11.25679,5.99383,28.38524,2.12473,0.42154
1/12/1978,5.31652,6.60548,7.25564,11.22402,6.06293,28.80940,2.18214,0.41872
1/01/1979,5.52263,6.92046,7.18245,11.39945,6.20687,29.42759,2.39546,0.42028
1/02/1979,5.45467,7.14805,7.21905,11.06400,5.78080,29.18199,2.35294,0.42687
1/03/1979,5.56413,7.25729,8.19134,10.88086,6.06294,28.86484,2.38200,0.44410
1/04/1979,5.69392,7.10982,8.69840,10.79603,6.34506,28.66372,2.41176,0.45846
1/05/1979,5.56656,7.23544,8.67227,10.46444,6.24718,29.24710,2.32388,0.45564
1/06/1979,5.70521,7.09525,8.19657,10.06537,6.62143,28.63858,2.33664,0.46613
1/07/1979,5.78188,7.23362,7.91952,10.13863,6.70204,28.51739,2.35719,0.44033
1/08/1979,6.06013,7.62689,7.95611,10.35069,7.27206,29.02728,2.40609,0.42260
1/09/1979,6.12875,8.21862,8.03975,10.51456,7.99754,29.35153,2.44082,0.43378
1/10/1979,5.86986,8.31330,8.12861,10.32178,7.23175,29.05049,2.37633,0.44402
1/11/1979,5.84522,8.40979,7.33405,9.88994,7.29509,28.71464,2.33948,0.43663
1/12/1979,6.11471,9.10348,7.38632,9.91307,7.20297,29.23034,2.35294,0.42804
1/01/1980,6.32656,10.66928,7.63201,9.76462,7.85935,29.89752,2.42807,0.44826
1/02/1980,6.54152,11.00793,8.14430,10.23502,7.99754,30.27785,2.37066,0.46058
1/03/1980,5.89479,9.34563,7.87770,9.74149,7.15115,29.38505,2.17576,0.47165
1/04/1980,5.79005,9.63330,7.75747,9.59112,7.28933,29.71380,2.26223,0.47220
1/05/1980,6.07855,10.82768,7.83588,9.82439,7.75571,30.09864,2.27215,0.45893
1/06/1980,6.47921,11.44307,8.19134,10.05959,7.76723,30.16117,2.33593,0.45385
1/07/1980,6.78940,11.59601,8.70363,10.33527,7.66934,30.24562,2.39901,0.46211
1/08/1980,7.01851,12.02387,8.73499,10.40467,7.70965,30.53247,2.40539,0.49856
1/09/1980,7.24080,12.63017,8.92841,10.29286,7.83056,31.14938,2.40043,0.50280
1/10/1980,7.44401,13.32203,9.09568,10.38925,8.40634,31.85137,2.43515,0.47655
1/11/1980,7.73882,13.35298,9.44069,10.09622,8.30270,31.86362,2.40255,0.48924
1/12/1980,7.59436,12.99066,9.10614,9.99597,7.96875,31.56967,2.42523,0.53376
1/01/1981,7.55043,11.96197,8.81341,9.96512,7.36994,32.59719,2.33097,0.54663
1/02/1981,7.28032,11.87458,9.14796,9.84174,7.75571,32.60944,2.36357,0.57108
1/03/1981,7.57145,12.88870,9.31001,9.95934,8.07239,33.24826,2.34089,0.60836
1/04/1981,7.68526,12.85957,9.97389,10.39311,7.62328,35.19824,2.28774,0.65153
1/05/1981,7.55426,12.98884,10.05753,10.34877,6.27021,35.77389,2.18356,0.65852
1/06/1981,7.60507,12.73759,9.82752,10.61674,5.87292,36.65766,2.23529,0.70395
1/07/1981,7.42505,11.53229,9.69161,10.79025,6.51779,38.03264,2.23317,0.75849
1/08/1981,7.45137,11.45582,10.15162,10.76518,6.84598,38.46711,2.16726,0.73305
1/09/1981,6.77068,10.47082,9.48774,10.36226,6.80568,36.39401,1.99717,0.71967
1/10/1981,6.87301,10.00836,8.82909,10.14827,6.32203,35.13442,1.97519,0.76131
1/11/1981,7.08001,10.81493,9.45638,10.09622,6.52355,35.97630,2.05528,0.79150
1/12/1981,7.11105,10.84224,9.67070,10.09814,6.58113,36.49199,2.06237,0.79632
1/01/1982,6.72509,9.99198,9.88502,10.00561,7.19066,36.92647,2.01772,0.85415
1/02/1982,6.55230,8.93962,10.20912,10.28515,7.47459,36.78852,1.99504,0.83657
1/03/1982,6.32436,8.41343,10.16208,10.49143,5.64556,34.60648,1.99220,0.83193
1/04/1982,6.63162,9.16720,10.31367,10.60324,7.21047,34.48593,2.02055,0.81350
1/05/1982,6.64165,9.19269,10.72664,10.40467,7.14444,35.82288,2.01843,0.83968
1/06/1982,6.24871,8.61371,10.70573,10.19454,6.49074,34.84499,1.92771,0.80056
1/07/1982,6.22120,8.46806,10.65345,10.13285,6.27945,34.21971,1.91637,0.76474
1/08/1982,6.23002,8.78850,10.88868,10.00368,6.55017,33.74784,1.95110,0.78474
1/09/1982,6.95262,9.16356,11.67802,10.31792,6.51716,34.27772,1.97094,0.80393
1/10/1982,7.53648,9.18723,12.26872,10.66879,6.60300,34.90171,2.09355,0.81581
1/11/1982,7.89733,8.81945,12.65555,10.78832,6.75486,36.48813,2.16371,0.81687
1/12/1982,7.95167,8.83766,12.42031,11.39945,6.57658,37.58721,2.26435,0.85035
1/01/1983,8.24442,9.77531,12.65032,11.44186,7.03879,37.95335,2.31254,0.83343
1/02/1983,8.39166,9.07981,12.96919,11.83322,7.30291,37.76577,2.39405,0.80817
1/03/1983,8.66558,9.33471,13.19920,12.92054,7.93020,38.75204,2.42027,0.78788
1/04/1983,8.97283,10.77670,13.94672,13.98472,8.35279,39.85627,2.48831,0.77403
1/05/1983,9.36915,11.28831,13.72194,14.08496,8.87443,40.82385,2.42452,0.84640
1/06/1983,9.54905,11.01703,14.45900,14.01942,8.70935,41.54582,2.46704,0.88175
1/07/1983,9.58049,12.23507,14.23422,14.63633,9.12534,42.64426,2.54855,0.86409
1/08/1983,9.30511,12.76854,14.66810,14.32402,9.75262,43.18252,2.49256,0.86640
1/09/1983,9.57620,13.07259,14.36491,14.10810,9.95732,44.12366,2.48547,0.86329
1/10/1983,9.58458,12.52092,13.97808,14.91009,9.97052,44.23454,2.55847,0.84984
1/11/1983,9.44844,13.54598,14.41718,15.36506,10.60441,44.25065,2.66265,0.87546
1/12/1983,9.40015,14.11585,14.69946,15.60990,10.96097,45.47350,2.81148,0.89546
1/01/1984,9.53185,13.94107,15.56199,16.04753,12.20894,48.96734,2.79943,0.91129
1/02/1984,8.97254,13.43309,15.52539,15.93378,11.66089,49.80342,2.72218,0.90803
1/03/1984,8.97823,13.66432,16.53428,15.58870,11.56184,52.42574,2.71793,0.89363
1/04/1984,8.97872,13.76446,16.85838,15.56942,12.63813,55.24402,2.79802,0.87802
1/05/1984,8.91974,11.92374,16.55230,15.66003,12.26837,53.01041,2.67186,0.86303
1/06/1984,8.74287,11.99656,15.95054,15.51544,12.05707,50.65238,2.64422,0.88775
1/07/1984,8.62509,12.41532,15.36840,14.92358,11.35715,49.92976,2.61304,0.93373
1/08/1984,9.31777,13.35298,16.33259,15.26867,12.14291,51.87974,2.74274,0.91410
1/09/1984,9.47589,13.45676,16.86490,16.06488,12.70416,52.58560,2.77250,0.93918
1/10/1984,9.41671,13.72076,17.11239,16.63745,12.73718,54.14816,2.80723,1.00245
1/11/1984,9.49879,13.64611,17.72687,16.72035,12.65794,55.16860,2.81999,0.96670
1/12/1984,9.38278,13.22007,18.23217,16.85723,12.65134,57.29714,2.87172,0.96926
1/01/1985,9.81517,14.08126,19.02769,17.62066,13.33451,59.76926,3.04961,1.02332
1/02/1985,10.37154,14.42537,19.35816,18.00431,14.00503,60.67044,3.04465,1.09822
1/03/1985,10.29142,15.10668,19.55801,18.60580,14.19480,64.10820,3.04465,1.17502
1/04/1985,10.36456,15.93291,19.50744,18.72726,14.44783,62.68681,3.14458,1.30870
1/05/1985,10.59652,15.90450,20.01385,19.47720,15.52319,63.42297,3.25656,1.38835
1/06/1985,10.84758,15.67237,19.48038,21.09660,14.73881,65.16216,3.43090,1.59923
1/07/1985,11.05607,17.04390,18.86179,21.52459,14.01768,67.04316,3.48335,1.77505
1/08/1985,10.80291,17.07485,19.69556,21.71159,14.29601,65.22404,3.68958,1.82948
1/09/1985,10.55842,17.97063,19.79398,23.24810,13.23330,65.15313,3.52587,1.72585
1/10/1985,10.65283,18.69945,20.17284,25.12776,13.81526,66.28960,3.90078,1.72150
1/11/1985,11.28278,18.03800,21.36788,26.78765,15.59910,64.86370,4.16371,1.75074
1/12/1985,11.81692,18.27578,21.11727,27.65904,16.24432,66.50168,4.50815,1.91348
1/01/1986,11.89890,19.57885,21.25789,30.77640,16.97262,66.69829,4.29908,2.11555
1/02/1986,12.52000,19.11931,22.47751,29.54064,18.42411,68.71853,4.22679,2.33330
1/03/1986,13.26670,20.69312,24.54353,30.62988,21.37659,74.96878,4.54004,2.12568
1/04/1986,13.59399,22.04043,25.31778,32.73511,24.39504,79.53527,4.66052,2.18519
1/05/1986,13.60329,22.59975,24.35308,30.36576,21.36010,81.50910,4.58611,2.19370
1/06/1986,13.94495,21.48566,24.42722,29.63125,21.49205,85.72041,4.50248,2.31568
1/07/1986,13.69767,20.44987,24.20718,27.81713,22.69613,89.90851,4.17151,2.23420
1/08/1986,13.95490,21.70888,24.04458,30.25588,24.84039,96.45980,4.59816,2.05151
1/09/1986,13.57344,22.69643,24.63721,30.88629,23.33941,96.94842,4.41814,2.05297
1/10/1986,13.54146,25.07462,24.15714,29.98790,23.20746,91.16552,4.63430,2.09534
1/11/1986,13.94781,25.11777,24.81739,30.29443,23.50435,92.35163,4.79802,1.93388
1/12/1986,14.07404,26.82176,24.84891,30.79375,25.05481,100.13994,4.80227,1.86227
1/01/1987,14.97068,27.24307,26.73467,28.85818,25.27131,106.29736,4.64706,2.02161
1/02/1987,15.86818,29.38530,29.00752,26.11483,26.16183,112.31296,4.44933,2.07881
1/03/1987,16.48206,30.76630,30.42849,25.79673,28.30387,119.32450,4.50319,1.93439
1/04/1987,16.22884,31.85434,29.90269,27.00743,28.25574,132.21048,4.40609,1.86596
1/05/1987,16.14232,32.23760,32.58154,26.43871,27.14861,137.95018,4.35223,1.71050
1/06/1987,16.79351,32.14365,34.35701,26.88212,25.65640,139.97558,4.51595,1.62646
1/07/1987,17.25948,36.96740,35.88735,28.62683,26.98014,128.67731,4.83416,1.75593
1/08/1987,18.23986,39.14477,34.21473,29.97634,28.01506,135.47355,4.86605,1.79940
1/09/1987,17.67034,40.95072,34.88966,29.18398,27.75031,134.42862,5.07087,1.71861
1/10/1987,15.56062,23.56872,31.70953,26.73367,21.01129,130.45066,3.82424,1.66780
1/11/1987,13.58801,24.20615,24.97512,20.32160,19.97637,119.40057,3.40043,1.57872
1/12/1987,13.35750,24.01224,25.39652,19.58901,18.77298,117.84639,3.31184,1.54290
1/01/1988,13.91834,22.88705,26.79842,18.75810,16.95140,117.85992,3.29483,1.66477
1/02/1988,14.37273,22.77126,26.48338,19.68733,20.40551,127.98756,3.56768,1.54111
1/03/1988,14.84251,25.76867,27.40773,21.11202,19.12899,135.97119,3.48476,1.48664
1/04/1988,14.70187,26.52025,27.08996,20.99828,20.94990,139.60815,3.50957,1.56202
1/05/1988,14.35853,28.52884,27.02936,20.34088,22.07624,139.74029,3.48193,1.89144
1/06/1988,15.12444,28.31236,28.01012,21.51687,24.34769,140.89030,3.66194,2.17524
1/07/1988,15.06437,29.34397,28.14451,22.35164,24.34769,140.38427,3.72006,2.12198
1/08/1988,14.78065,28.59530,27.75290,22.28995,23.54048,141.49560,3.73990,2.18263
1/09/1988,15.00061,28.24937,26.89781,23.12278,25.98088,136.96713,3.84479,2.29689
1/10/1988,15.48469,28.89298,27.94464,24.17154,26.91950,136.87237,3.95181,2.48851
1/11/1988,15.11941,26.79026,27.56769,24.12913,26.93827,142.92794,3.88448,2.56180
1/12/1988,15.38439,27.07738,26.83489,24.49735,28.90937,148.42656,3.96740,2.47623
1/01/1989,15.88492,28.23535,28.68541,25.46514,31.48072,157.12572,4.00121,2.37187
1/02/1989,16.34780,27.04352,31.01183,25.46321,30.64239,159.27553,4.01900,2.42238
1/03/1989,16.30056,26.57433,31.44943,25.34947,31.76980,155.80747,4.09902,2.47319
1/04/1989,16.77250,27.32136,31.32184,26.11290,32.83939,158.80238,4.25462,2.74099
1/05/1989,17.35978,27.85628,32.39779,26.13603,34.14025,162.60951,4.16126,2.63779
1/06/1989,17.90099,27.69387,32.56089,27.62434,33.79335,159.56174,4.43245,2.70366
1/07/1989,18.33109,29.75490,34.06960,28.78492,35.03639,162.87703,4.70365,2.76778
1/08/1989,19.10661,32.10305,35.69401,30.21732,35.55673,169.62557,5.05931,2.63246
1/09/1989,19.11225,31.60709,36.03544,31.18125,36.74196,169.27812,5.01930,2.65779
1/10/1989,19.06244,29.97211,33.37558,30.32142,32.81048,172.00357,4.79701,2.67954
1/11/1989,18.66268,29.34233,33.44368,29.44425,33.47536,175.70112,4.61473,2.61506
1/12/1989,19.07521,30.03856,35.76371,31.83094,35.93254,184.33388,4.73921,2.76277
1/01/1990,18.56648,30.53270,35.90472,34.07112,33.52596,177.84513,4.73477,2.73053
1/02/1990,18.07759,28.63954,34.83029,34.84419,32.48388,172.78356,4.69031,2.48091
1/03/1990,18.44583,27.96151,34.09551,35.63654,34.60396,154.79993,4.56583,2.59791
1/04/1990,18.38141,26.11751,33.22822,36.11658,36.50844,139.46182,4.43245,2.85189
1/05/1990,18.94923,27.52254,33.82316,35.46110,37.19117,152.51217,4.62362,2.87156
1/06/1990,19.47706,27.32263,36.04324,35.35893,36.18503,153.40497,4.87703,2.93322
1/07/1990,19.47469,28.65556,35.81470,37.17883,35.35856,150.82842,4.94372,3.42875
1/08/1990,17.96866,27.44917,33.28467,33.19779,30.61534,130.49707,4.28130,4.08013
1/09/1990,17.15432,25.43148,31.55551,29.81440,26.95013,117.01676,3.94786,4.78061
1/10/1990,16.64209,24.16482,31.72036,28.73672,28.71087,113.31663,3.85006,4.94946
1/11/1990,17.05451,24.02699,31.68686,28.67310,27.70473,111.93457,3.70779,4.77425
1/12/1990,17.78271,23.30163,32.81529,28.92565,26.87826,112.44897,3.77448,4.24707
1/01/1991,17.62213,24.06104,31.94395,27.18286,26.69791,109.79765,3.63666,3.64240
1/02/1991,19.58308,25.59206,34.54787,29.08181,28.82720,120.79682,4.08568,4.02377
1/03/1991,20.15921,26.29412,37.14758,29.99176,31.06105,127.05028,4.31686,4.31576
1/04/1991,20.56992,27.93329,38.12360,30.74170,31.40751,128.34855,4.47247,4.58860
1/05/1991,20.49271,27.49323,37.80740,31.26993,31.41289,126.44434,4.49914,4.72542
1/06/1991,20.53056,27.42332,37.83494,32.09313,31.17367,121.89267,4.55694,4.73426
1/07/1991,20.62734,28.62680,38.36519,30.84773,30.09021,116.70218,4.56583,5.26656
1/08/1991,21.12646,28.04599,39.43264,30.30600,30.56945,113.40172,4.56583,6.30121
1/09/1991,21.04894,28.43927,39.76111,30.41589,31.79429,114.78250,4.52137,6.70148
1/10/1991,21.10341,30.64231,39.13484,29.23796,31.54701,120.54864,4.48580,6.53965
1/11/1991,21.11836,29.25676,37.98590,29.36713,31.02074,116.12589,4.47691,6.90899
1/12/1991,21.21873,30.06697,36.55150,28.29138,29.31639,109.16914,4.27685,6.84400
1/01/1992,22.71159,29.54443,38.21480,29.49630,31.46261,104.97717,4.57917,7.57979
1/02/1992,22.59063,29.38967,38.56544,30.58554,32.47001,101.52394,4.70365,9.00967
1/03/1992,22.30278,28.81433,37.83647,31.04437,33.27690,94.87080,4.74811,12.74689
1/04/1992,22.23713,30.14890,38.65847,31.05208,33.66663,83.73433,4.80590,15.10041
1/05/1992,22.63904,31.03558,40.97684,31.28150,34.56275,88.48970,5.01041,12.30609
1/06/1992,22.24978,30.53307,39.49233,31.13498,33.09789,83.68856,4.90371,11.28997
1/07/1992,22.59568,30.03237,37.04821,29.48087,30.87989,80.61888,4.76589,10.22508
1/08/1992,22.78407,28.75425,35.54480,26.78572,29.66876,77.85281,4.64141,10.34457
1/09/1992,22.78986,27.64362,37.18706,26.25363,30.12838,88.46907,4.74366,11.85483
1/10/1992,22.47702,26.38734,39.22931,25.23958,28.60008,83.82136,4.78812,11.24131
1/11/1992,23.05813,25.81018,41.13730,25.87384,29.43169,81.99257,4.81035,9.56196
1/12/1992,23.71526,27.53620,42.12423,25.69648,29.77520,85.22534,5.00596,9.26854
1/01/1993,23.73477,27.97681,42.31052,26.29990,30.46758,82.36322,5.24159,9.25860
1/02/1993,24.10519,28.99640,43.06687,27.76122,32.02652,83.41331,5.37941,9.90140
1/03/1993,24.57130,30.29091,43.92835,28.68081,33.85532,87.79287,5.50389,8.76658
1/04/1993,24.23496,30.85897,43.02563,28.39356,33.88865,100.34170,5.56613,8.09549
1/05/1993,24.36321,30.89174,42.91449,27.79592,32.68235,104.40153,5.66838,8.21736
1/06/1993,24.47691,31.35056,43.59040,28.35886,33.27475,104.09146,5.96181,8.34139
1/07/1993,24.54492,32.64507,43.22702,29.95320,34.31816,104.49306,6.14853,8.00652
1/08/1993,24.94888,34.39294,45.78274,31.61502,37.15973,107.44865,6.34859,9.34373
1/09/1993,25.23904,34.61324,45.91441,31.62851,37.05275,107.08573,6.25967,9.90019
1/10/1993,25.50330,36.42848,47.38812,33.36745,37.84835,105.99632,6.70425,9.82774
1/11/1993,25.34482,36.69066,47.18249,34.17908,37.56613,98.27892,7.02880,10.41911
1/12/1993,25.52289,36.88183,50.24695,35.73101,39.24817,93.00914,7.42447,12.06951
1/01/1994,25.95653,39.25784,52.03031,35.76378,41.12266,97.83155,7.89128,13.94059
1/02/1994,25.94262,39.67114,51.50125,35.23940,41.24146,102.79642,7.90906,14.76561
1/03/1994,25.48287,37.80674,48.61591,35.21241,39.60888,104.34867,7.49560,13.93156
1/04/1994,24.55667,36.46307,47.47591,36.24574,38.56923,103.66730,7.43781,13.98091
1/05/1994,24.71440,36.56503,46.84349,36.45588,38.32410,105.84806,7.15772,13.72997
1/06/1994,24.87754,36.09347,45.19235,34.20028,35.45780,108.55482,7.08659,15.11744
1/07/1994,24.68769,35.72023,46.04493,34.31595,35.69379,106.55585,6.80651,15.01246
1/08/1994,25.36024,36.77441,48.19706,35.26253,36.82590,106.24385,6.88209,16.11072
1/09/1994,25.51085,36.31924,46.98164,34.63984,35.20568,102.46315,6.93988,16.49029
1/10/1994,25.27446,35.42709,46.19960,33.33274,33.79887,101.92747,6.71315,15.90514
1/11/1994,25.00329,34.23272,46.80747,33.71446,34.48050,98.35498,6.81540,15.12983
1/12/1994,24.62429,33.49716,45.89410,33.52939,34.34504,98.39559,6.87764,14.43794
1/01/1995,25.11062,33.10753,45.91950,33.31154,32.79416,95.65531,6.79762,13.34831
1/02/1995,25.93257,33.12756,46.27402,33.76844,32.62214,90.80196,6.86430,12.70215
1/03/1995,26.42236,33.81760,46.67683,32.29941,31.98513,84.62649,6.62423,12.45859
1/04/1995,27.17155,35.68745,48.49855,31.99095,33.46612,84.03150,6.69981,12.27940
1/05/1995,27.90742,36.38296,49.86230,33.19201,34.86056,83.88195,7.11327,11.71947
1/06/1995,28.67153,35.78577,50.82117,33.98629,34.16979,78.88420,7.37112,12.19602
1/07/1995,29.52861,37.42986,51.95760,34.74008,34.16710,83.67954,7.46893,12.19018
1/08/1995,29.71381,38.07985,52.87438,35.52858,34.32246,89.44374,7.51339,12.43856
1/09/1995,30.73981,38.25646,53.59187,35.64040,33.16401,92.57273,7.82015,12.41502
1/10/1995,30.87537,37.33883,53.55439,34.21763,31.99588,92.31295,7.97575,12.89654
1/11/1995,31.44986,37.82859,54.29003,34.09039,33.03123,92.79770,8.17581,11.59493
1/12/1995,32.47175,39.29243,55.33458,35.01770,32.67375,99.27486,8.45145,11.18564
1/01/1996,32.60315,39.97337,56.35791,36.38648,34.49556,103.10971,8.55053,10.89051
1/02/1996,34.30991,40.28653,56.68226,37.05159,35.65616,102.79513,8.56514,12.44861
1/03/1996,34.33728,39.86777,56.06698,37.25787,36.50713,101.05530,9.32600,12.16265
1/04/1996,34.41353,39.99158,57.50470,37.60103,38.23916,108.11003,9.33883,13.15812
1/05/1996,35.14032,40.13541,56.99058,37.48729,38.75845,107.99400,9.21146,13.64260
1/06/1996,35.48436,39.38347,56.62075,38.17939,38.80360,108.97898,9.31860,14.28054
1/07/1996,34.21694,38.22915,56.21420,37.85165,37.39895,105.70817,9.35839,13.40870
1/08/1996,35.11520,39.57282,58.25435,38.18132,36.80117,102.16082,9.33637,12.60802
1/09/1996,35.74650,39.70755,59.54844,38.74233,37.54194,101.68896,9.37427,12.39214
1/10/1996,36.99175,41.35528,60.97217,39.92025,38.90090,102.24140,9.62862,11.55023
1/11/1996,38.49857,41.92880,60.19210,40.45234,40.37114,101.17262,9.77841,11.12800
1/12/1996,38.78163,41.99799,61.24356,41.47411,41.11836,96.96711,9.85187,10.66888
1/01/1997,39.96730,43.10497,63.14247,43.10701,43.58632,88.94351,10.29201,12.46594
1/02/1997,41.45096,43.84053,65.45416,46.11447,46.72355,89.38830,11.23896,12.62290
1/03/1997,41.26777,42.99573,65.95780,48.48960,47.63580,88.52709,11.54128,13.75347
1/04/1997,39.71159,42.80819,65.39266,48.36814,46.58271,88.72048,11.73244,13.45728
1/05/1997,42.91642,45.08042,70.09494,51.18475,48.06316,96.15296,12.77276,13.67459
1/06/1997,45.26382,47.27254,70.50103,53.17816,48.61632,98.53676,13.56411,14.62696
1/07/1997,47.62737,48.01903,73.43444,58.02674,51.96911,98.48648,14.54663,15.55769
1/08/1997,47.68659,47.17604,74.99184,58.56654,51.82182,95.32397,14.18652,15.63156
1/09/1997,48.49962,47.80782,75.97443,56.49023,51.54336,91.05143,13.98202,14.41968
1/10/1997,49.44086,46.88473,78.01810,57.03389,51.21545,86.58485,14.38658,14.59138
1/11/1997,48.73145,44.56335,73.48580,53.60229,48.57170,79.67902,13.93311,13.20262
1/12/1997,49.97653,45.58476,77.14473,56.87195,50.63004,77.60979,14.95564,12.85053
1/01/1998,49.92450,46.80280,79.48842,58.63016,52.56904,78.11066,15.63140,12.69467
1/02/1998,52.69964,47.38360,85.76572,62.47817,56.53788,81.83077,17.00960,12.43818
1/03/1998,55.52620,48.68358,88.88524,66.73682,62.76987,81.52006,18.03213,13.98342
1/04/1998,57.24488,50.34405,90.59431,71.17669,66.90644,78.77333,18.50339,15.02126
1/05/1998,56.88943,49.11508,90.02137,72.50498,69.66630,78.26795,18.80125,14.29968
1/06/1998,56.42339,46.64986,88.65847,75.49703,71.72517,76.78403,18.77458,12.12671
1/07/1998,58.07058,49.16242,90.81964,78.63173,73.42764,81.25770,20.01940,11.95942
1/08/1998,53.39362,46.42774,84.24483,71.28079,68.15197,75.91701,18.52117,10.92376
1/09/1998,50.16512,45.20423,78.39335,63.45753,60.99752,69.96716,15.92038,11.29470
1/10/1998,50.65313,44.63435,76.78547,58.25037,56.89751,65.98856,14.68000,10.47801
1/11/1998,55.87901,47.85334,84.84850,64.17469,63.51440,71.72698,16.92068,10.64589
1/12/1998,57.03838,48.29213,86.22351,63.80840,64.34279,71.41820,17.07484,10.76871
1/01/1999,58.96622,49.88706,90.61455,67.82799,70.01679,69.69578,17.90291,12.01558
1/02/1999,58.29973,50.73186,91.14444,66.34932,69.88885,71.00049,17.47776,12.00326
1/03/1999,59.78408,51.76784,93.53667,65.04030,70.38179,77.58981,17.71105,13.48624
1/04/1999,62.16686,54.43880,97.95405,67.76051,73.50236,85.70881,18.07386,12.59450
1/05/1999,62.94555,53.06599,95.86410,68.24248,74.89519,85.66110,17.77928,14.18468
1/06/1999,62.34271,52.90759,97.43785,68.60685,76.57938,88.82684,17.80356,14.86585
1/07/1999,64.25430,54.54804,97.39250,71.27886,78.54472,94.99264,17.76476,16.54519
1/08/1999,61.50060,53.47019,94.17902,68.21935,77.09921,94.47436,17.59172,17.04447
1/09/1999,60.19794,52.34500,92.75406,69.04833,80.61005,96.40629,17.89536,17.27155
1/10/1999,59.32374,51.13970,92.06054,68.88446,80.85034,97.90246,17.65284,17.67551
1/11/1999,62.80751,53.43742,98.37310,74.05113,88.12198,103.92644,18.54401,16.76090
1/12/1999,63.19875,55.99731,101.89588,80.26270,96.26018,105.55798,18.82242,17.55325
1/01/2000,62.86602,56.05965,98.46317,86.16582,98.18359,106.88912,18.78431,19.75834
1/02/2000,59.92387,56.92743,93.68788,95.00121,105.37245,110.41068,18.31263,20.65533
1/03/2000,61.62468,58.45414,99.19132,99.83436,109.68963,107.15341,18.70558,19.18312
1/04/2000,64.01819,56.65877,95.61440,92.57018,105.85196,107.12892,19.29153,17.93419
1/05/2000,63.33833,55.63911,94.25060,90.46495,107.89766,103.72790,19.88268,15.61101
1/06/2000,64.33157,57.55772,97.88135,90.39555,110.94700,100.96505,20.06193,17.09038
1/07/2000,64.67894,60.08980,97.55154,89.34294,110.70026,100.06774,20.57436,16.98766
1/08/2000,65.96814,60.52134,98.31472,88.97086,111.96703,96.27028,21.43237,15.81341
1/09/2000,66.10834,59.92293,97.99598,87.19337,111.96864,95.65789,20.95293,16.15497
1/10/2000,64.02615,59.38992,95.43305,82.56457,105.31681,93.21606,20.50510,14.00743
1/11/2000,63.94636,60.20785,96.45219,81.79150,105.47620,89.71577,21.13509,14.35871
1/12/2000,63.89026,59.29485,94.45728,76.86003,100.82384,86.17164,20.84428,14.88860
1/01/2001,64.42541,59.68874,93.93384,77.22632,99.78285,82.83895,20.71855,15.20683
1/02/2001,64.17600,60.44955,92.77641,76.47831,97.40708,81.11395,20.36132,15.75518
1/03/2001,59.75940,59.24418,86.63520,70.57134,90.16581,79.86016,18.71067,13.95004
1/04/2001,60.09292,59.45148,87.45948,70.48458,91.85268,84.71093,18.46411,12.70867
1/05/2001,63.83125,61.65228,89.12459,72.59945,95.85862,88.97252,19.38788,13.19491
1/06/2001,62.47472,62.23463,87.23643,70.97619,91.24416,83.13097,18.87831,12.57090
1/07/2001,60.79872,61.38217,82.82916,68.39285,86.31496,78.87325,17.78635,12.23409
1/08/2001,59.86570,61.17264,82.57366,64.60268,84.85224,75.72427,17.24845,12.08408
1/09/2001,54.59542,56.45944,74.10682,53.48084,71.22738,66.64414,15.02135,10.66743
1/10/2001,55.06464,58.16849,76.72768,55.64197,73.33598,69.13689,15.28128,10.71536
1/11/2001,56.99183,60.25800,79.49183,59.63265,78.01146,67.74902,16.07854,11.58969
1/12/2001,57.73238,61.08971,78.56064,60.74888,78.71862,65.63918,16.06177,12.10963
1/01/2002,57.62083,62.34670,78.72865,62.08489,79.00004,64.67934,16.05448,12.25763
1/02/2002,56.41106,62.78725,77.74015,59.86592,76.41946,62.47022,15.86629,12.89828
1/03/2002,59.49042,62.65004,79.65878,63.73899,81.21696,69.91301,16.59254,13.05831
1/04/2002,58.18821,61.58253,78.99113,62.64397,80.50818,69.84146,16.85525,12.55672
1/05/2002,57.02320,61.26985,78.38475,59.85628,78.11144,71.17776,16.72135,12.07900
1/06/2002,53.90806,59.95642,72.29373,54.31367,70.79169,68.10614,15.43887,11.90569
1/07/2002,48.25622,57.24739,64.26421,49.32436,62.83196,64.66644,13.75263,11.75158
1/08/2002,48.70765,56.71290,64.62510,45.62287,61.03434,61.65349,13.44441,11.15506
1/09/2002,46.76304,56.20504,59.99751,40.29811,55.69793,59.05760,12.48395,11.27949
1/10/2002,45.54277,54.38261,60.18265,37.23088,53.45279,56.11748,12.17771,10.79259
1/11/2002,47.87475,54.92751,62.20182,40.22485,57.48641,55.21952,12.72722,11.16548
1/12/2002,47.52485,54.85002,59.87089,38.59581,56.35672,54.53042,12.32280,12.12681
1/01/2003,47.34989,55.27016,57.52252,36.67373,54.84589,54.58779,11.91374,12.16387
1/02/2003,44.37599,52.05179,55.25437,33.06863,50.73352,54.26355,10.80267,11.97972
1/03/2003,44.24553,51.14973,55.16339,31.58996,48.53165,51.72439,10.40222,11.50371
1/04/2003,46.62976,53.90989,58.61187,35.17000,51.73662,50.97083,11.40266,11.08506
1/05/2003,49.36493,54.17116,60.44756,36.39033,53.55896,52.84023,11.65650,11.07625
1/06/2003,52.29276,55.79207,62.46885,39.18766,56.33199,56.67443,12.33906,12.38038
1/07/2003,52.14393,55.90426,61.85336,40.98829,56.91606,61.15713,12.53987,13.39866
1/08/2003,52.26897,57.53238,63.41202,42.46310,58.97386,62.25556,13.03556,14.53074
1/09/2003,53.80064,58.29767,64.21674,43.39233,60.80991,66.95549,13.49647,15.77203
1/10/2003,55.20531,59.28762,65.05786,43.40968,60.81502,68.54835,13.35519,17.27980
1/11/2003,56.13243,58.36786,65.95236,46.01037,62.63467,64.92816,13.60090,18.09503
1/12/2003,58.51985,58.91500,66.67202,47.69532,63.89473,65.23371,13.93330,19.86376
1/01/2004,61.47464,60.12669,67.79669,50.06466,66.37720,68.32854,14.57471,21.74186
1/02/2004,62.40279,60.33166,67.37318,50.18226,67.63000,67.34227,15.07592,21.27503
1/03/2004,61.57739,62.07179,67.42761,48.62262,67.38299,73.33595,14.77603,20.55079
1/04/2004,61.84450,62.62614,68.43538,49.86609,68.79275,77.43574,15.02035,21.26552
1/05/2004,59.72372,61.77567,67.53451,47.48711,66.46671,72.46829,14.80080,19.02496
1/06/2004,61.33126,63.73055,67.90693,48.68239,67.85228,74.69481,14.77029,17.63306
1/07/2004,60.38981,64.23252,66.15358,47.50061,66.76049,73.91869,14.36930,18.17775
1/08/2004,59.49894,64.03181,66.53009,45.92940,65.60526,71.86106,14.04354,18.80388
1/09/2004,61.34568,65.81700,69.15670,47.64905,67.48566,72.31616,14.34438,19.82413
1/10/2004,61.89985,67.57321,70.43696,48.32766,68.06032,71.55228,14.16365,20.81690
1/11/2004,64.97322,70.31734,71.93784,49.97405,69.65716,70.96761,14.50481,21.80170
1/12/2004,66.84936,72.38765,72.03959,51.29464,70.15225,71.72182,14.65385,23.37190
1/01/2005,66.09673,73.98145,73.17761,51.82673,71.67840,73.77236,14.97685,23.00786
1/02/2005,67.84700,75.64437,75.80225,53.03743,74.36838,74.76056,15.38132,24.10744
1/03/2005,68.08077,76.39803,75.18692,53.24178,75.58381,76.85945,15.58441,24.37739
1/04/2005,66.29041,74.07178,74.11638,52.37232,74.97421,74.57427,15.55338,23.33418
1/05/2005,66.47941,73.35291,74.69122,52.04265,75.27122,73.09680,15.68449,23.69661
1/06/2005,67.79820,77.21026,76.57999,54.81299,78.19745,74.73413,16.27606,25.34541
1/07/2005,69.14153,78.44713,79.27530,56.88544,81.40564,76.68411,16.78383,26.86517
1/08/2005,70.08316,80.71861,80.47882,58.80945,83.10596,80.03679,17.24768,28.24818
1/09/2005,71.01159,82.65425,81.76999,59.70398,84.38402,85.98470,17.65587,30.18440
1/10/2005,69.05574,80.97230,80.25926,59.60951,83.93516,90.18312,18.09848,30.10461
1/11/2005,71.11321,83.53863,82.76517,61.13445,84.99443,97.02577,19.05797,31.03629
1/12/2005,72.95638,84.86364,84.18205,63.95299,88.35233,103.93353,19.60139,33.49084
1/01/2006,74.89481,88.10584,86.53724,66.11412,91.27857,106.69509,20.13470,34.87974
1/02/2006,75.36825,88.79287,88.05025,69.63632,94.03708,106.57712,20.59528,36.87485
1/03/2006,76.55873,90.60795,90.05289,71.12463,96.84693,107.40030,20.89152,39.67780
1/04/2006,78.15821,95.26214,91.76788,72.76139,98.47603,112.48636,21.13533,42.75984
1/05/2006,78.19043,94.37208,88.72609,70.18191,96.27093,107.50022,20.52917,42.43955
1/06/2006,74.79095,90.47739,85.94738,65.23694,90.70633,98.80879,19.54002,36.23586
1/07/2006,75.96101,91.49409,88.45876,66.27413,92.85659,99.78346,20.18946,38.59043
1/08/2006,77.68767,91.19547,89.12747,68.15573,95.74197,103.25475,20.97648,41.32550
1/09/2006,78.53902,92.13271,89.40541,69.94864,97.52185,103.08005,21.67363,43.99507
1/10/2006,81.02309,96.23769,92.51802,73.06985,101.06709,105.41423,22.56647,46.14242
1/11/2006,82.98522,98.84087,93.52457,75.39871,103.09479,101.89846,22.93060,49.03986
1/12/2006,85.11808,100.87021,93.60903,77.11450,104.02128,106.13040,22.98514,49.78940
1/01/2007,85.53719,103.23965,94.57525,79.73640,106.86634,109.80538,23.96492,51.16927
1/02/2007,87.57293,108.04700,96.48054,82.63397,109.10665,113.74208,24.60741,51.73589
1/03/2007,85.42087,106.78125,94.10018,80.48441,105.74821,110.33526,23.68489,47.04428
1/04/2007,89.44111,111.81216,97.51363,86.42415,112.06218,110.48675,24.71163,49.15826
1/05/2007,92.02119,114.70227,99.64319,89.08846,115.77998,111.05079,25.16679,51.65701
1/06/2007,92.69252,114.81618,100.04806,91.62745,115.07711,113.99864,24.82745,52.39737
1/07/2007,93.54097,115.08413,99.50096,92.03423,114.21163,113.68213,24.52122,55.75707
1/08/2007,88.41669,109.43801,93.69653,86.60923,105.85249,103.53258,23.35944,54.05834
1/09/2007,91.48968,115.27774,96.21412,88.50817,106.81823,100.62340,23.60588,58.65436
1/10/2007,95.14953,121.69058,100.06807,92.34847,110.70671,104.51176,24.22668,67.43953
1/11/2007,91.09005,118.60677,95.91085,89.10388,105.87131,96.81111,22.88774,70.40101
1/12/2007,91.88257,117.02728,97.58793,91.16477,106.45618,97.12053,23.02814,72.36527
1/01/2008,85.92138,107.25273,91.73452,83.74442,97.47723,87.50343,21.16310,70.64267
1/02/2008,84.64895,102.68887,89.61816,79.16575,92.01046,85.50640,20.29338,64.80096
1/03/2008,82.16946,95.71703,85.81045,74.68154,88.03221,79.11562,19.24765,57.72417
1/04/2008,85.92222,100.67966,90.88325,77.65238,93.04339,83.61766,19.89974,59.50109
1/05/2008,88.26169,105.04277,93.77007,79.98895,95.62424,88.58059,20.36607,62.08092
1/06/2008,84.26327,98.50012,87.61870,75.89802,88.99633,89.00540,19.49710,54.82081
1/07/2008,78.95064,90.59787,81.50691,70.86630,81.34651,83.06715,18.39254,50.13790
1/08/2008,78.31818,90.48679,82.90771,71.60660,83.69379,80.39068,19.17137,53.81540
1/09/2008,74.07194,89.12305,79.33064,68.08054,80.19182,75.19182,18.64566,51.15026
1/10/2008,57.41563,76.62215,64.93079,53.88569,65.51549,58.68178,16.02781,38.84584
1/11/2008,51.77961,68.98590,64.04979,50.31721,61.78640,55.15506,15.17466,34.49480
1/12/2008,51.73662,65.30637,64.68772,48.95421,59.87777,53.48485,14.65674,34.72878
1/01/2009,51.37847,65.27052,65.03269,48.43948,58.65347,53.17285,14.48010,34.10630
1/02/2009,47.38305,62.66246,61.77861,45.30670,55.14827,49.18136,13.28693,33.52276
1/03/2009,44.39098,61.71457,57.01818,42.06982,51.59981,48.79136,12.44718,32.60434
1/04/2009,50.01417,67.55709,61.27018,47.93052,57.11495,53.61248,13.56273,39.80186
1/05/2009,54.52264,69.62041,66.49566,50.52928,61.62190,56.55453,14.39651,47.40269
1/06/2009,56.05994,71.69096,65.94963,50.80304,61.73479,59.40634,14.46963,54.03560
1/07/2009,56.34072,72.18725,66.33266,51.02667,61.24561,58.18091,14.82124,53.49724
1/08/2009,61.60015,79.63965,72.22261,55.71908,67.56683,61.95646,16.12503,56.34653
1/09/2009,63.97417,83.81729,76.31963,58.02095,71.49778,60.42355,16.69226,59.84916
1/10/2009,65.43232,86.37919,78.26147,59.17189,72.62640,57.70776,16.91361,61.58843
1/11/2009,66.37180,85.05152,79.49122,58.65136,71.76361,55.15119,16.92079,60.85030
1/12/2009,67.16471,85.88583,80.63334,60.76237,73.43678,57.62783,17.29834,62.55754
1/01/2010,67.98262,87.96689,82.06037,61.14987,75.07339,60.27271,17.54521,63.04546
1/02/2010,65.13094,83.71229,79.33413,58.19446,70.93764,57.75546,17.41625,59.20132
1/03/2010,68.83686,87.83687,85.23424,62.05019,75.48194,60.43322,18.33113,63.13286
1/04/2010,71.22054,89.54694,86.77955,64.68172,76.90999,63.63312,18.32547,64.64835
1/05/2010,65.55708,81.85873,79.41071,60.69875,69.40558,59.22520,17.01933,61.57322
1/06/2010,63.38497,81.09768,77.93181,61.53352,69.33381,56.32634,16.90669,63.23722
1/07/2010,63.66211,79.97715,78.21916,61.42941,69.03224,54.57168,16.45603,65.24067
1/08/2010,64.83236,81.31328,80.00254,62.02320,70.41808,53.79427,16.71876,66.44340
1/09/2010,66.91848,83.77487,83.62054,63.14136,72.66645,54.00054,17.01210,70.65020
1/10/2010,70.07586,84.78406,86.23731,65.55890,74.46890,53.35270,17.19634,74.02061
1/11/2010,71.24583,85.07821,86.95272,68.64348,74.92906,54.72381,17.48305,73.52614
1/12/2010,73.43909,86.38565,89.17023,71.57575,75.92060,57.70776,17.61173,72.83301
1/01/2011,75.83663,86.74475,90.49825,72.21966,78.06925,59.51399,17.66526,70.45145
1/02/2011,78.38196,88.70717,91.29873,74.39622,80.27084,61.14295,17.88548,65.93077
1/03/2011,77.49942,85.84511,88.81116,71.13427,77.71714,56.80851,17.14531,67.46522
1/04/2011,79.34372,89.01131,91.15983,73.68676,79.38682,54.42342,17.37481,71.13450
1/05/2011,78.79452,85.74635,90.13159,73.44771,79.27151,54.20682,17.51987,66.98655
1/06/2011,75.94405,82.69880,87.82962,71.42153,76.68448,52.99171,16.64925,66.63373
1/07/2011,77.67409,82.71182,89.61330,72.65536,76.09154,55.51476,16.16403,68.05012
1/08/2011,68.76671,76.76531,79.83832,59.23936,64.30946,50.19857,14.07624,61.68928
1/09/2011,66.55734,74.20028,79.28227,54.41392,60.32637,48.60700,14.41855,61.02279
1/10/2011,67.94890,76.03514,82.01352,58.46436,63.06043,48.34142,15.06621,61.39568
1/11/2011,68.64421,76.34750,81.92102,58.11156,60.70616,47.05346,14.80135,61.18019
1/12/2011,69.36818,75.96712,83.14214,58.37954,61.66168,47.19270,15.29283,58.48025
1/01/2012,72.31305,76.36143,86.26339,62.40877,64.98276,47.84957,15.95247,59.99727
1/02/2012,75.61419,77.64387,89.36356,67.23806,68.63309,51.52584,16.32916,65.27748
1/03/2012,76.48755,77.58922,89.09153,68.83048,70.21676,54.86885,16.46660,63.58006
1/04/2012,75.34690,78.87789,86.81686,66.66934,65.93425,52.65264,16.25281,63.26318
1/05/2012,72.17182,76.62283,82.94213,62.91772,62.71988,48.31176,15.65482,60.08113
1/06/2012,70.76199,74.01759,82.78458,59.94110,61.78586,47.26297,15.55849,61.18067
1/07/2012,72.79951,75.52260,85.46852,63.28787,64.64759,48.08937,16.31227,62.90985
1/08/2012,75.03520,78.62293,87.88861,66.81779,68.86667,48.26471,16.89159,64.31582
1/09/2012,77.42225,79.39424,88.03069,69.60355,70.23611,47.91855,17.06972,66.39135
1/10/2012,77.60919,81.80533,88.43055,69.99876,69.35961,47.46215,17.37894,68.44677
1/11/2012,76.13493,80.68658,87.75896,69.72693,69.86761,48.62183,17.42328,68.27310
1/12/2012,78.39357,83.59423,89.85440,72.98695,73.21638,52.54628,17.95507,70.76801
1/01/2013,81.92726,86.72798,93.26134,74.69118,75.24918,57.73806,18.85452,72.64947
1/02/2013,83.34364,91.01151,95.77787,74.36344,74.80703,61.93776,19.46341,71.14740
1/03/2013,84.68098,91.72515,97.56867,76.44746,76.82344,66.35535,20.15768,69.85902
1/04/2013,85.15526,91.00771,96.48994,74.61021,75.66122,71.72827,20.11259,68.87262
1/05/2013,88.41660,93.14209,100.71858,78.49100,80.00636,77.29199,21.04603,72.89182
1/06/2013,86.20319,86.95584,95.52130,76.11973,76.86725,70.23017,19.85988,69.92489
1/07/2013,88.49967,89.96494,98.83331,76.90051,78.66272,76.55325,20.46755,72.04655
1/08/2013,88.94304,92.93604,98.86803,78.80910,82.09077,73.83618,20.69182,68.28677
1/09/2013,90.11507,95.20130,99.35660,80.34560,83.63224,76.50297,20.90423,71.68288
1/10/2013,92.16814,96.25526,99.65350,83.17570,85.82040,76.63834,21.02704,74.76316
1/11/2013,94.64921,97.72205,101.50921,86.68056,87.05868,78.70822,21.58857,75.39119
1/12/2013,95.09109,95.01513,99.83622,87.57316,85.14575,81.02563,21.07745,76.67639
1/01/2014,95.98233,96.18234,101.84326,89.84804,87.08394,82.49344,21.81322,76.55624
1/02/2014,95.36447,96.73953,101.48965,89.74779,88.27788,77.41898,21.93927,75.09847
1/03/2014,97.53705,97.89485,100.55952,88.25562,89.46375,76.60934,21.89660,79.75429
1/04/2014,98.45526,99.24743,100.83004,89.13858,91.35033,75.46642,22.14628,82.53337
1/05/2014,99.72694,99.68070,103.61769,89.80370,92.26177,75.76424,22.60689,86.57970
1/06/2014,102.13384,99.04755,103.17704,91.36719,93.13263,80.33396,22.79181,92.21367
1/07/2014,102.87739,100.63665,102.68741,89.57235,89.99405,82.20078,22.58937,94.07167
1/08/2014,101.52835,101.43277,101.82597,85.20767,87.40030,81.96356,22.32543,95.36070
1/09/2014,102.38794,99.80123,102.77430,88.18429,90.66413,84.71029,23.14774,98.36828
1/10/2014,98.07211,97.03217,97.17700,82.40456,84.61760,80.80453,22.30465,97.32137
1/11/2014,102.26019,98.87231,100.74800,87.26277,87.58737,89.18202,23.44997,102.77751
1/12/2014,101.37653,96.76394,99.29761,90.31265,88.08462,90.98632,23.64848,101.02256
1/01/2015,100.07909,98.78583,100.27384,93.31048,90.76680,89.62939,22.57686,103.33379
1/02/2015,102.77558,106.33975,104.30247,100.95638,98.72089,94.07663,22.98630,105.79258
1/03/2015,102.25372,107.20946,104.39315,107.91982,103.47753,100.16314,24.13020,104.48103
1/04/2015,103.84880,107.47493,106.08555,109.38307,106.73760,102.66040,24.45328,102.96657
1/05/2015,104.40681,103.87531,105.90586,105.15912,104.88461,104.46792,24.15821,100.18219
1/06/2015,103.16323,101.24823,102.85648,101.25520,102.20001,106.53780,23.77358,99.19936
1/07/2015,101.69384,101.72239,100.78561,101.89911,102.62925,105.61599,24.16394,102.40777
1/08/2015,98.64014,97.80973,97.74457,98.31521,101.03188,104.01540,24.08842,100.10948
1/09/2015,93.22412,92.41310,92.30528,91.18983,93.75701,93.87422,22.82776,94.03222
1/10/2015,96.70031,95.34311,96.14877,93.41651,97.39767,97.11602,23.08592,98.65292
1/11/2015,97.66067,94.15915,95.63457,99.70134,101.32808,101.90169,23.65794,95.02291
1/12/2015,95.55366,93.61902,93.56385,97.49394,97.06868,99.94139,23.20660,93.81919
1/01/2016,89.20781,90.90172,90.03910,90.35314,90.85550,91.55745,22.21464,90.52799
1/02/2016,88.24099,89.40309,89.18767,85.18068,87.27720,85.20278,21.12779,86.58983
1/03/2016,94.19507,92.95984,93.30228,90.18927,92.12899,87.52148,21.39147,90.83797
1/04/2016,96.83752,92.92297,95.10370,91.52528,92.81950,86.11492,21.55106,93.12806
1/05/2016,96.83658,97.25519,93.60706,90.31651,91.64088,85.71719,21.64066,93.92030
1/06/2016,97.52459,95.57050,93.63906,88.58336,89.74435,83.08069,21.46998,97.66355
1/07/2016,99.99920,98.37916,100.92617,89.41234,90.16473,83.31920,21.95050,101.20800
1/08/2016,101.04798,100.49428,103.45135,94.28598,92.74961,84.08436,22.20729,102.39907
1/09/2016,100.23016,97.55027,103.32018,94.27055,93.54198,86.00598,22.32706,104.16791
1/10/2016,99.05186,98.73436,106.31421,95.15737,94.17201,87.66716,21.93054,102.38697
1/11/2016,99.85422,97.31811,103.16218,94.19344,94.00295,90.84837,21.33513,97.68158
1/12/2016,103.84365,101.34984,105.70115,99.25215,99.26168,98.21703,22.05468,96.40318
1/01/2017,105.02355,103.90042,109.30203,102.89195,101.50843,98.87455,22.70102,99.39032
1/02/2017,106.97443,104.22812,109.78999,104.00240,101.58718,99.11692,23.06754,104.10233
1/03/2017,107.79796,105.10428,111.59611,106.43537,104.81526,100.09030,23.63493,106.93982
1/04/2017,107.27432,107.04558,110.23852,108.09526,107.48857,96.35859,23.77356,108.54600
1/05/2017,108.38791,105.87379,112.49151,110.79812,112.30596,101.13072,24.82354,111.11727
1/06/2017,109.92614,104.41808,113.17978,110.87716,111.18380,103.38238,24.68396,113.84466
1/07/2017,111.18471,104.37088,112.14685,108.40564,109.23002,104.45567,24.71324,116.53221
1/08/2017,110.95262,104.47168,112.34382,106.89613,108.27745,103.98575,24.76775,116.06033
1/09/2017,112.86192,103.75744,111.21869,109.87853,110.19871,105.64049,24.92927,116.55966
1/10/2017,115.63231,105.99611,113.85016,114.47455,113.76303,110.88448,25.54968,118.23945
1/11/2017,115.94859,108.85819,112.83497,115.90117,113.59639,114.96622,25.63269,122.07205
1/12/2017,119.04481,109.74940,113.60937,115.73345,113.35959,116.65126,25.92222,122.26878
1/01/2018,124.24317,110.33261,116.68770,117.96977,115.84744,120.80197,26.31748,128.06834
1/02/2018,119.48912,108.23961,110.02472,111.16634,111.47086,113.76529,24.88418,125.33474
1/03/2018,118.08173,107.48660,107.48741,108.96665,110.41750,110.63437,24.44336,121.81190
1/04/2018,117.40131,106.51889,110.34755,110.41062,112.95642,112.12022,24.42287,124.81556
1/05/2018,118.30351,110.43746,116.55578,113.32362,116.97767,114.92754,24.80622,128.24208
1/06/2018,118.59993,111.16836,116.10573,110.75763,114.60621,113.61316,24.10042,129.41937
1/07/2018,119.52958,113.74273,116.01672,109.94215,114.37505,111.46528,24.87074,133.07929
1/08/2018,121.28153,114.51017,115.30889,109.63947,115.15103,110.94121,25.36731,139.13180
1/09/2018,122.26119,112.68684,111.99612,107.33568,114.04042,112.70553,25.05017,136.71025
1/10/2018,117.41845,108.11365,108.22223,101.90682,109.22437,110.08257,24.54884,126.54006
1/11/2018,115.52938,105.16292,106.76320,99.33119,106.14117,106.10204,24.61764,128.96819
1/12/2018,108.75523,102.06166,102.82221,93.78859,100.16747,100.47965,23.61007,131.04448
1/01/2019,111.16616,105.48877,103.95766,95.57957,101.21976,98.93965,24.11422,131.78755
1/02/2019,117.22345,110.61878,108.37827,98.12821,107.07142,102.49151,25.30375,132.09950
1/03/2019,118.28300,112.57645,109.24622,100.21030,110.95238,103.35724,25.91638,137.42759
1/04/2019,121.03784,114.20224,112.76370,104.39183,115.10507,104.30612,26.51150,142.20294
1/05/2019,118.64245,116.06536,110.38940,102.59121,111.90790,100.52735,26.53080,141.07760
1/06/2019,120.17347,119.07784,111.59293,101.21471,112.67420,99.27679,27.13571,144.62756
1/07/2019,123.43003,122.30362,114.47277,103.19848,115.89609,101.41758,27.52105,141.28047
1/08/2019,118.28403,119.13991,109.15509,97.97976,111.44290,96.77050,27.12015,135.89393
1/09/2019,121.75890,121.36234,110.99594,102.51795,116.42801,102.00225,27.79026,137.13508
1/10/2019,121.35093,121.02517,109.49945,104.27809,116.71991,104.21394,27.70839,141.41261
1/11/2019,125.88704,122.83825,111.42628,109.74743,122.07675,109.32127,28.58894,148.06165
1/12/2019,128.52031,123.21568,112.58022,110.47038,122.75623,111.16102,29.07557,150.13736
1/01/2020,130.90520,126.54368,114.59529,112.01074,124.38909,110.87868,29.66011,151.19014
1/02/2020,128.69358,127.12670,110.89738,111.17020,123.32847,107.82317,29.99405,148.94245
1/03/2020,100.45803,98.79449,87.06705,83.88901,93.03694,89.01700,25.03524,118.46408
1/04/2020,101.80408,96.87127,87.03309,86.97938,91.88736,91.15070,26.28370,112.16943
1/05/2020,105.65555,100.18170,90.33039,92.12677,93.73551,95.40068,26.77618,114.70609
1/06/2020,113.16621,108.01613,94.69034,101.45570,102.90019,102.22077,27.63686,125.24397
1/07/2020,115.09434,109.45152,93.51866,104.37063,103.74712,100.67819,28.18862,135.36120
1/08/2020,120.63801,110.86875,92.02005,105.50421,103.43318,102.67394,28.08995,140.17150
1/09/2020,119.74555,107.78816,89.96510,105.93605,102.94131,105.33365,28.46727,140.28990
1/10/2020,121.47110,110.73265,88.72897,103.77492,101.29233,105.01069,27.90514,146.40148
1/11/2020,128.24796,116.66874,94.35523,105.50228,111.15907,110.23277,28.60221,157.38733
1/12/2020,134.59409,121.21456,98.82664,110.64003,115.74450,114.85663,28.76253,169.04304
1/01/2021,138.83574,122.25623,101.40094,114.45720,116.96101,118.67472,29.74832,177.53925
1/02/2021,142.34292,124.10604,99.82985,116.17300,119.20723,123.35080,29.68864,185.63069
1/03/2021,144.96486,123.18708,101.80141,119.03202,124.08966,125.56057,30.17276,183.15088
1/04/2021,150.28601,127.31569,104.72174,124.11001,129.03204,125.05003,30.98772,178.60866
1/05/2021,153.50660,128.66890,106.46918,122.90124,131.59945,122.91053,30.95042,181.92476
1/06/2021,155.21782,132.87939,107.62131,125.77761,135.74649,125.92284,32.76819,191.54101
1/07/2021,154.78493,133.60563,106.86662,125.70435,134.61089,124.37188,33.29949,192.53535
1/08/2021,156.60779,136.95420,108.25135,127.71511,139.05171,124.47889,34.18961,201.97940
1/09/2021,155.12097,134.68712,107.13122,125.90485,137.25168,133.03946,33.41902,214.78786
1/10/2021,156.85410,133.61322,108.61770,123.87288,137.38553,128.37240,32.98308,221.01919
1/11/2021,159.94283,134.47450,110.15907,127.65342,144.10859,130.48289,34.33691,217.33471
1/12/2021,157.33822,133.95375,110.51465,124.27195,143.10200,127.48347,34.73538,210.78083
