,US,AU,UK,Germany,Europe,Japan,Switzerland,HK
1/03/1976,1,1,1,1,1,1,1,1
1/04/1976,0.98900,1.02000,0.93700,1.00400,0.97279,1.00200,0.98100,0.94365
1/05/1976,1.03200,1.02800,0.92600,1.01000,0.96616,0.98100,1.01200,0.97141
1/06/1976,1.02600,1.12600,0.89600,1.04800,0.94945,0.93500,1.01300,0.95414
1/07/1976,1.02500,1.12000,0.85600,1.01500,0.92626,0.93000,1.01300,0.97817
1/08/1976,1.05000,1.03600,0.80800,1.03200,0.90462,0.87400,0.99600,0.96776
1/09/1976,1.03000,0.98300,0.73000,1.03100,0.84154,0.82400,0.95600,0.91386
1/10/1976,1.02500,0.94100,0.78000,0.99800,0.87163,0.79400,0.96700,0.94715
1/11/1976,1.07900,0.97600,0.92500,0.99300,0.93172,0.89000,1.03700,1.06220
1/12/1976,1.02600,0.99700,1.00800,1.12900,0.95096,0.87400,1.05300,1.02534
1/01/1977,1.00500,0.95700,1.03400,1.07700,0.95799,0.83800,1.04200,1.00121
1/02/1977,0.99300,1.00700,1.06100,1.10800,0.96076,0.75000,1.04700,0.97103
1/03/1977,0.99500,0.99400,1.09900,1.07500,0.99223,0.73500,1.05200,1.02782
1/04/1977,0.97600,1.04000,1.12700,1.09200,0.98560,0.77200,1.01100,1.00804
1/05/1977,1.02300,1.02700,1.15900,1.08400,0.99469,0.82100,1.02300,1.01558
1/06/1977,1.01000,0.96400,1.13000,1.08100,0.97811,0.79500,1.02100,0.96454
1/07/1977,0.99100,0.93100,1.26200,1.06500,1.02815,0.86000,1.05600,0.98599
1/08/1977,0.99100,0.93100,1.36500,1.12400,1.06852,0.91300,1.09600,0.96208
1/09/1977,0.94900,0.98000,1.32200,1.12200,1.06058,0.94200,1.08600,0.96024
1/10/1977,0.97400,0.95300,1.26400,1.08300,1.03913,0.90500,1.08900,0.96081
1/11/1977,0.97900,1.02600,1.28400,1.06300,1.04111,0.87600,1.08200,0.92550
1/12/1977,0.92100,0.98000,1.21800,1.04700,1.02791,0.83000,1.12500,0.92644
1/01/1978,0.90000,0.92800,1.16300,1.09600,1.00801,0.85300,1.08400,0.94233
1/02/1978,0.92100,0.97500,1.24500,1.12400,1.05221,1.03700,1.07600,1.03292
1/03/1978,1.00800,1.04500,1.26000,1.18200,1.05568,1.09500,1.03000,1.04011
1/04/1978,1.01200,1.10000,1.31500,1.17800,1.08588,1.15700,1.04300,1.06501
1/05/1978,0.99500,1.07900,1.27300,1.17900,1.07615,1.11600,1.05800,1.29268
1/06/1978,1.05500,1.14500,1.35200,1.18600,1.12486,1.24800,1.05000,1.36020
1/07/1978,1.08200,1.21900,1.38600,1.21400,1.14273,1.21500,1.05200,1.61313
1/08/1978,1.07600,1.26600,1.38000,1.19500,1.16162,1.38800,1.01500,1.51381
1/09/1978,0.98400,1.17900,1.33100,1.21300,1.11977,1.32000,0.98900,1.58283
1/10/1978,1.00300,1.16700,1.36500,1.21800,1.12576,1.29600,1.02300,1.15238
1/11/1978,1.02100,1.22400,1.34800,1.23700,1.12583,1.32800,1.05700,1.13305
1/12/1978,1.06600,1.29000,1.36700,1.27300,1.15585,1.32400,1.16900,1.25543
1/01/1979,1.02800,1.34100,1.46400,1.31000,1.16810,1.24500,1.15000,1.22028
1/02/1979,1.08600,1.36900,1.65200,1.26600,1.23637,1.31400,1.17000,1.25546
1/03/1979,1.08500,1.34300,1.74000,1.26400,1.26833,1.40000,1.18600,1.26489
1/04/1979,1.06300,1.37900,1.61000,1.29300,1.20789,1.32400,1.13900,1.32506
1/05/1979,1.10200,1.34100,1.54100,1.30000,1.19854,1.47700,1.14100,1.26599
1/06/1979,1.11300,1.37100,1.47700,1.29400,1.18905,1.47400,1.14900,1.43165
1/07/1979,1.16700,1.54100,1.53400,1.28500,1.22770,1.58000,1.17600,1.38224
1/08/1979,1.16400,1.64400,1.60100,1.30600,1.26492,1.75700,1.19200,1.63706
1/09/1979,1.08800,1.66800,1.51700,1.34900,1.20528,1.60300,1.16000,1.63157
1/10/1979,1.13100,1.62800,1.50000,1.32300,1.20310,1.65600,1.15100,1.83008
1/11/1979,1.14800,1.80400,1.47200,1.32800,1.19340,1.62600,1.15400,2.12166
1/12/1979,1.21600,2.17700,1.60300,1.35400,1.25277,1.76500,1.18000,2.19654
1/01/1980,1.20200,2.25300,1.68800,1.37700,1.28228,1.78300,1.14700,2.22626
1/02/1980,1.09400,1.87000,1.53700,1.38300,1.18022,1.61400,1.05300,1.88486
1/03/1980,1.14000,1.94200,1.58800,1.34100,1.22185,1.67800,1.08900,2.10393
1/04/1980,1.19300,2.16300,1.55800,1.38300,1.23302,1.76800,1.09300,2.16919
1/05/1980,1.23000,2.29200,1.73000,1.37500,1.29992,1.75900,1.12800,2.57092
1/06/1980,1.31000,2.30400,1.79200,1.38700,1.33415,1.70300,1.15700,2.86352
1/07/1980,1.31800,2.40800,1.80000,1.37300,1.33829,1.75300,1.16100,3.05240
1/08/1980,1.34900,2.53800,1.85100,1.40700,1.36594,1.76400,1.15700,3.03236
1/09/1980,1.38100,2.70300,1.97300,1.44100,1.43899,1.90100,1.17100,3.81458
1/10/1980,1.52400,2.64400,1.99700,1.48100,1.45026,1.89100,1.16500,3.68052
1/11/1980,1.46900,2.58700,1.88400,1.46400,1.39979,1.77500,1.17500,3.79373
1/12/1980,1.41300,2.33800,1.87600,1.47000,1.40096,1.69100,1.13600,4.08863
1/01/1981,1.44100,2.26600,1.95700,1.51300,1.45135,1.75900,1.16400,3.80715
1/02/1981,1.48700,2.48000,1.95200,1.51200,1.46009,1.81200,1.15800,3.48599
1/03/1981,1.45800,2.48800,2.11300,1.61800,1.52303,1.71800,1.13500,3.66755
1/04/1981,1.45200,2.49300,1.99600,1.76400,1.45163,1.38500,1.09100,4.36348
1/05/1981,1.44700,2.43000,2.03500,1.78700,1.47341,1.32200,1.12000,4.51992
1/06/1981,1.45500,2.18200,2.04900,1.86800,1.48621,1.45500,1.12100,4.41648
1/07/1981,1.37000,2.17500,2.15800,1.90100,1.53042,1.53300,1.09000,4.25701
1/08/1981,1.30400,1.98300,1.80500,1.89400,1.36425,1.51800,1.01100,3.19727
1/09/1981,1.36700,1.87200,1.87100,1.73200,1.38625,1.49200,1.01600,3.20606
1/10/1981,1.42500,2.02700,2.09500,1.73200,1.49377,1.57200,1.06500,3.63655
1/11/1981,1.38500,2.03800,2.07000,1.73800,1.47938,1.56300,1.06800,3.51208
1/12/1981,1.36700,1.87200,2.18800,1.80800,1.52943,1.68300,1.04800,3.54314
1/01/1982,1.29500,1.70100,2.09700,1.84400,1.51967,1.82000,1.04500,3.16205
1/02/1982,1.28600,1.60400,2.17700,1.75800,1.55050,1.74200,1.05900,2.91829
1/03/1982,1.34000,1.78600,2.20600,1.65900,1.56604,1.85100,1.06700,3.41060
1/04/1982,1.29400,1.78100,2.28900,1.71000,1.57644,1.84000,1.05500,3.69026
1/05/1982,1.27500,1.67100,2.20400,1.70400,1.51139,1.68400,1.01100,3.32343
1/06/1982,1.25100,1.65700,2.28100,1.66800,1.54307,1.64800,1.01100,3.11532
1/07/1982,1.40300,1.73900,2.35100,1.61900,1.57798,1.73700,1.03800,2.77358
1/08/1982,1.41900,1.80700,2.49000,1.64800,1.63548,1.70100,1.04800,2.49354
1/09/1982,1.57500,1.83000,2.56300,1.63300,1.68537,1.73500,1.11700,2.14422
1/10/1982,1.63500,1.76600,2.58300,1.69200,1.71501,1.75000,1.16000,1.97681
1/11/1982,1.66200,1.79000,2.61700,1.82100,1.76519,1.72900,1.21200,2.23000
1/12/1982,1.72700,1.99600,2.73000,1.88700,1.83733,1.84600,1.23800,2.52316
1/01/1983,1.76100,1.87000,2.75500,1.84100,1.91333,1.90400,1.28400,2.90688
1/02/1983,1.82100,1.93600,2.85500,1.85500,2.04399,2.07500,1.29200,2.82595
1/03/1983,1.96200,2.23900,3.09700,1.93500,2.17296,2.18700,1.34500,2.89485
1/04/1983,1.93000,2.35100,3.09700,1.96400,2.15231,2.27600,1.30800,2.61256
1/05/1983,2.00300,2.30100,3.26500,1.97900,2.24353,2.25500,1.33800,2.77203
1/06/1983,1.93600,2.57300,3.16900,2.04100,2.26168,2.33200,1.38400,3.08123
1/07/1983,1.97400,2.67400,3.19900,2.07700,2.26391,2.45700,1.35200,2.78337
1/08/1983,1.99700,2.73100,3.18800,2.09400,2.27074,2.53700,1.35700,2.20891
1/09/1983,1.97300,2.64000,3.13600,2.15400,2.27299,2.53500,1.41000,2.54027
1/10/1983,2.01400,2.88300,3.32700,2.12600,2.38423,2.70100,1.47500,2.51694
1/11/1983,2.00100,3.00400,3.37500,2.13200,2.43201,2.81800,1.56400,2.60119
1/12/1983,1.97700,2.93200,3.61700,2.28900,2.61005,3.06800,1.55300,3.32064
1/01/1984,1.89300,2.77900,3.54300,2.42500,2.52249,2.91300,1.52100,3.19243
1/02/1984,1.92600,2.88200,3.79900,2.40200,2.61496,2.96000,1.52800,3.08471
1/03/1984,1.94400,2.90800,3.90300,2.72000,2.67995,3.26300,1.58200,3.15689
1/04/1984,1.83300,2.49300,3.52300,2.69300,2.50067,3.16400,1.51400,2.84057
1/05/1984,1.87000,2.55600,3.62100,2.40900,2.54519,3.13300,1.50600,2.79868
1/06/1984,1.85400,2.65400,3.53000,2.47200,2.47101,2.90700,1.49300,2.50722
1/07/1984,2.05300,2.87200,3.88700,2.36700,2.67463,3.21600,1.56600,2.94483
1/08/1984,2.05400,2.88800,4.01900,2.54100,2.76656,3.34900,1.58600,3.17669
1/09/1984,2.06300,2.93600,4.09300,2.57100,2.79614,3.39500,1.60200,3.22746
1/10/1984,2.04100,2.92600,4.23000,2.69600,2.83210,3.38700,1.60800,3.59231
1/11/1984,2.09000,2.82400,4.44000,2.72800,2.92161,3.39300,1.64000,3.84320
1/12/1984,2.25600,3.03700,4.65800,2.87300,3.10910,3.60200,1.74700,4.40208
1/01/1985,2.28000,3.10800,4.59700,2.90100,3.12639,3.69700,1.74800,4.43441
1/02/1985,2.28400,3.27100,4.68900,3.04300,3.16616,3.83800,1.74800,4.43809
1/03/1985,2.27700,3.50400,4.75800,3.11800,3.24642,3.94700,1.81100,4.88376
1/04/1985,2.41600,3.50900,4.88400,3.01200,3.37679,4.26300,1.87900,5.15193
1/05/1985,2.44900,3.47200,4.59500,3.11800,3.34180,4.06800,1.99200,5.09379
1/06/1985,2.43900,3.77400,4.74300,3.21100,3.37141,3.83000,2.02900,5.45273
1/07/1985,2.41500,3.77100,5.09400,3.06800,3.57214,3.99500,2.13700,5.38940
1/08/1985,2.33600,4.01700,4.88800,3.14900,3.53993,3.76900,2.04100,4.95929
1/09/1985,2.44000,4.17400,5.27500,3.17600,3.83364,3.99600,2.27600,5.47473
1/10/1985,2.60800,4.01400,5.52600,3.19200,4.00618,4.49100,2.45600,5.66372
1/11/1985,2.74000,4.08800,5.46000,3.09900,4.18514,4.84100,2.69200,5.81853
1/12/1985,2.75400,4.39500,5.57800,3.25900,4.22372,5.10700,2.55500,5.69071
1/01/1986,2.96000,4.23500,6.04000,3.21900,4.45527,5.61500,2.49800,5.73643
1/02/1986,3.12300,4.59300,6.54500,3.35800,4.96644,6.51000,2.69800,5.56582
1/03/1986,3.07700,4.90400,6.57400,4.02900,5.11282,7.07300,2.70900,6.28702
1/04/1986,3.22600,5.08900,6.35100,3.94100,4.94272,6.51200,2.68800,6.15119
1/05/1986,3.26500,4.82600,6.58500,4.06700,4.90456,6.53300,2.64000,5.99685
1/06/1986,3.08800,4.58400,6.19500,4.21200,4.77065,7.04500,2.43200,6.46636
1/07/1986,3.31400,4.80200,6.59500,4.47300,5.22287,7.64600,2.69000,6.70356
1/08/1986,3.02900,5.05900,6.20900,4.89500,4.92769,7.03300,2.58300,7.25421
1/09/1986,3.19800,5.59200,6.52800,5.01300,5.08545,7.14000,2.72000,8.17019
1/10/1986,3.27100,5.59300,6.61900,4.60500,5.16841,7.36300,2.81300,8.45879
1/11/1986,3.18500,5.97000,6.78800,4.85600,5.20873,7.36100,2.82100,9.06873
1/12/1986,3.60600,6.07000,7.39600,5.14100,5.22963,7.74900,2.72700,9.11853
1/01/1987,3.73200,6.65800,8.08600,5.74800,5.34666,7.88300,2.61700,10.40879
1/02/1987,3.83000,7.06200,8.17900,5.82100,5.48152,8.25900,2.65900,9.91508
1/03/1987,3.79200,7.33800,8.43100,6.15900,5.59604,8.27200,2.58200,9.59267
1/04/1987,3.81100,7.48200,9.08300,6.86000,5.66911,7.92700,2.54900,10.78037
1/05/1987,4.00500,7.55400,9.47700,6.99800,5.86197,7.45800,2.69100,11.78863
1/06/1987,4.19200,8.66300,9.80100,6.61000,6.14480,7.73300,2.91800,12.93456
1/07/1987,4.35500,9.28700,9.36100,6.50700,6.04708,7.97700,2.91400,13.50905
1/08/1987,4.25900,9.68900,9.89000,6.93200,6.15299,7.55700,3.03500,14.59367
1/09/1987,3.35200,5.68300,7.32500,6.88900,4.71373,5.90500,2.32900,8.24816
1/10/1987,3.06500,5.92200,6.58400,6.01900,4.25712,5.51400,2.06900,7.97108
1/11/1987,3.27800,6.00200,7.22400,5.98100,4.36975,5.27700,2.00500,8.66018
1/12/1987,3.41500,5.74100,7.60500,5.56200,4.43582,4.72900,2.01800,8.92461
1/01/1988,3.55500,5.71200,7.54100,6.16300,4.70821,5.77900,2.18000,9.15326
1/02/1988,3.43300,6.49600,7.43100,6.66000,4.66776,5.34300,2.10700,9.70733
1/03/1988,3.46100,6.74100,7.66000,6.92500,4.78823,5.87100,2.13400,9.96594
1/04/1988,3.48800,7.31700,7.59600,7.03400,4.81568,6.39700,2.13400,9.69047
1/05/1988,3.64700,7.19400,7.92600,6.72500,5.07943,6.83900,2.26200,10.47043
1/06/1988,3.63200,7.49800,7.98300,6.90900,5.15998,6.82900,2.28700,10.64038
1/07/1988,3.50700,7.31800,7.58500,7.17200,4.99571,6.68100,2.27700,9.77446
1/08/1988,3.65300,7.26300,7.92200,6.82300,5.25770,7.34300,2.36100,9.86372
1/09/1988,3.76200,7.42000,8.11700,7.01300,5.43818,7.74700,2.45100,10.63109
1/10/1988,3.70000,6.81100,7.89400,7.06400,5.34735,7.74100,2.43200,10.97046
1/11/1988,3.75700,6.92400,7.92100,7.50200,5.48458,8.23500,2.50500,11.16410
1/12/1988,4.04000,7.25500,9.08600,7.72800,5.91855,8.71900,2.57700,12.71749
1/01/1989,3.91500,6.87000,8.89900,8.04300,5.78426,8.31700,2.56300,12.60986
1/02/1989,3.99900,6.83400,9.25700,7.99700,6.03805,8.67000,2.71500,12.61680
1/03/1989,4.21300,7.13000,9.40800,8.07100,6.19590,8.98500,2.82000,13.17963
1/04/1989,4.37200,7.34700,9.41100,8.08300,6.25015,9.24600,2.71600,11.67390
1/05/1989,4.35200,7.37500,9.57100,8.20800,6.44179,9.25500,3.02400,9.59964
1/06/1989,4.74700,8.01100,10.28100,7.85800,6.82083,9.81900,3.28200,10.90377
1/07/1989,4.81500,8.59300,10.62200,8.47700,7.07708,10.18400,3.43900,10.57304
1/08/1989,4.80100,8.46200,10.26700,8.32800,6.95274,10.36200,3.30900,11.87737
1/09/1989,4.68800,8.03500,9.52200,8.55300,6.49140,9.71200,3.12100,11.81357
1/10/1989,4.78100,7.84600,10.11700,8.51400,6.77573,10.08500,3.25300,11.92856
1/11/1989,4.88500,8.17900,10.82000,8.95000,7.20261,10.69900,3.24200,12.09623
1/12/1989,4.56400,8.33400,10.45500,9.00500,7.03355,10.05300,3.13800,11.74172
1/01/1990,4.62800,7.84500,10.13400,8.49300,6.86671,9.81400,3.13200,12.68913
1/02/1990,4.73300,7.71800,10.11400,7.84700,7.03411,10.41700,3.04900,12.97987
1/03/1990,4.63300,7.22600,9.48800,6.70700,6.78486,10.88800,2.90900,12.86327
1/04/1990,5.05700,7.69700,10.62500,6.82800,7.29112,11.23200,3.31700,13.82046
1/05/1990,5.03500,7.79200,10.82100,7.48400,7.36085,10.83500,3.35100,14.42075
1/06/1990,5.02300,8.18200,10.61300,7.09800,7.29693,10.43800,3.25600,15.14418
1/07/1990,4.56000,7.84400,9.87400,6.75200,6.48421,9.01300,2.80400,13.43263
1/08/1990,4.34400,7.28300,9.09000,5.97800,5.72629,7.99600,2.46000,11.95626
1/09/1990,4.32700,6.95900,9.46400,4.80400,6.02149,8.61900,2.58900,13.06164
1/10/1990,4.60700,7.06600,9.98600,5.60700,6.05592,8.49700,2.52200,13.03934
1/11/1990,4.73100,6.90100,9.98200,5.06900,5.98813,8.13700,2.52200,13.19671
1/12/1990,4.95300,7.20000,10.18000,5.40800,6.10283,8.36000,2.63400,14.19460
1/01/1991,5.29100,7.70500,11.26600,5.38900,6.79977,9.39400,2.92900,15.62399
1/02/1991,5.41600,7.93100,11.69400,6.10000,7.00121,9.68000,3.05900,16.59392
1/03/1991,5.43300,8.49600,11.81100,6.06500,7.06595,9.57000,3.10500,16.16488
1/04/1991,5.65500,8.45100,11.88800,6.04800,7.27255,9.94600,3.25100,16.74065
1/05/1991,5.39200,8.46400,11.47900,6.07600,7.01114,9.42100,3.11100,16.75383
1/06/1991,5.64000,8.88300,12.35300,5.61900,7.23973,9.50100,3.22900,18.32352
1/07/1991,5.77300,8.74000,12.68400,5.78600,7.37097,10.07300,3.23200,18.35244
1/08/1991,5.67000,8.90400,12.64600,5.43600,7.27066,10.20800,3.10500,18.06372
1/09/1991,5.76400,9.62900,12.42200,5.73400,7.17807,10.15200,3.14600,18.41470
1/10/1991,5.52700,9.06200,11.67100,5.90600,6.86646,9.61300,3.03900,18.93528
1/11/1991,6.15400,9.36900,11.96200,5.43500,6.95017,9.77000,3.11200,19.69261
1/12/1991,6.04700,9.21900,12.38000,5.38300,7.30905,10.35000,3.29900,21.45992
1/01/1992,6.11200,9.24700,12.43700,5.14600,7.46416,10.93500,3.44300,23.21696
1/02/1992,5.99400,9.12100,11.88000,4.86200,7.26404,10.81800,3.42100,23.17423
1/03/1992,6.16500,9.59800,13.04400,4.46400,7.62768,11.39100,3.51300,25.07278
1/04/1992,6.18600,9.73800,13.36200,4.19400,7.80823,11.47900,3.62500,28.66598
1/05/1992,6.08700,9.54000,12.36800,4.33500,7.31914,10.75500,3.53000,29.01824
1/06/1992,6.33700,9.35800,11.77800,3.88200,6.89151,10.01700,3.43500,27.72988
1/07/1992,6.18000,8.97200,11.36600,3.87100,6.59733,9.72000,3.34000,26.47017
1/08/1992,6.24300,8.61700,12.46900,4.40500,6.83760,9.98300,3.54300,26.26839
1/09/1992,6.27600,8.29600,13.03400,4.18500,7.06709,10.03100,3.59600,29.63249
1/10/1992,6.48000,8.51300,13.68500,4.10300,7.37040,10.23200,3.62100,27.44974
1/11/1992,6.54700,9.21100,14.20300,4.25100,7.60319,10.67300,3.92800,25.90815
1/12/1992,6.60000,9.04900,14.11200,4.18900,7.65957,10.25500,3.94400,26.98350
1/01/1993,6.68200,9.52000,14.45600,4.17000,8.03589,11.43800,4.00200,29.76578
1/02/1993,6.81500,9.75500,14.64200,4.11400,8.17121,11.72000,4.17700,29.85770
1/03/1993,6.66100,9.78900,14.44800,4.56700,8.08082,11.28200,4.10000,32.13896
1/04/1993,6.82600,10.03400,14.63600,5.19000,8.20933,11.04300,4.39000,34.87611
1/05/1993,6.84300,10.00700,14.99000,5.14700,8.47688,11.53700,4.61400,33.72109
1/06/1993,6.83100,10.59600,15.23900,5.00200,8.80538,12.24500,4.68500,33.14962
1/07/1993,7.07300,11.33300,16.19100,5.26300,9.37808,13.04700,4.86100,35.53261
1/08/1993,6.99900,11.49400,15.92600,5.38100,9.17412,12.54700,4.84700,36.21586
1/09/1993,7.11700,12.40000,16.66200,5.17400,9.74560,13.06100,5.31100,44.58875
1/10/1993,7.06500,11.73600,16.73900,5.27100,9.64534,12.75800,5.38200,43.94342
1/11/1993,7.14600,12.64400,18.09800,4.42400,10.42599,13.79700,5.79700,56.04060
1/12/1993,7.40100,13.39400,18.66600,4.66900,10.86786,14.37300,6.25200,53.91334
1/01/1994,7.18900,12.64900,17.89500,5.29300,10.40113,13.82300,5.73000,48.28722
1/02/1994,6.87300,11.91800,16.71500,5.28600,9.97203,12.96100,5.58600,43.09345
1/03/1994,6.96700,12.13400,16.96000,4.98900,10.25777,13.48400,5.50100,43.25708
1/04/1994,7.07900,12.28700,16.12100,5.13600,9.80135,12.71300,5.48800,46.25714
1/05/1994,6.87600,11.77500,15.84500,5.40900,9.44104,11.87200,5.28600,42.52760
1/06/1994,7.10400,12.23500,16.77200,5.34800,9.94530,12.97100,5.19200,45.89808
1/07/1994,7.38000,12.71900,17.73300,5.23300,10.21755,12.97500,5.34700,48.51741
1/08/1994,7.22000,12.10800,16.48000,5.26600,9.58841,11.85600,5.14200,46.44725
1/09/1994,7.38200,12.40400,16.86700,5.07200,9.72127,11.97500,5.07000,46.79778
1/10/1994,7.12600,11.52400,16.80900,5.10200,9.76066,12.35700,5.24000,41.14891
1/11/1994,7.22700,11.66300,16.83600,4.94300,9.74953,11.82400,5.29000,39.89404
1/12/1994,7.42300,11.22600,16.34100,5.03900,9.51914,11.37800,5.11500,35.20915
1/01/1995,7.71200,11.89500,16.51000,4.70300,9.60218,11.32400,5.27300,40.57649
1/02/1995,7.91500,11.83500,17.22600,4.37300,9.55350,11.94000,5.09000,41.61774
1/03/1995,8.16000,12.73200,17.68000,4.28300,9.95789,12.34200,5.26000,40.47902
1/04/1995,8.47500,12.58100,18.32800,4.36600,10.30145,12.63900,5.62900,45.78819
1/05/1995,8.68000,12.63100,18.32100,4.12300,10.27402,12.11800,5.71800,45.06346
1/06/1995,8.97100,13.23900,19.23500,3.93600,10.71311,12.47900,5.74700,45.98053
1/07/1995,8.96900,13.24000,19.40000,4.40400,10.78469,12.35100,5.89700,44.47780
1/08/1995,9.36700,13.12300,19.56200,4.70100,10.79591,11.79000,6.10500,47.08249
1/09/1995,9.35900,12.69700,19.60100,4.78700,10.68258,11.92900,6.29200,47.18573
1/10/1995,9.76700,13.25800,20.34400,4.68100,11.01474,12.08000,6.58000,47.33570
1/11/1995,9.91100,13.52200,20.57300,4.92100,11.22032,12.36500,6.70300,48.86646
1/12/1995,10.26100,13.91100,21.10700,5.25400,11.69799,13.43900,6.62500,55.16349
1/01/1996,10.36500,13.97800,21.00300,5.37200,11.75057,13.41100,6.85300,54.54319
1/02/1996,10.46600,13.60300,20.94800,5.18800,11.90821,13.80200,7.40200,54.60619
1/03/1996,10.61700,14.19800,21.72500,5.47300,12.32355,14.44800,7.43700,54.75001
1/04/1996,10.89700,13.87300,21.28600,5.67100,12.27473,14.28600,7.23100,56.40797
1/05/1996,10.95700,13.60900,21.10300,5.54900,12.35772,14.46300,7.58600,55.12355
1/06/1996,10.47100,13.21000,21.20500,5.65800,11.95547,13.64800,7.10800,52.56325
1/07/1996,10.70200,13.72900,22.21900,5.25600,12.31579,13.52300,7.42000,54.27991
1/08/1996,11.29800,13.74100,22.72700,5.10700,12.80452,14.56500,7.57900,57.98641
1/09/1996,11.58300,14.23600,22.85400,5.43200,12.86928,14.72000,7.58700,60.42029
1/10/1996,12.45400,14.42800,23.41000,5.17200,13.54481,15.84800,7.91700,65.36635
1/11/1996,12.21500,14.75300,23.78300,5.27200,13.78159,15.93000,8.00000,65.05316
1/12/1996,13.04800,14.74700,24.65100,5.00300,14.69312,17.31900,8.73300,63.77083
1/01/1997,13.13600,14.90100,24.97100,4.66100,15.13537,17.94100,9.16300,63.62588
1/02/1997,12.54400,14.70100,25.07300,4.74100,15.45944,18.27200,9.46900,59.44473
1/03/1997,13.36700,15.14200,25.83900,4.72200,15.80460,18.17500,9.91900,60.39755
1/04/1997,14.12000,15.83100,26.79900,5.01300,16.23709,17.79300,10.23400,68.04601
1/05/1997,14.76000,16.61200,26.71000,5.10900,17.17904,19.63900,11.40700,71.51887
1/06/1997,15.92300,16.57300,28.41800,5.39000,18.67990,21.07200,12.00800,75.94052
1/07/1997,14.97400,15.65500,28.22400,5.40500,17.44111,19.07500,10.69000,66.04137
1/08/1997,15.75300,16.63800,30.79300,5.01300,18.88710,20.63000,11.53200,70.12920
1/09/1997,15.31900,14.78400,28.53800,4.96700,17.41480,18.67800,11.02100,49.82890
1/10/1997,16.05800,14.90800,28.54400,4.48400,17.94574,19.56100,11.60500,49.16807
1/11/1997,16.29100,16.10600,30.33200,4.46400,19.01430,20.63700,12.53600,49.99194
1/12/1997,16.49800,16.32300,32.00700,4.28600,20.07224,21.74900,13.16500,42.97266
1/01/1998,17.65100,16.70800,33.98700,4.55000,21.49852,23.45100,14.33700,51.51082
1/02/1998,18.56300,17.21600,35.18300,4.55500,23.22692,26.52000,15.21400,50.48157
1/03/1998,18.77700,17.25100,35.31400,4.50000,23.23372,26.59600,14.89100,45.13014
1/04/1998,18.39600,16.92400,34.87100,4.43800,23.77549,27.81500,15.30900,38.98798
1/05/1998,19.18300,17.15400,34.60600,4.39600,24.11039,28.76600,15.70700,36.91999
1/06/1998,18.98900,17.38400,34.58800,4.46300,24.48420,28.64400,16.56200,34.18020
1/07/1998,16.34200,15.94900,31.34400,4.57900,21.11811,25.14900,13.55400,31.90211
1/08/1998,17.41200,16.42700,30.25500,3.96500,19.48099,22.28700,11.84700,37.13961
1/09/1998,18.75500,16.97400,32.57400,3.72900,20.98618,24.37900,13.27100,49.46407
1/10/1998,20.02400,17.83900,34.52600,3.72500,22.55103,26.44200,14.31000,49.36191
1/11/1998,21.20200,18.14800,35.33500,4.10700,23.25354,27.12300,14.58200,48.52669
1/12/1998,22.11100,18.78400,35.41600,3.91300,23.66926,28.85900,14.71500,45.30579
1/01/1999,21.48700,18.52300,37.12400,4.06000,23.78411,27.89800,14.53500,45.75119
1/02/1999,22.37400,18.97800,37.99000,4.05000,24.25517,28.89300,14.68000,51.76553
1/03/1999,23.17700,19.93400,39.56400,4.62200,25.36300,30.25700,15.06100,63.31829
1/04/1999,22.63100,18.69000,37.53200,4.85000,24.39307,29.98100,14.32900,58.28103
1/05/1999,23.84200,19.23000,38.27500,4.66700,25.12625,31.23100,14.36100,63.88768
1/06/1999,23.06200,19.47600,37.80700,5.07600,24.50850,30.25400,14.33500,61.85502
1/07/1999,22.91000,18.83600,37.94200,5.29100,25.03846,31.77000,14.53100,62.44956
1/08/1999,22.22300,18.46300,36.44800,5.01700,24.52096,31.83500,14.35700,59.97376
1/09/1999,23.67000,18.46800,37.64900,5.18000,25.68140,34.03400,14.84400,63.12883
1/10/1999,24.17100,19.49400,39.26700,5.29300,27.40674,36.69900,15.37900,71.29638
1/11/1999,25.85000,20.00700,41.01800,5.40200,30.20904,41.07300,15.80200,77.67370
1/12/1999,24.45800,19.77800,37.04500,5.74500,28.52124,39.27600,14.40900,71.42642
1/01/2000,23.87300,20.05200,36.87400,5.74600,30.54575,43.46600,14.28800,75.49357
1/02/2000,26.25200,20.16500,39.24600,5.74300,31.26861,44.18500,15.38900,77.78317
1/03/2000,25.39200,20.37900,38.31000,5.82100,31.05136,44.87300,15.41900,70.57365
1/04/2000,24.72000,20.07100,38.71700,5.67000,30.88498,45.37200,16.05900,62.79176
1/05/2000,25.30000,21.83400,38.55600,5.35900,30.68851,45.67700,16.02000,67.82402
1/06/2000,24.83800,21.22700,39.19800,5.62600,31.02378,46.49500,16.49100,72.29533
1/07/2000,26.12900,21.49000,40.88000,5.15400,31.81585,47.25400,16.81700,73.08883
1/08/2000,24.69800,22.00100,39.08900,5.33800,30.31360,44.54700,15.74900,67.01985
1/09/2000,24.51200,21.49300,40.04600,5.15200,31.09390,45.24200,16.53500,62.56817
1/10/2000,22.57400,21.68900,38.60100,4.90200,29.57037,41.97700,16.61800,60.45378
1/11/2000,22.53000,21.21600,39.15100,4.76400,29.55650,41.96200,16.93300,66.44817
1/12/2000,23.34700,22.33400,39.36800,4.61100,29.97920,42.44800,16.81500,68.37825
1/01/2001,21.25300,22.33100,37.24400,4.63900,27.71160,38.11600,15.99900,66.82299
1/02/2001,19.89200,21.42900,36.07800,4.46900,26.45343,36.89300,14.86500,59.77869
1/03/2001,21.43600,22.89500,38.09600,4.64300,28.24115,40.09500,15.30800,59.75841
1/04/2001,21.55500,23.20000,37.09300,4.88700,27.74064,39.22100,15.63400,59.08776
1/05/2001,21.05800,23.88100,36.19200,4.68900,26.80680,37.79100,15.02100,55.92956
1/06/2001,20.85500,22.68700,35.75000,4.62900,26.15648,36.74200,14.29600,55.80752
1/07/2001,19.46100,21.99400,34.79300,4.29000,24.71742,34.18100,13.78700,51.96977
1/08/2001,17.96800,20.49600,32.07900,3.98500,22.07158,30.10800,12.73700,43.94426
1/09/2001,18.22500,21.81200,33.04400,3.62000,23.01115,31.96800,12.86900,45.47352
1/10/2001,19.62000,22.78700,34.43300,3.71200,24.18886,33.10700,13.26100,51.45010
1/11/2001,19.73800,23.41500,34.53900,3.77500,24.70998,34.35100,13.63900,54.06541
1/12/2001,19.45300,23.71900,34.07000,3.74800,24.15875,33.27200,13.28300,53.11680
1/01/2002,19.06400,23.41700,33.87800,3.52600,24.06260,33.39700,13.60700,51.05065
1/02/2002,19.77000,23.41500,35.20700,3.67400,25.15412,34.86800,14.28200,54.14974
1/03/2002,18.48300,22.98300,34.51200,3.84900,24.24616,33.24100,14.13100,57.21786
1/04/2002,18.33700,23.16200,33.81200,3.94600,23.56799,32.15800,14.18400,54.87593
1/05/2002,16.93300,22.20300,31.08600,4.05200,21.64761,29.54800,12.93800,51.55744
1/06/2002,15.71000,21.18400,28.29000,3.70900,19.13758,25.77000,11.33400,49.43274
1/07/2002,15.77800,21.42700,28.27100,3.44900,19.22538,25.35300,11.46200,47.01783
1/08/2002,13.99100,20.50800,24.93100,3.37800,16.48816,21.30100,10.51500,43.66119
1/09/2002,15.25500,21.15500,27.02400,3.31700,18.10201,24.01900,10.89400,45.23155
1/10/2002,16.16500,21.46400,27.98900,3.10500,18.99261,24.92200,11.22100,48.05703
1/11/2002,15.18100,21.00200,26.46800,3.22900,17.45427,22.97300,10.18900,44.45207
1/12/2002,14.80800,20.53700,24.09500,3.04900,16.29713,21.70800,9.73300,44.71276
1/01/2003,14.57400,19.55700,24.74000,2.95700,15.97841,20.56100,9.13900,44.16672
1/02/2003,14.70400,20.33200,24.62900,2.93200,15.62227,19.55600,9.05600,41.88405
1/03/2003,15.92700,21.19800,26.89100,2.81200,17.45329,22.11000,10.12000,41.82473
1/04/2003,16.77200,21.03000,27.84300,2.80600,17.84604,22.45600,10.31600,45.38864
1/05/2003,16.97300,21.22400,27.88100,2.95000,18.27778,23.34000,10.71700,45.99596
1/06/2003,17.28100,21.89200,28.80000,3.18000,19.05849,24.23300,11.29000,48.92959
1/07/2003,17.59700,22.44400,29.06900,3.32200,19.42470,25.02500,11.41200,54.94468
1/08/2003,17.38600,22.29000,28.65300,3.55400,18.74270,23.69400,11.22800,57.60663
1/09/2003,18.37100,23.06100,29.95900,3.60600,19.88586,25.35800,11.60500,60.24829
1/10/2003,18.53900,22.52000,30.43800,3.71100,20.23062,25.86200,11.83400,59.92602
1/11/2003,19.49300,23.45900,31.43400,3.58300,20.90693,26.80000,12.21900,61.11548
1/12/2003,19.84000,23.19200,30.82000,3.74900,21.25342,27.41500,12.77800,67.16922
1/01/2004,20.07000,23.93100,31.61200,3.77000,21.74405,28.10800,12.94500,69.42182
1/02/2004,19.74400,24.52500,31.17200,3.88000,21.25362,27.40900,12.59200,65.33383
1/03/2004,19.43400,24.38900,32.07800,4.19500,21.67706,27.77000,13.05300,62.23330
1/04/2004,19.68300,24.82900,31.70400,4.20800,21.46965,28.03600,12.72900,62.42537
1/05/2004,20.04600,25.39500,32.05800,4.06400,21.89228,28.65000,12.71300,62.46091
1/06/2004,19.35600,25.32600,31.65300,4.22800,21.44076,28.05400,12.54500,63.30404
1/07/2004,19.44500,25.57300,32.17900,4.06300,21.40542,27.74500,12.28500,67.80472
1/08/2004,19.65000,26.55400,33.02000,4.03000,21.91895,28.07100,12.40200,68.95553
1/09/2004,19.94300,27.29600,33.40400,3.95700,22.22973,28.54900,12.15600,68.59264
1/10/2004,20.75200,28.48400,34.09100,3.90900,22.81707,28.94600,12.36000,74.76672
1/11/2004,21.46900,29.38900,35.04600,3.96600,23.46648,29.46600,12.91500,76.46936
1/12/2004,20.93100,29.94500,35.41800,4.15700,23.82321,30.21500,13.08100,73.55399
1/01/2005,21.35500,30.80200,36.37400,4.09900,24.51806,31.14100,13.46600,76.00672
1/02/2005,21.00400,30.32200,36.09000,4.21700,24.41908,31.38400,13.50300,73.49650
1/03/2005,20.61700,29.55500,35.33100,4.24000,23.79384,30.21200,13.43500,76.56935
1/04/2005,21.28000,30.40600,36.67400,4.05200,24.97612,32.23600,14.05300,76.52074
1/05/2005,21.32300,31.91800,37.88300,4.12400,25.84883,33.22700,14.36300,79.16958
1/06/2005,22.11700,32.76500,39.07500,4.23600,26.91698,35.01800,15.18600,83.72348
1/07/2005,21.89800,33.41300,39.39100,4.32800,26.86016,34.68100,14.99400,82.82400
1/08/2005,22.07800,35.24200,40.75400,4.59000,28.03927,36.26900,15.87800,85.27961
1/09/2005,21.70900,33.77900,39.48800,5.16600,27.26744,34.94100,16.13600,79.66692
1/10/2005,22.56900,35.31300,40.57500,5.24100,28.25261,36.08800,17.00200,81.91862
1/11/2005,22.57300,36.43700,42.07500,5.61700,29.31679,37.31100,17.41400,82.68903
1/12/2005,23.18200,37.85000,43.06300,6.01700,30.26671,39.18200,17.95000,87.23320
1/01/2006,23.19000,37.94300,43.41700,6.26800,30.85007,39.46900,18.13500,87.40510
1/02/2006,23.47800,39.67900,45.09300,6.14900,31.88023,41.17900,18.49300,88.62663
1/03/2006,23.77900,40.70900,45.58400,6.42900,32.06035,40.90800,18.67800,93.52821
1/04/2006,23.06000,38.68900,43.42100,6.40100,30.45502,39.36700,17.68000,88.30593
1/05/2006,23.07700,39.49400,44.37100,5.89200,30.78389,39.94800,17.79600,88.64955
1/06/2006,23.14700,38.75600,44.96200,5.94200,31.19195,40.27900,18.44800,90.23917
1/07/2006,23.68900,40.00100,45.20100,5.91500,31.92891,41.47900,18.96600,93.49831
1/08/2006,24.28400,40.33700,45.79800,6.15300,32.66354,42.28600,19.57200,94.57567
1/09/2006,25.10600,42.09600,47.09300,6.09700,33.64456,43.10000,19.93400,96.19802
1/10/2006,25.58600,42.89600,46.77300,6.15500,33.60106,43.12400,19.81300,101.72056
1/11/2006,25.88500,44.37500,48.20400,6.11800,34.90299,44.88200,20.54800,108.11527
1/12/2006,26.34600,45.25600,48.12200,6.46100,35.47248,45.40600,21.39700,110.29645
1/01/2007,25.84700,46.00100,47.99600,6.61400,34.96271,44.68800,20.53200,107.50474
1/02/2007,26.11700,47.28900,49.54800,6.73900,36.07460,45.71300,21.05500,109.21017
1/03/2007,27.22900,48.64200,50.74800,6.63400,37.54533,48.21800,22.28600,111.83480
1/04/2007,28.16400,49.63600,52.17900,6.58100,38.73741,49.94300,22.37000,113.84256
1/05/2007,27.68300,49.67100,52.11200,6.81700,38.45163,49.49600,21.81100,115.56659
1/06/2007,26.81800,48.51200,50.16400,6.89300,37.11518,47.10900,21.06200,123.76691
1/07/2007,27.20800,50.12900,50.11200,6.63200,36.91884,46.42600,21.03300,123.89221
1/08/2007,28.22800,52.92200,51.40500,6.26700,37.56137,46.79700,21.11200,142.33334
1/09/2007,28.69500,54.34200,53.44900,6.36500,38.65626,47.76200,21.34900,157.59458
1/10/2007,27.46400,52.63800,51.09600,6.35600,37.18965,46.30900,20.82400,152.53803
1/11/2007,27.29400,51.12200,51.35700,6.00200,37.01063,45.83800,20.06600,153.05805
1/12/2007,25.62800,45.66100,46.83100,5.80600,32.78971,39.80300,18.14200,135.21345
1/01/2008,24.81400,44.85600,46.99500,5.27400,32.68379,39.46300,17.86000,131.93331
1/02/2008,24.71100,43.40000,46.02300,5.19900,31.85204,38.76200,17.16200,123.91121
1/03/2008,25.92500,45.59300,49.17300,4.77400,33.84067,41.19900,18.08700,134.22050
1/04/2008,26.32300,46.09500,48.98600,5.37600,34.06004,42.14700,18.08900,133.64084
1/05/2008,24.16400,42.94600,45.59500,5.56600,30.72063,37.45000,16.68600,119.26985
1/06/2008,23.87800,40.74400,43.93000,5.20900,30.13665,37.06800,17.07600,117.58690
1/07/2008,24.19000,42.57700,46.17100,5.13000,30.88170,37.91400,17.37500,111.34137
1/08/2008,21.95900,38.37000,40.23100,4.94600,27.24322,34.05500,15.93700,91.53345
1/09/2008,18.19400,34.16600,35.96700,4.29800,23.56768,29.26600,14.56500,71.93075
1/10/2008,16.83500,31.99400,35.43300,3.39300,22.45492,27.60500,13.77000,71.49407
1/11/2008,17.03900,31.75800,36.72900,3.24500,22.61056,27.35000,13.11300,74.22510
1/12/2008,15.64400,30.22800,34.35000,3.34000,21.22693,25.43300,12.56200,74.60448
1/01/2009,14.02500,28.96100,31.90000,3.08400,19.29157,23.22300,11.23700,71.04280
1/02/2009,15.21800,31.36400,32.90300,2.94400,20.00056,24.05800,11.85300,73.87238
1/03/2009,16.67100,32.99800,35.83900,3.03800,22.55110,27.26700,12.73400,86.33171
1/04/2009,17.57500,33.29400,37.49700,3.31800,23.54375,28.62100,13.05300,101.98117
1/05/2009,17.60600,34.59600,36.24900,3.54900,23.10815,27.66000,13.18500,100.30683
1/06/2009,18.92500,37.08800,39.34500,3.65100,25.23901,30.24400,14.49800,114.12137
1/07/2009,19.56900,39.56200,42.23200,3.75600,26.72000,32.24100,15.16300,106.04424
1/08/2009,20.31900,42.18700,44.23600,3.80400,27.77450,33.59000,15.42900,114.76063
1/09/2009,19.91900,41.23200,43.47300,3.60900,27.02330,31.94700,15.30200,117.90220
1/10/2009,21.08800,41.96500,44.93000,3.55700,27.52563,32.61300,15.25400,116.44356
1/11/2009,21.51300,43.43700,46.86300,3.35100,28.87437,34.93300,15.95900,118.93214
1/12/2009,20.75200,40.87400,44.95400,3.65000,27.77831,33.39400,15.73000,111.26993
1/01/2010,21.37800,41.94300,46.62800,3.62100,27.96487,33.23100,16.31000,115.57885
1/02/2010,22.64800,44.32800,49.58900,3.59000,29.88876,35.59900,16.90100,121.99036
1/03/2010,23.00400,43.46300,48.59100,3.96600,29.34073,34.38600,16.42500,119.02445
1/04/2010,21.13500,40.17900,45.61800,3.98200,27.62665,32.36000,15.70000,111.78257
1/05/2010,20.00200,39.02300,43.31400,3.54400,26.94003,31.91300,15.27900,115.21549
1/06/2010,21.39200,40.84900,46.40000,3.37800,28.51899,33.72400,15.53700,121.56686
1/07/2010,20.42800,40.26400,46.34300,3.42500,27.90396,32.46500,15.43400,123.05783
1/08/2010,22.27500,42.08100,49.25300,3.24200,29.38429,34.60100,15.68300,140.01250
1/09/2010,23.14400,42.75900,50.46000,3.37600,30.26625,35.71500,16.14800,142.90339
1/10/2010,23.15400,42.18900,49.25400,3.32200,29.25276,33.95600,15.77500,145.83928
1/11/2010,24.69100,43.64500,52.56900,3.52600,30.84767,35.82400,16.08700,146.93525
1/12/2010,25.27500,43.84900,52.39800,3.67500,31.44156,37.48900,16.16600,149.85276
1/01/2011,26.10600,44.90100,53.82400,3.71700,32.11262,38.50900,16.55700,144.77631
1/02/2011,26.12500,45.18400,53.28500,3.88600,31.50706,37.44600,16.02400,146.41843
1/03/2011,26.91600,45.16300,54.83400,3.57400,32.56321,38.63900,16.65700,149.85525
1/04/2011,26.60700,44.05500,54.35500,3.51100,32.09586,38.40900,16.70100,150.88351
1/05/2011,26.14300,43.38300,54.12200,3.45800,31.57933,38.29900,15.76900,145.07599
1/06/2011,25.62500,41.35400,52.96900,3.48900,30.16002,35.50400,14.72400,148.26112
1/07/2011,24.19000,40.54200,49.49700,3.45200,27.28082,31.62900,14.06500,139.13099
1/08/2011,22.44000,38.14200,47.18900,3.14200,26.02243,29.00400,14.03500,116.25594
1/09/2011,24.89500,40.88400,51.03300,3.11900,28.04544,31.48900,14.58900,130.50802
1/10/2011,24.80500,39.39400,50.95400,3.14700,27.69613,30.67100,14.39700,121.05486
1/11/2011,25.02700,38.85800,51.60500,2.99300,27.96667,30.77700,15.04600,123.28085
1/12/2011,26.19700,40.79200,52.61600,2.99100,28.92699,32.20100,15.17300,134.73236
1/01/2012,27.33100,41.33400,54.68600,3.09900,30.17114,33.75200,15.62900,146.33764
1/02/2012,28.19300,41.89500,54.02400,3.45500,30.09112,33.66900,16.00400,139.78765
1/03/2012,28.01300,42.49900,53.83800,3.56400,29.34915,31.84100,15.86600,140.80652
1/04/2012,26.27100,39.71700,50.28400,3.34700,27.43363,30.23900,15.20300,127.16786
1/05/2012,27.29600,40.19400,52.84700,2.99300,28.88607,32.14400,15.74100,132.82291
1/06/2012,27.65600,42.06700,53.52200,3.20200,29.70583,33.13100,16.57900,137.42179
1/07/2012,28.28300,42.91400,54.57700,3.05900,30.39701,34.26500,16.55800,138.52192
1/08/2012,28.99000,43.76800,54.94900,3.04500,30.75149,33.98700,16.84400,149.40489
1/09/2012,28.45500,45.05400,55.42700,3.09800,31.10206,34.65200,17.12800,151.53977
1/10/2012,28.61500,45.29100,56.50800,3.12400,31.89363,35.97200,17.71100,156.40897
1/11/2012,28.86400,46.84000,56.86500,3.29900,32.33234,36.75700,17.72500,157.81707
1/12/2012,30.38000,49.18900,60.55800,3.64300,33.98626,37.69300,19.15400,167.14008
1/01/2013,30.74900,52.07200,61.67000,3.98600,34.27795,37.81300,19.79200,166.08598
1/02/2013,31.89100,50.87000,62.38300,4.13700,34.57871,37.94800,20.39700,163.57843
1/03/2013,32.51100,53.47600,62.73700,4.42900,35.24110,39.15200,20.87300,167.77810
1/04/2013,33.17200,50.89400,64.48400,4.99000,36.12667,40.56600,21.01200,164.93397
1/05/2013,32.71300,49.86900,61.10800,4.87700,34.30666,38.48700,20.32100,155.90374
1/06/2013,34.42000,52.30100,65.16200,4.88200,36.31514,41.10200,20.72500,162.35940
1/07/2013,33.44800,53.50700,63.58900,4.86300,35.78775,40.45800,20.52400,160.27313
1/08/2013,34.54000,54.64800,64.12600,4.74700,37.09146,42.66000,21.26100,169.74104
1/09/2013,36.06000,56.96500,66.90100,5.15000,38.71948,44.19700,21.83700,173.20870
1/10/2013,37.06400,56.43100,66.27800,5.14800,38.92093,44.23600,21.92400,175.11983
1/11/2013,38.04000,56.61800,67.34300,5.44900,39.30131,44.42800,21.80400,175.39100
1/12/2013,36.73700,54.90800,64.95200,5.64000,38.41757,43.15100,21.76900,165.79840
1/01/2014,38.43700,57.67100,68.16700,5.26100,40.27972,45.69800,22.62600,173.51162
1/02/2014,38.68400,57.88700,66.34900,5.23700,40.01613,45.71000,22.68200,169.56685
1/03/2014,38.90400,58.98900,68.47800,5.22900,40.71954,46.72500,22.95800,173.89828
1/04/2014,39.80500,59.37200,69.49400,5.05200,41.62607,47.64900,23.56400,182.20283
1/05/2014,40.63800,58.42100,68.60700,5.23200,41.23372,46.79400,23.24700,183.40992
1/06/2014,40.05200,61.00700,68.60500,5.48200,40.49414,44.99800,22.88900,194.63465
1/07/2014,41.63300,61.26900,70.00300,5.59700,41.23798,46.21700,23.56000,192.80072
1/08/2014,40.96400,58.01500,67.97700,5.53200,41.13569,46.46900,23.93900,179.01075
1/09/2014,41.93800,60.80400,67.26600,5.80800,40.49743,44.78900,23.93400,190.93902
1/10/2014,43.02000,58.68300,69.24800,5.85800,41.99645,46.57900,24.75800,192.24428
1/11/2014,42.86800,59.78400,67.67800,6.21900,41.13460,45.57400,24.33900,184.31653
1/12/2014,41.64500,61.70800,69.55200,6.19400,42.72895,49.22100,22.68900,194.47414
1/01/2015,44.05000,66.08400,71.83200,6.21100,45.33843,52.75600,24.44900,193.61451
1/02/2015,43.39300,66.02200,70.40400,6.70400,45.90780,53.76000,24.92000,195.33270
1/03/2015,43.77700,64.69000,72.71800,6.84200,46.07638,54.13400,24.99400,213.11758
1/04/2015,44.33000,64.82300,73.14600,7.06800,46.42712,54.26000,25.49400,212.04200
1/05/2015,43.47000,61.56300,68.44100,7.42100,44.11503,51.97800,24.21800,206.18744
1/06/2015,44.31700,64.29800,70.17000,7.19300,46.06332,55.01500,26.01300,202.74458
1/07/2015,41.60100,58.99500,65.90300,7.31700,42.70966,50.43500,24.39500,176.63534
1/08/2015,40.47800,57.05300,63.93500,6.74200,41.03105,48.53700,23.55700,172.82058
1/09/2015,43.80200,59.43600,67.27600,6.22000,44.01059,53.15800,24.81900,187.62961
1/10/2015,43.92300,59.00800,67.44700,6.89900,44.86054,53.95600,25.04800,181.80348
1/11/2015,43.16200,60.55200,66.18300,6.97500,43.15322,50.70900,24.62600,183.20750
1/12/2015,40.85300,56.97000,64.62200,6.83000,41.02213,48.59100,23.31500,166.85835
1/01/2016,40.73500,55.89200,65.20600,6.30800,40.25717,47.86700,22.21100,166.49979
1/02/2016,43.49800,58.47100,66.28400,5.72000,41.02954,48.39900,22.26200,182.35543
1/03/2016,43.69900,60.62400,67.28600,5.97400,41.66078,49.02800,22.89200,184.08819
1/04/2016,44.46600,62.33400,67.39300,5.95100,42.39720,50.35400,23.72600,182.71232
1/05/2016,44.55900,60.68500,70.74300,6.10600,41.53513,47.50500,23.10800,184.10568
1/06/2016,46.23300,64.30500,73.19900,5.51000,43.19507,49.81500,23.48800,196.74041
1/07/2016,46.26900,63.33000,74.32300,5.86100,43.69975,49.76200,23.72700,198.76375
1/08/2016,46.29900,63.72100,75.69600,5.93900,43.88434,49.94700,23.59700,205.99670
1/09/2016,45.40500,62.71900,76.39000,5.91400,44.02259,50.86900,22.76600,203.62251
1/10/2016,47.00800,64.82800,74.89800,6.21900,43.73913,51.62100,22.87500,200.34014
1/11/2016,47.86400,67.80600,78.86400,6.58100,46.27139,54.77600,23.78500,187.45306
1/12/2016,48.84000,67.43500,78.45600,6.80300,46.11504,53.78100,24.01500,202.08332
1/01/2017,50.72600,69.08200,80.90800,6.81100,47.39039,54.89400,24.75400,206.24500
1/02/2017,50.77400,71.42700,81.85800,6.84500,49.05497,57.95100,25.37800,213.04803
1/03/2017,51.30600,72.34900,80.76200,6.80500,49.77231,59.96100,26.10900,219.77268
1/04/2017,51.96700,69.82300,84.67800,6.87900,51.08894,60.93100,26.77700,227.48798
1/05/2017,52.27100,69.70500,82.52400,7.02600,49.93267,59.29500,26.45600,229.30290
1/06/2017,53.31200,69.95000,83.40700,7.21600,50.24261,58.97600,26.88700,237.90598
1/07/2017,53.44800,70.25800,84.67900,7.24000,50.29398,59.10200,26.55000,242.45748
1/08/2017,54.51800,70.27900,84.02400,7.20800,51.65678,61.98900,27.25700,241.14343
1/09/2017,55.74800,72.94100,85.40600,7.52800,52.73394,63.84100,27.60700,241.80819
1/10/2017,57.40300,74.05300,83.88000,7.94900,51.81880,62.52400,27.77500,250.19526
1/11/2017,58.00500,75.28700,88.10200,8.06100,52.31375,61.94600,27.94000,257.20400
1/12/2017,61.31500,74.87000,86.35800,8.17300,52.87761,63.90100,27.79200,269.30262
1/01/2018,59.02900,75.09900,83.42900,8.28300,51.01837,62.10000,26.46000,260.77400
1/02/2018,57.56300,72.04400,81.66300,7.97500,50.03837,60.68600,26.27000,254.61963
1/03/2018,57.77600,74.99900,87.19000,7.79800,52.50048,64.69500,27.05400,263.06421
1/04/2018,59.14300,75.89400,89.48900,8.07600,52.22934,64.28100,25.99100,264.46561
1/05/2018,59.52300,78.68300,89.32400,7.93500,52.07956,63.63000,26.49900,251.52536
1/06/2018,61.63900,79.93900,90.69000,7.88800,53.78646,65.79900,28.14400,255.65807
1/07/2018,63.63900,80.71100,87.68900,8.00300,52.52054,64.86100,27.66700,249.89385
1/08/2018,63.90500,79.59500,88.93000,7.94600,52.70064,65.76800,27.96100,248.54218
1/09/2018,59.44800,75.10000,84.63100,8.40000,49.87342,61.09500,27.65800,221.31962
1/10/2018,60.56300,73.34500,83.33800,7.63900,49.40925,60.05600,27.54400,237.20626
1/11/2018,55.08100,73.61400,80.32900,7.71500,46.77602,56.76700,25.69600,237.41087
1/12/2018,59.58700,76.19700,83.28500,6.95900,49.39855,59.86100,27.45700,256.35590
1/01/2019,61.53900,80.71200,85.15900,7.32300,51.19237,62.81900,28.72900,271.45132
1/02/2019,62.65000,81.26900,87.84600,7.48900,52.19320,63.98100,29.36300,275.06458
1/03/2019,65.14100,83.00600,89.78500,7.50400,54.34116,67.06000,30.50300,278.04606
1/04/2019,60.98000,84.93500,87.28800,7.65500,51.90403,63.31200,30.04000,259.34871
1/05/2019,65.23600,88.26900,90.75900,7.16500,54.29544,67.17900,31.16500,276.63345
1/06/2019,66.22100,90.43200,92.63500,7.37800,54.65711,67.06000,31.43100,267.90788
1/07/2019,65.02600,88.50700,88.78100,7.44500,53.73530,66.64600,31.50000,245.93838
1/08/2019,66.15400,90.56600,91.39900,7.20500,55.40006,68.96800,31.95400,244.38772
1/09/2019,67.57000,90.20800,89.48400,7.64500,55.64534,69.82900,32.20200,255.85383
1/10/2019,70.06700,92.80800,91.04900,8.01800,56.93361,71.86500,33.01400,251.84503
1/11/2019,72.08800,90.62400,93.48100,8.16800,57.88682,72.68000,33.40000,260.79729
1/12/2019,72.20300,95.24500,90.38600,8.27700,56.95592,71.11700,33.52800,248.37523
1/01/2020,66.27300,88.01700,82.14400,8.14200,52.38804,65.38200,30.97900,245.71824
1/02/2020,57.83600,69.48000,71.10500,7.36300,45.26598,53.86600,29.52600,214.56117
1/03/2020,65.42100,74.88500,73.49500,6.85400,47.73266,56.33500,30.83700,230.20594
1/04/2020,68.78000,77.22800,75.77400,7.15500,49.59375,58.21000,31.56200,210.93722
1/05/2020,70.32000,79.61800,76.91200,7.63600,51.19558,61.12100,32.08200,234.21264
1/06/2020,74.46800,79.86300,73.42400,7.64500,50.45185,59.65400,32.05500,232.46932
1/07/2020,80.02100,81.78200,74.52500,7.37500,51.82820,61.79900,32.52400,250.76250
1/08/2020,77.00800,78.63900,73.33900,7.96100,51.34069,60.15600,32.68500,237.84572
1/09/2020,74.98100,80.28000,69.62700,8.01400,48.60123,57.65800,30.79300,235.22887
1/10/2020,83.61500,88.66600,78.74900,7.81100,55.37528,69.01900,33.23700,261.42624
1/11/2020,87.02800,89.76200,81.11400,8.76300,56.60711,69.39200,34.03900,274.73817
1/12/2020,86.19500,90.31500,80.55100,9.03700,56.04166,67.72800,33.55400,280.20870
1/01/2021,88.41000,91.86600,81.96200,9.07200,57.38578,71.16600,33.35500,293.50923
1/02/2021,91.70200,94.04200,85.34100,9.37200,60.88100,75.43600,35.52000,295.41146
1/03/2021,96.66800,97.30200,88.76900,9.84300,62.33921,78.18600,35.83900,304.27038
1/04/2021,97.09100,100.25400,89.93000,9.58800,63.79107,80.61300,37.10300,308.06320
1/05/2021,99.76200,101.95800,90.31700,9.73800,64.81636,81.54000,38.90900,302.56606
1/06/2021,102.09200,102.76300,90.55500,9.85400,65.76510,82.92900,39.43400,294.05787
1/07/2021,105.06400,104.85100,92.25800,9.62100,67.19192,83.84300,40.34600,292.27600
1/08/2021,100.07100,102.75800,92.25900,9.92600,65.16685,81.74100,37.98000,274.72810
1/09/2021,107.02400,102.70100,94.39200,10.37500,67.59898,85.50800,39.52600,278.17566
1/10/2021,105.90300,101.69500,92.55300,10.24500,66.00920,84.19500,39.44400,263.92831
1/11/2021,110.05100,104.23800,97.00300,9.94800,69.40667,89.23100,41.85600,265.35650
1/12/2021,103.79400,98.14500,98.80600,10.28300,67.24908,87.07100,39.43300,268.06686
1/01/2022,100.71000,100.84900,99.57400,9.76700,65.15782,83.02500,38.67300,261.08430
1/02/2022,104.21100,108.22400,101.61000,9.65400,65.68824,83.27600,39.55500,261.65310
1/03/2022,94.74000,107.64700,102.62300,10.14500,65.19788,82.20500,39.68700,249.02931
1/04/2022,94.48400,105.48100,103.99200,9.87600,64.97266,82.28300,37.90800,255.98243
1/05/2022,86.62600,96.77700,98.62000,9.96100,59.98549,75.55100,35.18800,259.20965
1/06/2022,94.67600,101.61900,102.09800,9.69000,63.65652,82.43100,36.65100,249.90581
1/07/2022,90.92200,102.36500,100.75400,10.07600,61.19568,78.28200,35.50900,241.09808
1/08/2022,82.45600,96.52400,95.74000,10.18400,57.49986,73.46700,33.44900,215.29977
1/09/2022,88.97500,102.14700,98.42200,9.55200,60.99875,79.71700,35.05900,189.08427
1/10/2022,93.76100,109.40800,105.39900,10.09900,65.25133,85.55600,36.00400,234.11013
1/11/2022,88.21100,105.85900,103.93600,10.39500,63.47727,82.40000,34.71700,253.11629
1/12/2022,93.98800,112.77800,108.16700,9.85800,67.91308,90.08300,36.58300,263.82177
1/01/2023,91.69700,110.10100,110.26700,10.32100,68.86882,92.15000,36.05300,245.44439
1/02/2023,94.91000,110.17800,107.29300,10.39600,68.95704,92.77900,36.58400,248.42786
