Date,AU,US,Japan,UK,France,Germany,Switzerland,India,AU,US,Japan,UK,France,Germany,Switzerland,India,,,,,,,,
30/11/1984,,,,,,,,,,,,,,,,,,,,,,,,
31/12/1984,,,,,,,,,,,,,,,,,,,,,,,,
31/01/1985,0.0291,0.0317,0.0098,,,,,,5375.03,246112.91,96577.91,,,,,,,,,,,,,
28/02/1985,0.0329,0.0316,0.0094,,,,,,5375.03,246096.16,97316.98,,,,,,,,,,,,,
29/03/1985,0.0332,0.0317,0.0092,,,,,,5407.68,245948.33,109069.96,,,,,,,,,,,,,
30/04/1985,0.0343,0.0319,0.0095,,,,,,5407.68,245937.45,109433.17,,,,,,,,,,,,,
31/05/1985,0.0359,0.0304,0.0093,,,,,,5621.76,246130.99,109700.48,,,,,,,,,,,,,
28/06/1985,0.0359,0.03,0.0089,,,,,,5868.31,246068.93,110539.55,,,,,,,,,,,,,
31/07/1985,0.0305,0.03,0.0087,,,,,,5867.38,246204.82,110507.07,,,,,,,,,,,,,
30/08/1985,0.0322,0.0303,0.0086,,,,,,5867.38,246429.05,110814.62,,,,,,,,,,,,,
30/09/1985,0.0291,0.0319,0.0078,,,,,,5885.83,247558.62,112026.22,,,,,,,,,,,,,
31/10/1985,0.0289,0.0309,0.0075,,,,,,5882.96,247067.75,112476.9,,,,,,,,,,,,,
29/11/1985,0.0317,0.0297,0.0074,,,,,,5913.95,258728.35,113228.18,,,,,,,,,,,,,
31/12/1985,0.0284,0.0303,0.007,,,,,,6487.9,265662.31,113759.99,,,,,,,,,,,,,
31/01/1986,0.026,0.0304,0.0069,0.0162,,,,,6278.83,255289.35,113722.73,31582.66,,,,,,,,,,,,
28/02/1986,0.0266,0.0287,0.0061,0.015,,,,,6487.9,266827.97,114885.46,31877.85,,,,,,,,,,,,
31/03/1986,0.0247,0.0275,0.0058,0.0152,,,,,6478.56,266996.14,122533.27,33902.87,,,,,,,,,,,,
30/04/1986,0.0214,0.0277,0.0055,0.0145,,,,,6478.56,267084.59,122958.12,33997.31,,,,,,,,,,,,
30/05/1986,0.024,0.0269,0.0056,0.0163,,,,,6680.44,268920.03,123342.73,34000.63,,,,,,,,,,,,
30/06/1986,0.028,0.0265,0.005,0.0156,,,,,6937.21,269143.82,123789.67,34115.76,,,,,,,,,,,,
31/07/1986,0.0339,0.0281,0.0046,0.017,,,,,7091.47,268805.12,123805,34475.45,,,,,,,,,,,,
29/08/1986,0.0324,0.0265,0.0043,0.0164,,,,,7091.47,268755.17,124058.76,35753.87,,,,,,,,,,,,
30/09/1986,0.0313,0.0289,0.0044,0.0186,,,,,7006.7,269385.72,129644.22,36756.47,,,,,,,,,,,,
31/10/1986,0.0279,0.0276,0.005,0.0185,,,,,7022.63,269330.73,129993.49,36881.64,,,,,,,,,,,,
28/11/1986,0.0283,0.0272,0.0048,0.018,,,,,7022.63,269631.7,130786.1,36924.14,,,,,,,,,,,,
31/12/1986,0.0264,0.0277,0.0045,0.0198,,,,,6790.48,263438.21,132224.92,41705.66,,,,,,,,,,,,
30/01/1987,0.0268,0.0255,0.0039,0.0183,,,,,6996.98,273585.81,133348.04,41815.13,,,,,,,,,,,,
27/02/1987,0.0237,0.0237,0.0035,0.0167,,,,,6790.48,265531.14,144763.43,42210.77,,,,,,,,,,,,
31/03/1987,0.0223,0.0241,0.0042,0.0167,,,,,6988.45,274268.18,179491.45,45447.66,,,,,,,,,,,,
30/04/1987,0.0224,0.0246,0.0037,0.0156,,,,,6988.45,274046.65,180267.1,45606.98,,,,,,,,,,,,
29/05/1987,0.0214,0.0245,0.0037,0.0172,,,,,7115.18,276194.38,180743.64,45605.68,,,,,,,,,,,,
30/06/1987,0.0217,0.0235,0.004,0.0167,,,,,7468.17,277371.61,181536.21,45992.95,,,,,,,,,,,,
31/07/1987,0.0196,0.0226,0.0041,0.0166,0.0107,,,,7521.86,277264.78,181579.18,46130.1,25919.23,,,,,,,,,,,
31/08/1987,0.0179,0.0217,0.0037,0.017,0.01,,,,7577.11,277374.24,182228.59,47297.22,28408.49,,,,,,,,,,,
30/09/1987,0.0162,0.0224,0.0038,0.0163,0.0105,,,,8094.09,280098.49,187104.33,50157.15,28449.64,,,,,,,,,,,
30/10/1987,0.0266,0.0284,0.0041,0.0195,0.013,,,,8048.11,279740.63,187810.41,51607.44,28425,,,,,,,,,,,
30/11/1987,0.0248,0.0309,0.004,0.0205,0.0136,,,,8147.79,280082.74,188670.17,51533.36,28638.24,,,,,,,,,,,
31/12/1987,0.0255,0.0324,0.004,0.0216,0.0159,0.0274,,,8473.64,310860.05,190399.14,51555.64,34938.62,44017.49,,,,,,,,,,
29/01/1988,0.027,0.0293,0.0038,0.0221,0.0177,0.0293,,,8461.31,318714.61,190328.36,51963.45,34867.87,43991.21,,,,,,,,,,
29/02/1988,0.0267,0.028,0.0036,0.0226,0.0151,0.0255,,,8325.54,319350.15,190864.58,52536.36,35586.24,43999.84,,,,,,,,,,
31/03/1988,0.0237,0.0288,0.0039,0.0245,0.016,0.0258,,,8744.3,319341.33,233428.25,57266.63,35531.09,44392.22,,,,,,,,,,
29/04/1988,0.0227,0.0285,0.0038,0.0237,0.0146,0.0261,,,8744.3,319703.47,233725.63,57564.6,35606.66,44357.73,,,,,,,,,,
31/05/1988,0.0208,0.0283,0.0039,0.0243,0.0138,0.0257,,,8639.04,320092.23,233970.65,59520.21,35762.55,44392.22,,,,,,,,,,
30/06/1988,0.0245,0.0271,0.0041,0.0254,0.0127,0.0245,,,10679.48,323634.61,235528.64,59848.3,35887.7,44323.1,,,,,,,,,,
29/07/1988,0.024,0.0287,0.004,0.0253,0.0129,0.0238,0.0232,,10851.33,323931.78,235568.62,60047.67,36573.38,44313.54,7535.93,,,,,,,,,
31/08/1988,0.024,0.0297,0.0043,0.0273,0.013,0.0238,0.0233,,10851.33,324305.61,235718.91,60021.9,36670.03,44337.14,7535.93,,,,,,,,,
30/09/1988,0.0278,0.0287,0.0043,0.0267,0.0119,0.0221,0.0227,,12913.11,325461.38,236367.39,61934.69,36685.58,45545.16,7538.9,,,,,,,,,
31/10/1988,0.0266,0.0286,0.004,0.0251,0.0114,0.0213,0.021,,12949.49,326680.02,236851.53,62205.95,36722.79,45569.93,7538.9,,,,,,,,,
30/11/1988,0.0265,0.0294,0.0037,0.0249,0.0115,0.0218,0.02,,12975.65,326443.37,237918.19,62274.06,36727.57,45600.75,7538.9,,,,,,,,,
30/12/1988,0.0286,0.0313,0.0037,0.0296,0.0133,0.0212,0.0235,,13237.08,376085.23,242942.98,72305.6,39925.2,50911.56,9158.32,,,,,,,,,
31/01/1989,0.0264,0.0296,0.0037,0.0267,0.0173,0.0211,0.0246,,13341.7,378564.51,243424.33,72388.26,40133.01,50927.4,9139.91,,,,,,,,,
28/02/1989,0.031,0.0303,0.0037,0.0274,0.0183,0.0216,0.0243,,13330.28,378649.2,245392.14,73363.5,40076.88,51053.06,9158.32,,,,,,,,,
31/03/1989,0.0322,0.0297,0.0045,0.0297,0.0175,0.0211,0.0251,,13595.68,379334.94,334081.08,76558.29,40076.19,51166.88,9297.53,,,,,,,,,
28/04/1989,0.032,0.0284,0.0045,0.0296,0.0171,0.0205,0.0244,,13595.68,380021.94,339928.29,76580.64,40091.89,51213.6,9308.02,,,,,,,,,
31/05/1989,0.0337,0.0273,0.0048,0.0317,0.0167,0.0201,0.0245,,14071.31,381275.68,340070.28,76504.04,40135.71,51263.29,9618.18,,,,,,,,,
30/06/1989,0.0421,0.0275,0.0049,0.0326,0.0168,0.0192,0.013,,14834.85,382661.75,341624.25,76584.46,40158.18,51584.51,10601.37,,,,,,,,,
31/07/1989,0.0396,0.0256,0.0043,0.0284,0.016,0.0182,0.0116,,15030.44,382946.98,341704.84,77517.79,40210.75,51574.21,10601.37,,,,,,,,,
31/08/1989,0.0369,0.0253,0.0046,0.0292,0.0155,0.0176,0.0177,,15030.44,383204.35,341722.99,77339.39,40300.79,51606.35,10704.14,,,,,,,,,
29/09/1989,0.0468,0.0254,0.0043,0.0297,0.0151,0.0179,0.0173,,16928.88,384326.22,341992.12,80349.61,40318.57,52245.97,10700.35,,,,,,,,,
31/10/1989,0.0486,0.0262,0.0044,0.033,0.0163,0.0191,0.0184,,16928.88,385118.38,342342.43,79822.24,40458.37,52260.86,10781.26,,,,,,,,,
30/11/1989,0.0503,0.0258,0.0042,0.0314,0.0158,0.0181,0.0175,,16928.88,385436.7,342901.35,79884.04,40482.47,52284.04,10781.26,,,,,,,,,
29/12/1989,0.048,0.026,0.0042,0.0313,0.0182,0.0174,0.0168,,16896.3,421878.76,344633.44,83802.09,46895.77,58506.26,12271.95,,,,,,,,,
31/01/1990,0.0481,0.0282,0.0044,0.031,0.0194,0.0166,0.0151,,16896.3,423076.12,344847.22,83782.11,46920.22,59956.46,12636.59,,,,,,,,,
28/02/1990,0.0517,0.0278,0.0049,0.0319,0.0197,0.0167,0.0151,,16896.3,423849.68,345622.37,83942.57,46737.21,60038.96,12636.59,,,,,,,,,
30/03/1990,0.0545,0.0272,0.0056,0.0334,0.0187,0.0155,0.0155,,16954.07,424196.78,349156.77,84237.92,46879.64,60167.65,13478.18,,,,,,,,,
30/04/1990,0.0582,0.0282,0.0057,0.0362,0.0179,0.0167,0.0155,,16954.07,423329.47,349204.45,83960.76,46887.92,60157.37,13478.18,,,,,,,,,
31/05/1990,0.0541,0.0259,0.0048,0.032,0.0174,0.0165,0.0139,,16908.26,424248.32,349522.67,84334.6,46920.26,60157.37,13512.61,,,,,,,,,
29/06/1990,0.0567,0.0261,0.005,0.0304,0.0179,0.0162,0.0137,,17440.4,426504.56,350780.1,84364.59,46916.55,60431.88,13527.79,,,,,,,,,
31/07/1990,0.0544,0.0263,0.0049,0.0274,0.0182,0.0146,0.0134,0.0179,17424.96,426328.91,351090.31,84415.75,46878.68,60446.87,13528.27,147.48,,,,,,,,
31/08/1990,0.0547,0.0292,0.0054,0.0288,0.021,0.0171,0.0144,0.0144,17373.37,425801.25,350971.21,84241.28,46784.96,60553.59,13478.18,147.48,,,,,,,,
28/09/1990,0.0563,0.0311,0.0066,0.0323,0.0232,0.0214,0.0165,0.0141,17788.74,426472.27,351071.17,83283.5,46671.32,57966.44,13503.01,147.48,,,,,,,,
31/10/1990,0.0612,0.0314,0.0052,0.0304,0.0218,0.0198,0.0164,0.014,17788.74,426052.35,351391.78,83680.81,46754.33,57986.22,13503.01,147.48,,,,,,,,
30/11/1990,0.0621,0.0294,0.006,0.0287,0.0221,0.0196,0.0169,0.0145,17771.44,426710.4,350835.06,83350.4,46512.15,57962.9,13503.01,147.48,,,,,,,,
31/12/1990,0.0605,0.0299,0.0059,0.0317,0.0246,0.0223,0.0219,0.0153,17617,445316.94,348578.15,81767.83,46025.12,51319.62,15497.77,147.48,,,,,,,,
31/01/1991,0.0569,0.0284,0.0057,0.0309,0.0243,0.0222,0.0229,0.0192,17633.31,446314.83,348504.68,81789.3,45881.53,51257.7,15458.25,147.48,,,,,,,,
28/02/1991,0.0545,0.0257,0.005,0.0287,0.021,0.0186,0.0191,0.0219,17621.28,430535.52,348021.16,82220.03,45350.98,44103,13581.64,147.48,,,,,,,,
29/03/1991,0.0559,0.0257,0.006,0.0323,0.0209,0.0211,0.0229,0.0131,17833.31,447557.06,330510.1,83905.01,46191.02,51513.84,16063.21,429.43,,,,,,,,
30/04/1991,0.0493,0.0258,0.0058,0.0324,0.0211,0.0202,0.0223,0.011,17705.66,450662.87,330990.75,84068.78,46164.96,51555.94,15926.53,429.43,,,,,,,,
31/05/1991,0.0512,0.0249,0.0058,0.0328,0.0204,0.0192,0.0214,0.011,17892.48,451374.53,331184.36,84056.07,46141.32,51589.02,15926.53,429.43,,,,,,,,
28/06/1991,0.0477,0.0261,0.0063,0.0352,0.0214,0.0206,0.0229,0.0112,17039.35,451769.59,331087.65,84252.49,46077.62,51043.74,15889.53,429.43,,,,,,,,
31/07/1991,0.0455,0.0249,0.0062,0.0317,0.0208,0.0206,0.0215,0.0129,17068.76,452265.96,330960.2,83631.97,46068.88,51055.77,15926.53,429.43,,,,,,,,
30/08/1991,0.0458,0.0243,0.0066,0.031,0.0197,0.0187,0.0216,0.0127,17072.04,452482.56,330719.96,83693.62,46146.15,51049.15,15828.88,429.43,,,,,,,,
30/09/1991,0.0414,0.0247,0.006,0.0305,0.0193,0.0192,0.0214,0.0099,15735.64,452330.71,331133.67,83995.54,46091.29,52419.62,15820.63,429.43,,,,,,,,
31/10/1991,0.0388,0.0243,0.0058,0.0318,0.0193,0.0195,0.0205,0.0099,16640.27,451640.63,331103.37,84220.44,46052.57,52369.93,15643.99,429.43,,,,,,,,
29/11/1991,0.04,0.0253,0.0062,0.0331,0.0201,0.0199,0.0206,0.0093,16763.12,451486.09,331230.44,84144.7,45963.67,52363.47,15097.13,429.43,,,,,,,,
31/12/1991,0.041,0.0224,0.0061,0.0312,0.0216,0.0203,0.0183,0.0096,16603.43,430064.63,332585.59,88723.82,50716.29,54496.79,15593.9,448.38,,,,,,,,
31/01/1992,0.0429,0.0226,0.0064,0.0314,0.0206,0.0192,0.0182,0.0087,16643.27,431851.25,332594.45,88697.58,50775.02,54484.42,15947.42,448.38,,,,,,,,
28/02/1992,0.0429,0.0224,0.0069,0.032,0.0196,0.0193,0.0183,0.0073,16643.27,432350.35,333857.14,89021.33,50786.68,54555.8,16024.79,448.38,,,,,,,,
31/03/1992,0.0421,0.0229,0.0084,0.0342,0.0199,0.0196,0.0185,0.0028,16011,433389.86,328751.55,87485.9,51053.68,54528.72,15625.29,855.68,,,,,,,,
30/04/1992,0.0401,0.0226,0.009,0.0305,0.0191,0.0196,0.0182,0.0028,16413.16,433601.4,328278.64,87598.78,51006.81,54528.72,15307.02,889.01,,,,,,,,
29/05/1992,0.0389,0.0225,0.0083,0.0289,0.0187,0.0191,0.0168,0.0039,16120.11,433911.08,329035.77,87607.89,51061.87,54528.72,15535.6,839.68,,,,,,,,
30/06/1992,0.037,0.023,0.0092,0.03,0.0196,0.0197,0.0154,0.0036,16270.51,435120,327417.3,87568.49,51136.62,54081.31,15703.96,855.68,,,,,,,,
31/07/1992,0.0378,0.0222,0.0095,0.0313,0.0208,0.0212,0.0154,0.0038,16271.08,435597.65,327193.92,87452.63,51067.93,53984.18,15442.75,849.38,,,,,,,,
31/08/1992,0.0408,0.0227,0.0082,0.0319,0.0213,0.0218,0.0151,0.0033,16281.27,436155.43,327492.38,87489.08,50903.51,54023.54,15518.29,849.38,,,,,,,,
30/09/1992,0.0374,0.0224,0.0084,0.0322,0.0209,0.0223,0.0144,0.0036,12263.78,436551.74,327806.58,87528.18,50735.64,53871.4,15604.65,865.38,,,,,,,,
30/10/1992,0.0397,0.0221,0.0088,0.0352,0.0209,0.0218,0.0156,0.004,12225.98,437599.9,327435.67,87120.61,50705.46,53910.46,15339.74,865.38,,,,,,,,
30/11/1992,0.0392,0.0213,0.0087,0.0347,0.0205,0.0213,0.0159,0.0044,12183.87,438071.94,326617.39,87253.07,50686.33,53761.99,15230.28,907.4,,,,,,,,
31/12/1992,0.0356,0.0214,0.0088,0.0346,0.0216,0.022,0.0168,0.0044,12279.39,460898.55,328014.25,90936.94,52556.32,57673.25,20223.54,917.67,,,,,,,,
29/01/1993,0.0366,0.0213,0.0088,0.035,0.0223,0.0217,0.017,0.0041,12279.39,464153.81,327564.26,90991.27,52577.69,57816.04,20312.26,964.59,,,,,,,,
26/02/1993,0.0337,0.0211,0.0085,0.0358,0.0204,0.0203,0.0173,0.0039,12295.34,464816.1,328313.73,90915.24,55348.01,57948.34,20376.22,993.46,,,,,,,,
31/03/1993,0.0308,0.0206,0.0076,0.0331,0.0197,0.0201,0.0161,0.0036,12323.17,465630.4,314865.49,92059.38,55326.36,57915.11,20389.55,995.25,,,,,,,,
30/04/1993,0.0306,0.0212,0.0065,0.0322,0.0205,0.0199,0.0158,0.004,12359.31,465568.6,315478.48,92441.46,55568.74,57759.85,20424.69,992.44,,,,,,,,
31/05/1993,0.0297,0.0207,0.0062,0.0317,0.0208,0.0206,0.0144,0.0039,12206.48,466285.94,315954.28,93654.86,55338.47,57602.47,20018.23,992.44,,,,,,,,
30/06/1993,0.0264,0.0207,0.0064,0.0334,0.0201,0.0202,0.0146,0.0035,12495.54,467199.75,315825.85,93660.13,55357.11,57521.11,20059.39,1032.49,,,,,,,,
30/07/1993,0.0258,0.0208,0.0062,0.033,0.0188,0.0192,0.0142,0.0034,12680.76,467714.36,315740.86,93724.99,55357.11,57417.15,20059.39,1032.49,,,,,,,,
31/08/1993,0.0252,0.0201,0.006,0.0309,0.0175,0.0179,0.0131,0.0029,12676.77,468449.92,315908.99,93836.92,55548.28,57611.96,20154.26,1058.66,,,,,,,,
30/09/1993,0.0252,0.0202,0.0063,0.0309,0.0181,0.0178,0.0126,0.0028,15491.3,470570.45,316966.95,93343.5,55243.87,54998.82,20457.31,1058.66,,,,,,,,
29/10/1993,0.0223,0.0199,0.0065,0.0297,0.0173,0.0164,0.0121,0.0029,15491.3,472404.29,323616.79,93118.48,57674.84,55166.06,20423.74,1058.66,,,,,,,,
30/11/1993,0.0238,0.0203,0.0077,0.0297,0.0176,0.0165,0.0121,0.0022,15491.3,472848.7,323302.29,93033.06,57789.76,55229.3,20515.3,1234.71,,,,,,,,
31/12/1993,0.0209,0.0205,0.0076,0.0233,0.0159,0.0144,0.0136,0.0022,15598.39,515263.02,325591.88,115333.11,61322.2,53691.06,25586.02,1260.88,,,,,,,,
31/01/1994,0.0186,0.02,0.0065,0.0222,0.0153,0.0148,0.0124,0.0018,15636.61,517521.05,326595.91,115742.66,61364.53,53655.29,25629.75,1271.21,,,,,,,,
28/02/1994,0.0196,0.0204,0.0063,0.0233,0.0158,0.0154,0.0129,0.0017,15636.61,518430.21,328249.74,115440.9,61432.23,53777.72,25608.14,1287.36,,,,,,,,
31/03/1994,0.0213,0.0215,0.0069,0.0238,0.0166,0.0152,0.013,0.0038,15701.32,518843.44,354296.78,116095.76,61465.98,53787.04,25542.69,1777.09,,,,,,,,
29/04/1994,0.0208,0.0213,0.0066,0.0227,0.0161,0.0146,0.0132,0.0039,15708.96,519406.86,354660.18,116398.35,61455.51,53837.96,25564.53,1777.09,,,,,,,,
31/05/1994,0.0205,0.0211,0.0065,0.0237,0.0171,0.0153,0.013,0.0038,16064.22,520297.48,354881.02,116427.41,61442.44,53763.86,25608.88,1777.09,,,,,,,,
30/06/1994,0.0228,0.0217,0.0062,0.0238,0.0178,0.0158,0.0129,0.0036,16589.3,522530.4,355398.71,116556.61,61273.27,54233.44,25604.5,1847.85,,,,,,,,
29/07/1994,0.0219,0.0211,0.0064,0.0226,0.0167,0.0148,0.0134,0.0029,16664.51,523216.16,355459.35,116936.06,61160.98,54153.56,25668.58,2265.41,,,,,,,,
31/08/1994,0.0212,0.0203,0.0064,0.0218,0.0167,0.0145,0.0126,0.0027,16688.47,524033.74,356006.05,117075.21,63340.5,54123.91,25668.58,2352.23,,,,,,,,
30/09/1994,0.023,0.0207,0.0065,0.0229,0.018,0.0151,0.0127,0.0029,18116.9,526156.9,356665.88,118887.36,63636.49,56139.66,25698.16,2341.14,,,,,,,,
31/10/1994,0.0224,0.0204,0.0064,0.0215,0.0178,0.0147,0.0127,0.003,18144.77,528220.36,357640.78,119122.96,63920.93,56117.13,25656.56,2279.37,,,,,,,,
30/11/1994,0.023,0.0211,0.0068,0.0226,0.0174,0.0149,0.0129,0.003,18112.92,529253.52,358236.14,119018.48,65579.71,55997.48,25626.19,2279.37,,,,,,,,
30/12/1994,0.0231,0.0222,0.0067,0.025,0.0175,0.0168,0.0123,0.0032,18299.92,595867.33,359479.13,117724.45,70456.01,68958.56,28688.52,2292.33,,,,,,,,
31/01/1995,0.0245,0.0218,0.0071,0.0252,0.0182,0.0176,0.0125,0.0035,18287.77,599203.53,359804.89,118047.69,70442.66,68879.23,28795.28,2292.33,,,,,,,,
28/02/1995,0.024,0.021,0.0075,0.0254,0.0183,0.0176,0.0116,0.0035,18283.89,599906.51,360689.68,117193.32,70461.44,69220.27,28831.8,2297.83,,,,,,,,
31/03/1995,0.0247,0.0205,0.0071,0.0255,0.0176,0.0191,0.011,0.0061,18515.49,600735.7,372800.62,122628.64,70869.65,69032.59,29341.25,5960.23,,,,,,,,
28/04/1995,0.0231,0.02,0.0068,0.0253,0.0168,0.0181,0.0109,0.0064,18530.49,601694.72,373010.5,123229.6,68805.13,69260.83,29356.63,5952.52,,,,,,,,
31/05/1995,0.0244,0.0194,0.0073,0.0246,0.0168,0.0177,0.0105,0.0057,19185.91,602398.11,373350.48,123151.13,70492.61,69513.26,29343.55,6032.93,,,,,,,,
30/06/1995,0.0311,0.0189,0.0076,0.0249,0.0175,0.018,0.0114,0.0058,21249.02,607029.64,373135.8,123403.77,70459.43,69898.96,30789.82,6227.19,,,,,,,,
31/07/1995,0.0281,0.0182,0.0071,0.0236,0.0165,0.0151,0.0109,0.0054,21453.11,608146.63,373493.37,123791.22,70409.79,69970.46,30810.3,6254.95,,,,,,,,
31/08/1995,0.0271,0.018,0.0074,0.0247,0.0163,0.017,0.0112,0.0056,22176.75,609736.54,373713.74,125277.23,68457.23,70004.91,30810.3,6274.86,,,,,,,,
29/09/1995,0.0296,0.0174,0.0074,0.0244,0.0174,0.0174,0.0105,0.0058,23692.28,613510.06,373808.61,126675.76,70521.31,71736.28,30944.34,6290.72,,,,,,,,
31/10/1995,0.0299,0.0175,0.0078,0.0244,0.0171,0.0178,0.0101,0.006,23709.19,616015.12,374009.79,126622.34,68231.4,72434.89,30912.49,6221.57,,,,,,,,
30/11/1995,0.0294,0.0169,0.0074,0.0243,0.0169,0.0172,0.01,0.0069,23679.73,616105.61,374916.67,127942.26,68171.24,72512.75,30888.76,5901.44,,,,,,,,
29/12/1995,0.0288,0.0181,0.0071,0.0267,0.0193,0.0184,0.0149,0.0069,23892.82,714137.45,376328.76,147509.05,69641.63,70142.9,39404.21,6090.77,,,,,,,,
31/01/1996,0.0274,0.0176,0.0072,0.027,0.0175,0.0172,0.0157,0.0074,23908.46,715919.4,376897.97,147677.82,67873.49,70210.54,39305.64,6074.94,,,,,,,,
29/02/1996,0.0268,0.0174,0.0073,0.0267,0.0175,0.0142,0.0152,0.006,23939.27,716722.99,379543.19,148069.89,70006.46,70351.89,39414.89,6339.44,,,,,,,,
29/03/1996,0.028,0.0172,0.0074,0.0288,0.017,0.0141,0.0144,0.0118,23847.87,717876.9,412865.58,151982.7,70063.89,70250.2,39474.63,8796.04,,,,,,,,
30/04/1996,0.0261,0.0167,0.007,0.0282,0.0162,0.0142,0.0149,0.0106,23869.34,722452.73,413980.12,152321.06,70233.17,70306.64,39523.54,8913.06,,,,,,,,
31/05/1996,0.027,0.0162,0.0073,0.0276,0.0161,0.0142,0.0152,0.0107,24044.58,726764.4,414010.99,152496.34,70237.55,70320.26,39441.25,8633.26,,,,,,,,
28/06/1996,0.031,0.0163,0.0073,0.0281,0.0161,0.0143,0.0148,0.0107,24862.03,731848.21,413978.33,152637.83,70302.9,71410.72,39450.29,8741.77,,,,,,,,
31/07/1996,0.0322,0.0172,0.0077,0.0281,0.0169,0.0144,0.015,0.0114,24959.36,732319.68,409752.42,152667.48,70645.27,71373.45,39249.66,8539.61,,,,,,,,
30/08/1996,0.0303,0.0167,0.008,0.0268,0.017,0.014,0.0143,0.0117,25028.97,732911.52,408149.74,152579.33,70828.98,71398.45,39387.41,8565.66,,,,,,,,
30/09/1996,0.0321,0.0159,0.0077,0.0264,0.0159,0.014,0.0147,0.0127,26679.46,732449.2,409277.88,153776.58,70939.46,70370.41,39406.06,8324.76,,,,,,,,
31/10/1996,0.0308,0.0158,0.0083,0.0253,0.0158,0.0167,0.0147,0.0129,27096.96,733465.61,412771.04,154403.91,70931.74,70370.3,39375.26,8341.93,,,,,,,,
29/11/1996,0.0293,0.0148,0.0082,0.0241,0.0147,0.0143,0.0147,0.0136,27109.63,734137.74,412741.73,154466.42,70771.03,88813.97,39375.26,8160.17,,,,,,,,
31/12/1996,0.0302,0.0165,0.0087,0.0265,0.016,0.0153,0.023,0.0134,27317.53,802881.15,412704.86,165401.91,81412.86,110480.17,32723.09,8198.13,,,,,,,,
31/01/1997,0.0312,0.0156,0.0098,0.027,0.0145,0.0149,0.0224,0.0126,27317.53,809064.85,410258.59,165784.34,81495.06,110563.68,32888.28,8240.22,,,,,,,,
28/02/1997,0.0303,0.0156,0.0096,0.0266,0.0139,0.0139,0.0223,0.0119,27355.4,810191.77,410496.43,166233.36,81553.45,110658.01,32764.99,8269.13,,,,,,,,
31/03/1997,0.03,0.0164,0.009,0.0272,0.0137,0.0132,0.0208,0.0148,27417,812854.89,397235.86,167529.53,82000.57,110748.56,34054.73,8542.71,,,,,,,,
30/04/1997,0.0289,0.0157,0.0087,0.027,0.0137,0.0134,0.0204,0.0127,27341.72,813413.6,396694.5,169318.93,81853.68,111307.99,34003.02,8864.47,,,,,,,,
30/05/1997,0.0283,0.0147,0.0077,0.026,0.0139,0.013,0.0192,0.0124,27680.68,815775.75,398193.84,170017.14,82030.38,111428.6,34085.76,9118.63,,,,,,,,
30/06/1997,0.0275,0.0141,0.0073,0.0283,0.0128,0.0128,0.0181,0.0108,29063.66,821457.12,398481.81,170341.13,81921.98,111684.01,34134.21,9248.15,,,,,,,,
31/07/1997,0.0271,0.0131,0.0076,0.025,0.0117,0.0113,0.0175,0.0105,29118.82,822822.47,397123.66,170598.35,81996.43,111883.01,34310.96,9494.37,,,,,,,,
29/08/1997,0.0289,0.0136,0.0083,0.0258,0.0128,0.0126,0.0191,0.0116,29032.04,822961.67,397875.92,170700.99,82184.94,113322.81,34286.63,9343.07,,,,,,,,
30/09/1997,0.0295,0.0129,0.0085,0.024,0.0118,0.012,0.0175,0.0116,30985.1,833734.97,395371.8,171920.9,82423.73,114982.58,34274.98,9473.57,,,,,,,,
31/10/1997,0.0339,0.0133,0.0093,0.0251,0.012,0.0132,0.0174,0.012,30976.82,835372.26,400273.24,172137.41,93091.37,114964.8,34272.82,9459.82,,,,,,,,
28/11/1997,0.0474,0.0129,0.01,0.0251,0.0115,0.0126,0.0171,0.0131,36051.56,846830.59,395491.64,172165.01,92994.41,114858.36,34227.02,9450.7,,,,,,,,
31/12/1997,0.0462,0.0137,0.0107,0.0241,0.0127,0.0148,0.0168,0.0128,36432.07,944938.18,392244.2,168619.9,107495.23,128430.49,55515.06,9543.57,,,,,,,,
30/01/1998,0.0436,0.0136,0.0097,0.0236,0.012,0.0143,0.0161,0.0144,36513.51,951488.34,396825.35,169075.52,107829.43,128468.17,55542.05,9780.05,,,,,,,,
27/02/1998,0.0426,0.0127,0.0096,0.0222,0.0111,0.0132,0.0148,0.0133,36456.89,953590.05,396037.42,170043.66,107915.21,129032.58,55641.91,9839.41,,,,,,,,
31/03/1998,0.0429,0.0122,0.01,0.0231,0.0099,0.014,0.0145,0.0143,36444.38,957873.46,335547.76,175417.76,107981.58,129354.17,55799.4,10491.72,,,,,,,,
30/04/1998,0.0439,0.012,0.01,0.0234,0.0098,0.0139,0.0146,0.0138,36444.38,958797.56,334768.78,176093.96,108360.58,129451.57,55800.06,10663.19,,,,,,,,
29/05/1998,0.045,0.0124,0.0105,0.0239,0.0092,0.0132,0.0139,0.015,35890.71,960258.26,334113.93,176350.22,108529.27,129519.22,55886.66,10632.37,,,,,,,,
30/06/1998,0.0336,0.012,0.0105,0.0244,0.0092,0.0136,0.011,0.017,38968.56,964090.61,333902.57,177696.43,111510.55,130674.34,56016.53,10313.19,,,,,,,,
31/07/1998,0.0329,0.0122,0.0106,0.0251,0.0091,0.0135,0.0102,0.0168,38862.59,965057.85,333306.18,177805.16,111568.56,130676.29,56052.32,10381.35,,,,,,,,
31/08/1998,0.0373,0.0145,0.0118,0.0278,0.0104,0.0161,0.0123,0.018,38576.98,963435.61,328100.99,177558.36,111670.58,130474.63,56010.64,10381.71,,,,,,,,
30/09/1998,0.0344,0.0136,0.012,0.0289,0.0117,0.0175,0.0138,0.0173,36734,970117.26,327297.49,178777.07,111557.57,132901.77,55828.01,10460.71,,,,,,,,
30/10/1998,0.0305,0.0125,0.01,0.0277,0.0106,0.0171,0.0114,0.0187,36734.52,971289.33,334595.56,178772.54,112225.45,132822.52,58524.37,10462.9,,,,,,,,
30/11/1998,0.0282,0.0117,0.0096,0.0267,0.0097,0.015,0.0109,0.0193,36784.95,968907.43,337287.45,178569.89,112233.06,133017.91,58524.37,10459.85,,,,,,,,
31/12/1998,0.028,0.0125,0.0089,0.0276,0.0132,0.0324,0.0142,0.0185,36266.73,1040646.35,334470.31,180201.08,124848.58,170472.14,62168.85,10687.49,,,,,,,,
29/01/1999,0.0261,0.012,0.0088,0.0276,0.0129,0.0321,0.0143,0.017,36401.33,1041054.71,333337.96,180334.43,124549.12,170089.85,62138.51,10709.11,,,,,,,,
26/02/1999,0.0266,0.0125,0.0087,0.0262,0.0137,0.034,0.015,0.0178,36364.52,1041632.1,332227.09,177683.08,124603.93,170242.32,62059.48,10661.17,,,,,,,,
31/03/1999,0.0254,0.012,0.0075,0.0218,0.0149,0.0328,0.0149,0.0151,36849.17,1042235.85,270718.83,184272.87,125077.36,167763.11,62191.95,10382.65,,,,,,,,
30/04/1999,0.0232,0.0115,0.0071,0.0202,0.0145,0.0309,0.0147,0.0167,36853.11,1044768.49,272267.21,184940.53,125196.93,167902.9,62219.48,10001.26,,,,,,,,
31/05/1999,0.0254,0.0118,0.0075,0.0211,0.0146,0.0327,0.016,0.0145,36348.77,1046642.6,271759.36,186797.97,125061.92,168018.62,62259.19,10267.45,,,,,,,,
30/06/1999,0.0254,0.0113,0.0067,0.0199,0.0137,0.0301,0.016,0.0142,37296.54,1058658.26,274805.32,186429.48,126513.3,168501.33,62684.85,10589.59,,,,,,,,
30/07/1999,0.0256,0.0117,0.0061,0.0192,0.0135,0.0301,0.0154,0.0128,37367.99,1063981.96,276260.81,187047.09,126686.9,168511.88,62720.68,12063.45,,,,,,,,
31/08/1999,0.0264,0.0117,0.0058,0.0193,0.013,0.0298,0.0156,0.0118,37436.6,1065232.13,276482.27,187245.05,127063,168494.04,65847.59,12643.7,,,,,,,,
30/09/1999,0.0265,0.012,0.0053,0.02,0.0128,0.0308,0.0156,0.0115,35719.62,1066145.25,276452.9,187143.81,127120.82,169875.9,65888.95,12473.94,,,,,,,,
29/10/1999,0.026,0.0112,0.0052,0.0196,0.0115,0.029,0.0155,0.0121,35665.06,1064599.52,276635.74,187016.62,127117.32,171049.38,66207.97,12422.46,,,,,,,,
30/11/1999,0.0245,0.0107,0.0048,0.0189,0.0107,0.0288,0.0156,0.0112,35660.7,1085110.79,275755.21,186958.11,127585.64,170737.31,66204.89,12456.46,,,,,,,,
31/12/1999,0.0243,0.0103,0.0046,0.0203,0.0119,0.0159,0.0146,0.0095,34925.03,1183979.62,279185.28,201425.92,137366.77,166988.87,79140.67,12523.18,,,,,,,,
31/01/2000,0.026,0.0107,0.0048,0.022,0.0125,0.0166,0.016,0.0084,34802.83,1194842.68,279292.94,201763.29,139209.84,166907.96,79203.86,12626.57,,,,,,,,
29/02/2000,0.0279,0.0103,0.0048,0.022,0.0114,0.0148,0.0161,0.0076,35125.22,1193062.93,282083.79,201852.3,139335.6,166673.77,79333.96,12535.99,,,,,,,,
31/03/2000,0.028,0.0097,0.005,0.0219,0.0103,0.0144,0.015,0.0099,35638.85,1196517.08,484899.99,208444.62,139918.93,167357.55,78051.66,14233.52,,,,,,,,
28/04/2000,0.0292,0.0101,0.0056,0.0227,0.0107,0.0155,0.0156,0.0127,35758.53,1208964.42,481538.27,209368.12,139998.38,167443.56,77997.34,14056.84,,,,,,,,
31/05/2000,0.0307,0.0105,0.006,0.0231,0.0104,0.016,0.0148,0.0146,32791.75,1217847.62,481989.55,208765.03,139982.95,167282.09,78032.85,14089.46,,,,,,,,
30/06/2000,0.035,0.0097,0.0055,0.0227,0.0099,0.0153,0.0141,0.0132,38638.25,1208600.26,483241.55,209609.66,140243.14,168968.57,78408.46,14395.49,,,,,,,,
31/07/2000,0.0362,0.0098,0.0062,0.0223,0.0103,0.0155,0.014,0.0147,38890.84,1200147.75,481687.61,210008.29,144745.06,168975.91,78387.21,14038.79,,,,,,,,
31/08/2000,0.0361,0.0091,0.0059,0.0216,0.0104,0.016,0.0141,0.014,39212.75,1201672.04,483649.65,209045.94,144806.41,168956.16,78465.29,13995.49,,,,,,,,
29/09/2000,0.0398,0.0095,0.0061,0.0222,0.0111,0.0172,0.0147,0.015,41574,1210942.43,471949.67,211686.79,144739.65,173689.12,78171.63,14490.73,,,,,,,,
31/10/2000,0.0405,0.0096,0.0065,0.0221,0.0114,0.0173,0.0145,0.0167,41509.65,1215699.74,470645.98,211440.36,144696.17,173647.07,78100.32,14716.79,,,,,,,,
30/11/2000,0.0388,0.0107,0.0067,0.0233,0.0119,0.0183,0.014,0.0149,41627.4,1222593.24,471138.23,211720.36,144725.52,175564.64,78703.07,14719.3,,,,,,,,
29/12/2000,0.0378,0.0115,0.0073,0.021,0.012,0.0153,0.0167,0.0157,40706.27,1417033.14,472549.28,301651.83,186246.45,187556.16,80057.59,14871.11,,,,,,,,
31/01/2001,0.0371,0.011,0.0073,0.0212,0.0119,0.015,0.017,0.0144,40802.01,1409798.01,473164.52,301813.08,186601.6,189722.02,80436.1,15105.61,,,,,,,,
28/02/2001,0.0394,0.0121,0.0078,0.0223,0.0132,0.0163,0.0182,0.0149,40615.97,1406995.31,476273.25,302640.07,186605.71,189700.89,80404.84,15099.65,,,,,,,,
30/03/2001,0.0437,0.013,0.0086,0.0229,0.0144,0.0181,0.0202,0.0171,39516.07,1404789.26,527754,297994.67,186436.12,189557.24,80665.83,16380.17,,,,,,,,
30/04/2001,0.0403,0.012,0.0077,0.0218,0.0132,0.0171,0.0198,0.0173,39744.78,1404024.57,532873.02,296233.16,186544.37,189614.11,81099.67,16391.77,,,,,,,,
31/05/2001,0.0395,0.0118,0.0078,0.0221,0.014,0.0183,0.0201,0.0166,39627.58,1397974.16,533195.09,296282.29,186496.94,189302.3,81077.86,16534.58,,,,,,,,
29/06/2001,0.0336,0.0121,0.0082,0.023,0.0147,0.018,0.0208,0.0172,39668.72,1409702.2,534073.13,296839.26,187004.61,189715.35,81052.44,16242.71,,,,,,,,
31/07/2001,0.0357,0.0123,0.0089,0.0231,0.0146,0.0178,0.0212,0.0177,39312.15,1409915.13,532198.84,299414.55,187472.69,189499.24,81030.71,16326.01,,,,,,,,
31/08/2001,0.0341,0.013,0.0092,0.0235,0.015,0.019,0.021,0.0179,39422.06,1407065.71,533221.06,299931.86,187652.58,189430.12,80979.84,16269.59,,,,,,,,
28/09/2001,0.0379,0.0142,0.0099,0.0255,0.0174,0.0231,0.0225,0.0209,41368.28,1393337.44,529309.67,297618.95,186904.23,186250.99,80761.79,15841.21,,,,,,,,
31/10/2001,0.0347,0.0138,0.0099,0.025,0.0165,0.0215,0.0223,0.0197,41430.25,1380938.44,530027.62,297480.39,187135.13,186132.2,80815.5,16047.99,,,,,,,,
30/11/2001,0.0326,0.0128,0.0099,0.0246,0.016,0.0203,0.0217,0.0179,41477.98,1379345.27,529026.07,298392.98,187018.9,186333.46,80659.8,16358.42,,,,,,,,
31/12/2001,0.0323,0.013,0.0107,0.0273,0.0205,0.0224,0.0132,0.0201,41914.03,1322977.47,523108.94,289217.65,176884.04,167759.02,63384.28,16458.89,,,,,,,,
31/01/2002,0.0318,0.0132,0.0115,0.0283,0.0217,0.0232,0.014,0.0197,41981.81,1327263.84,519645.54,288409.34,176789.2,167815.48,63485.87,16568.65,,,,,,,,
28/02/2002,0.0313,0.0136,0.011,0.0283,0.0215,0.0233,0.0138,0.0179,41990.74,1327881.18,518701.83,288141.61,176799.86,168014.28,63437.68,16631.49,,,,,,,,
29/03/2002,0.0303,0.013,0.0095,0.0264,0.0203,0.0219,0.013,0.0297,42155.23,1325926.76,341649.09,282645.3,178129.42,171063.37,63229.67,19013.59,,,,,,,,
30/04/2002,0.0304,0.0137,0.009,0.0262,0.0205,0.0222,0.0128,0.0298,42161.82,1327850.81,341172.44,281972.64,178417.9,171061.94,63268.49,19218.46,,,,,,,,
31/05/2002,0.0287,0.0139,0.0085,0.0262,0.0205,0.0223,0.0123,0.0315,42220.73,1324340.86,344436.69,283068.48,178468.27,171286.85,63341.08,19449.12,,,,,,,,
28/06/2002,0.0316,0.0149,0.0089,0.0275,0.0211,0.023,0.0128,0.0306,45026.86,1323154.16,344229.21,284452.38,178248.85,171398.68,63406.39,20011.84,,,,,,,,
31/07/2002,0.0336,0.0162,0.0095,0.0299,0.0239,0.027,0.0146,0.033,45052.82,1325552.17,342060.31,284792.59,178164.23,170621.96,63319.74,19483.81,,,,,,,,
30/08/2002,0.0327,0.0162,0.0096,0.0302,0.0242,0.027,0.0146,0.0314,45068.37,1323079.65,341426.4,285262.7,178307.62,170547.89,63856.21,19451.8,,,,,,,,
30/09/2002,0.0359,0.0179,0.0101,0.0338,0.0285,0.0323,0.0158,0.0334,42878.44,1312557.74,337009.78,285068.65,177908.98,168624.75,63747.22,19608.81,,,,,,,,
31/10/2002,0.0346,0.0166,0.0108,0.0315,0.0254,0.0291,0.0151,0.0334,42932,1311298.28,336862.06,284476.42,177998.35,168604.81,63795.09,19441.51,,,,,,,,
29/11/2002,0.0345,0.0157,0.0105,0.0306,0.0243,0.0281,0.0146,0.0312,42842.09,1299088.52,339320.89,285163.77,178275.37,168619.8,63859.65,19594.67,,,,,,,,
31/12/2002,0.0345,0.0172,0.0107,0.0309,0.0247,0.0268,0.0203,0.0302,42754.62,1308671.27,339949.59,278508.83,177737.42,181609.57,51540.52,19822.94,,,,,,,,
31/01/2003,0.0335,0.0177,0.0111,0.0332,0.0253,0.0272,0.0213,0.0307,42738.17,1312352.13,338811.41,279238.79,177834.34,188240.64,51415.24,20188.53,,,,,,,,
28/02/2003,0.0342,0.018,0.011,0.0341,0.0267,0.0288,0.0226,0.0301,42679.28,1316984.86,340669.03,279873.06,177711.33,188317.13,51269.88,20376.53,,,,,,,,
31/03/2003,0.0337,0.0178,0.0112,0.0347,0.0269,0.0294,0.0228,0.034,43676.42,1317464.13,399091.5,290403.94,176382.27,188044.9,51465.15,26195.03,,,,,,,,
30/04/2003,0.0312,0.0163,0.011,0.032,0.0235,0.0245,0.0207,0.0336,43825.62,1319337.52,400535.1,291323.43,176827.13,188163.35,51693.92,26473.35,,,,,,,,
30/05/2003,0.0296,0.0154,0.0106,0.0298,0.0218,0.0229,0.0194,0.0287,43999.95,1320751.72,407622.73,292098.02,177009.71,188533.04,51752.78,27767.3,,,,,,,,
30/06/2003,0.0331,0.0153,0.0098,0.0298,0.0217,0.022,0.0194,0.0255,48506.83,1326027,410692.4,289682.28,177116.66,188573.58,51676.84,28209.42,,,,,,,,
31/07/2003,0.0332,0.0149,0.0094,0.0298,0.0214,0.0212,0.0189,0.024,48913.02,1326651.32,411036.52,290591.9,177217.36,188405.62,51675.29,28468.3,,,,,,,,
29/08/2003,0.0324,0.0145,0.0085,0.03,0.0212,0.0216,0.0192,0.0201,49059.65,1329519.29,412237.49,290924.43,177426.28,188391.15,51737.7,28773.02,,,,,,,,
30/09/2003,0.0325,0.0147,0.008,0.0293,0.0209,0.0214,0.0183,0.0193,51396.43,1344306.65,415779.65,292633.41,177757.87,189611.3,51969.51,28937.86,,,,,,,,
31/10/2003,0.0297,0.0138,0.0077,0.0275,0.0194,0.0195,0.0177,0.0177,51570.56,1349694.52,416397.57,292863.53,177845.42,189764.77,51959.56,29367.38,,,,,,,,
28/11/2003,0.0297,0.0137,0.008,0.0269,0.0186,0.0185,0.0167,0.017,51658.44,1352640.02,415451.59,293135.53,177917.06,189763.42,51982.74,29746.13,,,,,,,,
31/12/2003,0.0288,0.0145,0.0075,0.0256,0.0199,0.0177,0.0148,0.016,53611.7,1489698.2,423251.5,304417.92,218916.4,212260.86,82186.94,30581.64,,,,,,,,
30/01/2004,0.0286,0.0142,0.0074,0.0257,0.0197,0.0174,0.0143,0.0166,53736.16,1501200.09,424297.99,305574.17,219228.22,212317.52,82182.47,30336.38,,,,,,,,
27/02/2004,0.0275,0.014,0.0075,0.0245,0.0191,0.0175,0.0142,0.0166,53778.75,1504971.93,426885.32,306735.98,219349.43,212712.63,82221.43,30368.48,,,,,,,,
31/03/2004,0.0274,0.0141,0.0075,0.0256,0.0197,0.018,0.0145,0.0222,53970.4,1508480.67,528889.28,318303.82,219666.45,212646.25,82635.49,37954.06,,,,,,,,
30/04/2004,0.0293,0.0142,0.0078,0.0259,0.02,0.0181,0.0145,0.0218,53888.33,1503237.05,529274.66,317669.18,219795.48,212577.16,82516.32,38372.49,,,,,,,,
31/05/2004,0.0292,0.0143,0.0082,0.0254,0.0196,0.0181,0.0144,0.0275,53903.29,1506871.87,528996.36,317599.5,219514.11,212513.71,82678.31,37842.26,,,,,,,,
30/06/2004,0.0359,0.0142,0.0077,0.0253,0.0193,0.0176,0.0144,0.0277,66849.3,1510802.77,530053.09,320655.13,219526.38,214544.92,82718.15,38201.53,,,,,,,,
30/07/2004,0.0356,0.0146,0.0083,0.0256,0.0201,0.018,0.0151,0.0257,65968.27,1506827.11,529398.04,321853.22,219484.88,214092.74,82751.15,38533.75,,,,,,,,
31/08/2004,0.0348,0.0146,0.0083,0.0257,0.0201,0.0183,0.0152,0.0241,66116.62,1509533.06,530271.2,322007.65,219899.19,213802.33,82814.67,39388.05,,,,,,,,
30/09/2004,0.0347,0.0144,0.0085,0.0255,0.0187,0.0181,0.0147,0.0222,71001.52,1520506.17,529448.14,324650.73,220392.41,218178.64,82908.11,39664.94,,,,,,,,
29/10/2004,0.0319,0.0142,0.0083,0.0248,0.018,0.0176,0.0144,0.0214,70895,1521607.66,535615.97,324792.22,220954.17,217771.05,82948.39,39831.54,,,,,,,,
30/11/2004,0.0295,0.0136,0.0079,0.0234,0.017,0.0161,0.0134,0.0182,71014.2,1529760.97,537929.05,325333.93,221845.21,217797.72,83041.53,42817.61,,,,,,,,
31/12/2004,0.029,0.015,0.0077,0.0266,0.0227,0.0187,0.0163,0.0153,78579.88,1729579.7,546652.64,404686.64,284519.21,258988.57,103198.34,43257.23,,,,,,,,
31/01/2005,0.0288,0.0156,0.0078,0.0268,0.023,0.0194,0.0167,0.0156,78677.62,1739612.49,547354.88,405797.47,284441.69,259334.46,103085.8,43259.21,,,,,,,,
28/02/2005,0.0277,0.0152,0.0077,0.0258,0.0217,0.018,0.0158,0.015,78493.33,1742817.38,552043.6,407161.02,284582.96,259492.68,103147.45,43236.82,,,,,,,,
31/03/2005,0.0289,0.0155,0.0095,0.028,0.022,0.0184,0.0164,0.0194,79125.41,1743079.47,649055.35,417953.64,286980.18,259815.65,103674.16,52985.4,,,,,,,,
29/04/2005,0.0294,0.0158,0.0097,0.0285,0.023,0.0192,0.0166,0.0202,78799.89,1735342.21,647985.25,418320.21,286850.13,259542.33,103649.22,53079.59,,,,,,,,
31/05/2005,0.0295,0.0152,0.0099,0.0288,0.0228,0.0192,0.0168,0.0187,78924.71,1744756.89,648741.77,417912.55,286310.64,259113.3,103548.76,53370.12,,,,,,,,
30/06/2005,0.0338,0.0175,0.0098,0.0283,0.0227,0.019,0.0169,0.0181,92113.25,1754785.02,648979.72,419467.71,286583.61,260263.49,103400.34,53649.86,,,,,,,,
29/07/2005,0.0332,0.0167,0.0097,0.028,0.0213,0.018,0.0162,0.0168,93029.14,1755821.28,648959.88,418817.19,290667.67,259215.83,103432.95,53999.26,,,,,,,,
31/08/2005,0.033,0.017,0.0091,0.0272,0.0212,0.0179,0.0162,0.0161,93110.31,1749504,641224.25,418748.05,290869.32,258999.27,103541.36,54453.08,,,,,,,,
30/09/2005,0.0326,0.0169,0.0085,0.0269,0.0206,0.0177,0.0161,0.015,99817.52,1754838.75,639135.08,420044.26,290801.18,260292.13,103634.15,54980.85,,,,,,,,
31/10/2005,0.0345,0.0172,0.0084,0.0288,0.0222,0.0182,0.0156,0.0168,99795.23,1753271.26,639466.93,420895.77,284534.96,260359.69,103639.15,54940.7,,,,,,,,
30/11/2005,0.0335,0.0166,0.0081,0.0287,0.0212,0.0177,0.0151,0.0152,99599.32,1769962.53,640642.56,421382.4,297430.96,260236.46,103682.51,55140.35,,,,,,,,
30/12/2005,0.035,0.0189,0.0075,0.0312,0.021,0.0214,0.0176,0.0139,103756.3,2013295.62,644063.48,487652,355210.32,284663.93,122407.36,55788.98,,,,,,,,
31/01/2006,0.0328,0.0184,0.0072,0.0293,0.0195,0.0196,0.0165,0.013,103953.89,2018318.96,644803.67,485780.14,354945.53,284814.63,122172.4,55970.44,,,,,,,,
28/02/2006,0.0333,0.0185,0.0073,0.0296,0.0195,0.0193,0.0166,0.0126,103887.34,2018605.43,648588.43,486063.66,354221.94,284731.46,122172.4,55918.11,,,,,,,,
31/03/2006,0.0338,0.0182,0.0087,0.0309,0.0183,0.0186,0.0166,0.0137,105568.37,2019302.44,701882.9,479825.34,356309.35,287240.84,122487.11,62890.65,,,,,,,,
28/04/2006,0.0308,0.018,0.0086,0.0293,0.0175,0.0176,0.0154,0.0131,105598.62,2016520.96,702221.26,479699.26,356650.32,288223.52,122453.15,63315.1,,,,,,,,
31/05/2006,0.0323,0.0187,0.0092,0.03,0.0182,0.0185,0.0159,0.0154,105485.6,2020142.2,701337.65,480053.82,357769.1,288046.7,122414.12,62874.22,,,,,,,,
30/06/2006,0.0358,0.0168,0.0093,0.0299,0.0182,0.0187,0.016,0.016,116816.41,2022584.98,700828.63,479742.57,359360.53,288115.16,122429.06,62627.55,,,,,,,,
31/07/2006,0.0353,0.0168,0.0094,0.0293,0.0179,0.0186,0.0157,0.0162,116181.55,2022592.14,699406.6,481759.01,359178.56,288074.71,122402.4,62378.67,,,,,,,,
31/08/2006,0.0344,0.0165,0.0093,0.0288,0.0173,0.0181,0.0153,0.0147,116182.43,2020503.47,699377.67,481704.97,359323,288105.78,122312.6,62840.04,,,,,,,,
29/09/2006,0.0349,0.0164,0.0095,0.0288,0.0172,0.0179,0.015,0.0137,121387.51,2027985.25,697957.4,481284.89,358934.08,287764.32,122529.45,62905.56,,,,,,,,
30/10/2006,0.0324,0.0159,0.0094,0.0275,0.0166,0.0171,0.0145,0.0127,121447.25,2019956.34,699693.17,482830.54,359283.1,287991.52,122437.62,63094.33,,,,,,,,
30/11/2006,0.0307,0.0156,0.0093,0.0267,0.0157,0.0163,0.0142,0.012,120863.86,2059812.51,700121.27,483832.89,357640.39,288235.27,122454.3,63102.03,,,,,,,,
29/12/2006,0.0306,0.0168,0.0093,0.03,0.0232,0.0206,0.0162,0.0118,125636.74,2369753.13,701741.84,545171.16,399899.92,330208.14,163191.73,64271.22,,,,,,,,
30/01/2007,0.0304,0.0164,0.0092,0.0299,0.0232,0.0204,0.0159,0.0112,125498.63,2361399.55,701868.61,545332.61,399793.6,329628.48,163204.67,64701.36,,,,,,,,
28/02/2007,0.0295,0.017,0.0088,0.0303,0.023,0.0201,0.0161,0.0124,125602.91,2374712.34,703374.65,547003.29,399962.51,330453.76,163201.07,65086.46,,,,,,,,
30/03/2007,0.0281,0.0167,0.011,0.0305,0.022,0.0193,0.0158,0.0148,126705.52,2367446.72,711100.21,561054.07,400152.77,331589.48,163681.35,90369.26,,,,,,,,
30/04/2007,0.0265,0.0161,0.0113,0.0293,0.0204,0.018,0.0148,0.0129,126474.68,2365238.64,710568.25,556941.45,401159.88,332014.1,163989.36,90965.69,,,,,,,,
30/05/2007,0.0262,0.0156,0.0113,0.0291,0.0203,0.0178,0.015,0.0122,126562.3,2366621.77,709984.96,556588.16,400350.32,331857.44,163917.53,91228.55,,,,,,,,
29/06/2007,0.0281,0.0158,0.0112,0.0283,0.0199,0.0174,0.0153,0.0117,145319.11,2379685.17,708260.14,557642.42,396390.95,332431.04,163964.47,91890.13,,,,,,,,
30/07/2007,0.0285,0.0161,0.0112,0.0298,0.0208,0.0181,0.0161,0.0109,144659.53,2374876.58,707406.27,558281.83,396706.35,332361.71,163061.54,92762.5,,,,,,,,
30/08/2007,0.0296,0.0162,0.0119,0.0302,0.021,0.0181,0.0162,0.0111,144262.02,2375203.09,705745.28,555359.03,396651.73,332213.03,163061.99,93137.19,,,,,,,,
28/09/2007,0.0261,0.0154,0.0115,0.0294,0.02,0.017,0.0155,0.0092,154435.51,2373251.43,703468.43,558008.42,397533.22,335174.93,163407.4,93781.63,,,,,,,,
30/10/2007,0.0244,0.0152,0.0115,0.028,0.0192,0.0163,0.0154,0.0076,154356.12,2359706.38,703978.2,557860.33,397686.25,329307.9,163200.32,94337.11,,,,,,,,
30/11/2007,0.026,0.0157,0.0116,0.0294,0.0198,0.0164,0.0153,0.0075,152122.3,2375022.5,703541.98,557569.35,397543.89,329152.44,162997.69,94793.73,,,,,,,,
28/12/2007,0.0272,0.0157,0.0123,0.03,0.0199,0.0162,0.0158,0.0068,152354.61,2371135.64,702207.83,557329.85,396774.74,329159.21,162951.95,95147.67,,,,,,,,
30/01/2008,0.0309,0.0196,0.0131,0.0348,0.0287,0.0267,0.0219,0.0085,151391.28,2390920.71,703117.54,644883.23,455573.52,377254.18,167562.57,96059.88,,,,,,,,
29/02/2008,0.0296,0.0199,0.0127,0.0344,0.0282,0.0261,0.0214,0.0087,150882.61,2392119.43,706464.22,636529.92,455518.2,376990.76,167710.86,95867.5,,,,,,,,
28/03/2008,0.0315,0.0206,0.0129,0.0356,0.0279,0.0258,0.0215,0.0096,150425.55,2404502.68,704251.49,635360,455821.52,376952.73,167650.95,95525.61,,,,,,,,
30/04/2008,0.0295,0.0197,0.0147,0.0347,0.0265,0.0253,0.0215,0.0091,153911.58,2404935.48,744100.36,645577.01,458420.36,373501.55,167923.91,135051.92,,,,,,,,
30/05/2008,0.0287,0.0195,0.0143,0.0345,0.0265,0.0251,0.0212,0.0101,154076.49,2408791.07,745222.14,646043.19,458132.04,373465.26,167770.06,134654.87,,,,,,,,
30/06/2008,0.0348,0.0214,0.0153,0.037,0.0293,0.027,0.0226,0.0128,180139.99,2418214.27,743935.57,646169.63,456816.14,373295.62,166696,133806.71,,,,,,,,
30/07/2008,0.0374,0.0212,0.0159,0.0387,0.0296,0.0276,0.0233,0.0117,179981.06,2405813.84,741709.43,645404.57,459423.65,364305.88,166667.18,134044.84,,,,,,,,
29/08/2008,0.0392,0.0214,0.0164,0.0405,0.0308,0.0292,0.0237,0.0118,179770.63,2408791.72,737981.9,645002.87,459228.45,364152.84,167008.05,133813.12,,,,,,,,
30/09/2008,0.0447,0.0233,0.0186,0.048,0.0362,0.0355,0.0267,0.0145,185416.38,2409320.61,735884.15,646103.02,458019.7,346856.69,166914.91,132365.2,,,,,,,,
30/10/2008,0.0598,0.0289,0.0205,0.0609,0.0469,0.0448,0.0317,0.0221,182794.65,2396366.59,731521.69,641399.71,456879.64,345799.11,166591.64,128054.03,,,,,,,,
28/11/2008,0.0647,0.0307,0.0213,0.0644,0.0494,0.0493,0.0342,0.0226,176251.47,2331124.78,732384.22,637135.68,456196.05,345269.44,159716.02,126536.96,,,,,,,,
30/12/2008,0.0604,0.0309,0.0196,0.0662,0.0451,0.0431,0.0309,0.0195,175913.79,2327792.02,733824.14,635685.53,456081.08,344651.71,159766.97,128102.05,,,,,,,,
30/01/2009,0.0686,0.0313,0.0213,0.0698,0.0644,0.0569,0.0368,0.0205,175977.62,2095760.76,730416.27,548489.41,464016.89,312185.64,91368.36,125778.56,,,,,,,,
27/02/2009,0.0699,0.0345,0.0244,0.0759,0.0717,0.0649,0.0417,0.0225,174145.81,2089795.27,726872.61,545788.54,463269.34,310665.92,91419,125207.3,,,,,,,,
30/03/2009,0.0615,0.0326,0.0233,0.0754,0.069,0.0606,0.0408,0.0212,174662.23,2086726.28,725489.89,544749.61,464009.82,310188.29,91504.97,125543.83,,,,,,,,
30/04/2009,0.0546,0.0292,0.0265,0.0617,0.059,0.0523,0.0354,0.0192,174546.92,2088109.79,510840.56,521976.15,462129.53,307852.65,91371.23,112771.7,,,,,,,,
29/05/2009,0.0489,0.0276,0.024,0.0544,0.0529,0.0483,0.0324,0.0134,176360.82,2091491.42,512850.6,523777.43,461707.55,308113.88,91446.34,116805.51,,,,,,,,
30/06/2009,0.0419,0.0274,0.0233,0.0535,0.055,0.0492,0.0327,0.0139,150569.11,2081394.26,513876.42,520481.92,454621.57,307993.99,90741.79,116139.85,,,,,,,,
30/07/2009,0.0382,0.0253,0.0228,0.0488,0.0509,0.0448,0.0303,0.013,150859.04,2079267.94,513654.69,519925.83,454792.96,307952.42,90848.04,116293.29,,,,,,,,
28/08/2009,0.0347,0.0244,0.0215,0.0454,0.046,0.0437,0.0273,0.0126,155096.38,2080279.41,514630.23,519429.82,455482.87,307518.36,91177.08,117062.39,,,,,,,,
30/09/2009,0.0311,0.0236,0.0218,0.0442,0.0431,0.0412,0.0263,0.0117,142702.83,2072880.14,514850,510296.92,455586.52,300162.45,90932.38,118672.62,,,,,,,,
30/10/2009,0.0308,0.024,0.0224,0.0438,0.0444,0.0425,0.0265,0.0121,141867.14,2059171.96,513689.77,509323.24,455616.39,291609.44,91572.73,118505.32,,,,,,,,
30/11/2009,0.0299,0.0227,0.0227,0.0428,0.0431,0.0405,0.0262,0.0111,142616.93,2060149.73,513028.53,508294.37,454980.68,291647.02,91572.75,118732.88,,,,,,,,
30/12/2009,0.0297,0.0218,0.0224,0.0424,0.043,0.0404,0.0261,0.0107,142249.23,2067515.2,512662.41,508238.9,455434.18,291550.99,91437.31,119155.08,,,,,,,,
29/01/2010,0.03,0.0206,0.022,0.0299,0.0323,0.0319,0.0218,0.0108,141465.98,2000656.62,504626.72,391176.23,399475.54,260624.02,133152.03,119695.76,,,,,,,,
26/02/2010,0.0294,0.02,0.0217,0.0301,0.0331,0.0327,0.0216,0.0107,141322.84,2001252.11,505569.52,390934.63,399461.5,260473.08,133147.28,119794.66,,,,,,,,
30/03/2010,0.0271,0.0187,0.0208,0.0282,0.0314,0.0304,0.0205,0.0101,141279.49,1999959.57,508824.01,390566.87,399553.65,262043.05,133143.9,120442.59,,,,,,,,
30/04/2010,0.0267,0.0184,0.016,0.0263,0.0322,0.0305,0.0208,0.01,141444.42,2009552.3,631443.07,395228.09,356882.17,261108.18,133517.44,144185.03,,,,,,,,
28/05/2010,0.0316,0.02,0.0173,0.0301,0.0372,0.0345,0.0235,0.011,141305.09,2011575.2,630305.23,394838.95,356634.49,260714.6,133398.35,143931.85,,,,,,,,
30/06/2010,0.034,0.0214,0.0175,0.0308,0.0352,0.0345,0.0227,0.0104,156938,2010632.06,631045.31,396298.31,339956.06,260943.9,133330.57,145002.93,,,,,,,,
30/07/2010,0.0313,0.02,0.017,0.027,0.0315,0.0317,0.0215,0.0102,153761.13,2013362.01,631363.07,395434.66,340304.12,260277.44,133338.57,145192.2,,,,,,,,
30/08/2010,0.0318,0.021,0.017,0.028,0.0335,0.0336,0.0212,0.0101,153199.71,2011102.16,631070.6,394741.81,340213.47,259866.26,133352.28,145385.61,,,,,,,,
30/09/2010,0.0309,0.0195,0.0167,0.0258,0.0292,0.0286,0.0199,0.009,162652.4,2038493.79,631853.44,396597.01,341038.68,266237.7,142454.62,146135.71,,,,,,,,
29/10/2010,0.0301,0.0187,0.0165,0.0251,0.0277,0.0266,0.0195,0.0088,162524.7,2044787.08,631682.84,396712.42,341343.59,266319.88,142655.28,146959.72,,,,,,,,
30/11/2010,0.0311,0.0186,0.0162,0.0269,0.031,0.0282,0.0203,0.0096,162524.09,2033538.75,632840.39,396177.98,340866.99,266174.02,133235.42,148745.69,,,,,,,,
30/12/2010,0.0278,0.0175,0.0151,0.0252,0.0287,0.0265,0.0185,0.0092,163226.93,2034073.07,636027.93,396366.03,340972.62,266270.66,142458.31,149461.39,,,,,,,,
28/01/2011,0.03,0.0173,0.0148,0.025,0.0306,0.0234,0.024,0.0105,164716.79,2397870.94,648532.29,488843.49,389412.08,306977.6,136458.08,148762.36,,,,,,,,
28/02/2011,0.0288,0.0168,0.0143,0.0238,0.0294,0.0226,0.0234,0.0108,164465.12,2411659.89,654491.92,489438.2,389667.91,307077.03,136697.38,148551.94,,,,,,,,
30/03/2011,0.0283,0.017,0.0159,0.0246,0.0294,0.0225,0.0238,0.0099,162372.5,2415929.19,651381.58,489263.16,389740.2,307333.88,136707.53,148683.71,,,,,,,,
29/04/2011,0.0271,0.0165,0.0188,0.0232,0.0274,0.0203,0.0218,0.0129,162363.01,2412579.16,787169.54,496841.58,390304.63,308944.43,137150.23,182242.52,,,,,,,,
30/05/2011,0.0287,0.017,0.0193,0.0235,0.029,0.0221,0.0218,0.0137,162477,2412609.86,784862.38,501472.21,390099.42,308793.73,137072.12,181662.75,,,,,,,,
30/06/2011,0.0343,0.0172,0.0187,0.0244,0.0286,0.0213,0.0227,0.0134,193838.32,2425863.31,786182.65,501859.12,389746.52,308918.69,137100.53,181950.41,,,,,,,,
29/07/2011,0.0343,0.0177,0.018,0.0246,0.0307,0.0221,0.0228,0.0135,195091.11,2424584.54,786549.9,502618.52,389007.38,308939.84,137311.13,182087.19,,,,,,,,
30/08/2011,0.0365,0.019,0.0195,0.0283,0.035,0.027,0.0254,0.0153,194951.9,2422377.99,784498.83,502579.19,388687.85,308766.55,137017.53,181251.33,,,,,,,,
30/09/2011,0.0449,0.0206,0.0197,0.0307,0.0402,0.0314,0.0281,0.0166,208942.62,2447891.93,784107.09,503750.24,386190.27,306323.46,136882.85,180651.45,,,,,,,,
28/10/2011,0.0376,0.0181,0.0192,0.0267,0.0344,0.0262,0.0252,0.0157,209015.9,2447418.43,784821.15,503286.07,387471.25,306131.82,136856.81,180778.15,,,,,,,,
30/11/2011,0.0413,0.0188,0.0208,0.0289,0.0387,0.0287,0.0276,0.0185,208288.95,2452129.99,784263.07,505382.96,385924.49,305948.45,136795.87,178633.06,,,,,,,,
30/12/2011,0.0416,0.0206,0.0208,0.0316,0.0446,0.0384,0.0336,0.02,208770.55,2584202.11,792282.61,552878.24,411848.53,327965.1,177455.36,177928.17,,,,,,,,
30/01/2012,0.0384,0.0196,0.02,0.0299,0.0425,0.0352,0.0326,0.0168,209400.9,2584789.04,793507.24,552797.26,412649.93,327462.28,177069.02,179941.1,,,,,,,,
29/02/2012,0.0371,0.0188,0.0194,0.0283,0.0393,0.0327,0.0311,0.0155,209139.58,2589836.01,795731.92,554166.18,413194.91,327950.93,176905.15,180597.6,,,,,,,,
30/03/2012,0.0383,0.0184,0.022,0.0305,0.0394,0.0324,0.031,0.0187,210186.76,2591377.78,824939.92,559250.5,412850.09,327442.31,178247.27,192240.74,,,,,,,,
30/04/2012,0.0376,0.0189,0.0226,0.0305,0.0417,0.0333,0.0317,0.0194,209871.14,2592686.86,825579.52,560184.41,412336.24,327498.3,178166.36,192049.33,,,,,,,,
30/05/2012,0.0431,0.0202,0.0247,0.0349,0.0474,0.0386,0.0352,0.022,209613.13,2590901.19,823867.24,559170.77,411758.69,327038.04,178122.97,190997.05,,,,,,,,
29/06/2012,0.0438,0.0197,0.0237,0.0323,0.0442,0.0372,0.0343,0.0207,217659.85,2602234.14,825870.11,554671.43,412046.14,327404.37,176578.12,192156.06,,,,,,,,
30/07/2012,0.0412,0.0195,0.0243,0.0315,0.0443,0.0367,0.034,0.021,217700.24,2596599.06,824592.83,553762.67,411852.76,327540.99,176564.85,192111.71,,,,,,,,
30/08/2012,0.0412,0.0193,0.024,0.0311,0.0428,0.0356,0.0335,0.0208,216616,2599925.55,824820.77,553630.66,412941.03,326941.14,176594.49,191144.03,,,,,,,,
28/09/2012,0.041,0.019,0.0239,0.0319,0.0418,0.0336,0.032,0.0183,214941.17,2631881.77,824312.97,554096.35,413282.58,329644.16,176624.27,192340.38,,,,,,,,
30/10/2012,0.0404,0.0194,0.0245,0.0313,0.0404,0.0394,0.0308,0.0192,214216.84,2630579.52,824578.57,554769.47,413200.67,333390.15,176599.95,192305.68,,,,,,,,
30/11/2012,0.04,0.0194,0.024,0.0313,0.0391,0.0386,0.0299,0.0184,214167.4,2629357.32,824761.34,554724.35,412844.08,333536.83,176532.05,192365.8,,,,,,,,
28/12/2012,0.0387,0.0195,0.0229,0.0306,0.0382,0.0371,0.0294,0.0182,213956.56,2635495.8,824600.87,555013.39,411645.46,333459.2,176545.09,193139.33,,,,,,,,
30/01/2013,0.0369,0.0214,0.0223,0.0328,0.0318,0.0318,0.0265,0.0173,215840.15,2726217.36,826445.88,492630.83,378409.76,333316.76,163968.72,192419.88,,,,,,,,
28/02/2013,0.0359,0.0214,0.0216,0.0336,0.033,0.033,0.0263,0.0188,215921.38,2729146.37,826990.4,492504.33,378341.32,333391.41,163927.47,191452.31,,,,,,,,
29/03/2013,0.0363,0.0208,0.0204,0.0325,0.0333,0.0337,0.0262,0.0189,215547.2,2727978.68,827597.3,484486.31,377983.54,333624.34,164641.21,184151.93,,,,,,,,
30/04/2013,0.035,0.0206,0.0187,0.0316,0.0319,0.0326,0.0253,0.018,215579.46,2731352.96,829788.87,484800.58,369319.45,336695.29,164654.98,184469.56,,,,,,,,
30/05/2013,0.0395,0.0199,0.0199,0.0309,0.0311,0.0316,0.0256,0.0184,215302.31,2732463.8,828747.44,476808.11,369637.46,336742.5,164424.04,184304.68,,,,,,,,
28/06/2013,0.0449,0.0206,0.0196,0.0331,0.0326,0.0334,0.0264,0.0205,211228.58,2726379.17,827422.39,478740.81,378055.57,337343.22,164524.92,183301.09,,,,,,,,
30/07/2013,0.0432,0.0197,0.019,0.031,0.0298,0.0314,0.0253,0.0214,211476.64,2721628.19,827761.97,478650.25,377659.94,338178.78,164524.92,182396.31,,,,,,,,
30/08/2013,0.0429,0.0205,0.0197,0.0313,0.0303,0.0318,0.0254,0.0241,211740.6,2725600.08,827367.78,479190.23,377752.28,337725.53,164556.31,179434.77,,,,,,,,
30/09/2013,0.0419,0.0204,0.0182,0.0295,0.0279,0.0294,0.0238,0.0216,206857.34,2735156.22,826448.59,480153.02,377917.53,330886.99,164635.71,180287.84,,,,,,,,
30/10/2013,0.0397,0.0195,0.018,0.0283,0.0267,0.0275,0.0231,0.0198,207209.16,2733344.75,825960.5,482120.96,377949.89,330959.92,164943.42,181206.3,,,,,,,,
29/11/2013,0.0421,0.0192,0.018,0.0282,0.0266,0.0268,0.0232,0.0201,207164.43,2731707.79,825127.78,481322.37,378859.82,330843.58,164864.92,181093.7,,,,,,,,
30/12/2013,0.0429,0.0187,0.0179,0.0275,0.0263,0.026,0.0228,0.0193,207880.99,2734045.6,825663.88,483677.24,379144.49,331016.53,165283.33,182051.13,,,,,,,,
30/01/2014,0.0452,0.0194,0.0184,0.0291,0.0305,0.026,0.0257,0.0205,204638.59,2881082.82,826772.16,486911.18,381504.54,328118.79,151778.28,180793.69,,,,,,,,
28/02/2014,0.0423,0.0187,0.0183,0.0281,0.0283,0.0247,0.0241,0.0196,204713.19,2880504.9,822273.9,485980.01,381924.64,327743.78,151776.99,180907.46,,,,,,,,
28/03/2014,0.0411,0.0188,0.0189,0.0291,0.0282,0.0251,0.0246,0.0176,204585.18,2881074.19,821844.94,487070.33,381757.12,327538.41,151762.9,181570.37,,,,,,,,
30/04/2014,0.0402,0.0186,0.0181,0.0287,0.0277,0.025,0.0243,0.0216,199694.24,2906382.92,829942.72,485430.69,381793.6,327547.11,152484.59,185331.98,,,,,,,,
30/05/2014,0.0398,0.0183,0.0174,0.0285,0.0278,0.0248,0.0242,0.0189,199783.87,2909431.96,829807.36,485861.55,381696.89,326861.52,152760.43,187131.81,,,,,,,,
30/06/2014,0.0399,0.018,0.0165,0.0296,0.0286,0.0247,0.0244,0.018,196143.24,2915286.7,830979.94,487221,384854.34,326991.68,152793.97,188163.98,,,,,,,,
30/07/2014,0.0387,0.018,0.0163,0.0299,0.03,0.0259,0.0252,0.0179,196092.98,2915064.25,830897.11,487855.63,384747.68,326982.89,152789.74,187822.15,,,,,,,,
29/08/2014,0.0382,0.0176,0.0166,0.0302,0.0302,0.0267,0.025,0.0177,195923.37,2921364.37,830885.12,487474.47,384047.54,326936.58,153030.95,188229.52,,,,,,,,
30/09/2014,0.0439,0.018,0.017,0.0321,0.0315,0.0277,0.0257,0.0178,194397.23,2939896.46,830110.81,488980.93,383709.83,331442.32,152893.77,188561.81,,,,,,,,
30/10/2014,0.0421,0.0178,0.0175,0.0331,0.0332,0.0283,0.026,0.0174,193963.84,2941640.2,831563.14,489263.58,383541.23,331467.83,152900.21,188788.71,,,,,,,,
28/11/2014,0.045,0.0172,0.0173,0.0325,0.0315,0.0263,0.025,0.0168,193630.47,2941109.58,831112.27,489610.41,383749.35,332319.66,152589.25,188617.41,,,,,,,,
30/12/2014,0.0458,0.017,0.0175,0.0334,0.0333,0.0272,0.0261,0.0175,193182.89,2939008.82,831637.94,488867.6,383417.39,332316.87,152584.11,188275.18,,,,,,,,
30/01/2015,0.0467,0.0196,0.0171,0.0361,0.0328,0.0259,0.0294,0.0163,193799.21,3022018.28,831538.95,471740.36,379684.52,348750.16,207252.98,190195.55,,,,,,,,
27/02/2015,0.0438,0.0188,0.0162,0.0338,0.0306,0.0243,0.028,0.0161,193908.16,3019749.5,830442.45,468379.83,380520.85,348314.28,207833.44,190167.87,,,,,,,,
30/03/2015,0.0453,0.0188,0.0159,0.0355,0.031,0.0238,0.0279,0.0168,193376.3,3014821.37,830058.39,468437.54,380371.04,347911.54,207833.44,189490.49,,,,,,,,
30/04/2015,0.044,0.0188,0.0164,0.0333,0.0298,0.0239,0.0275,0.0192,196755,3011286.89,815812.51,474307.31,379205.62,348068.43,207122.71,196071.77,,,,,,,,
29/05/2015,0.045,0.0187,0.0163,0.033,0.0305,0.0247,0.0273,0.0187,198487.36,3009909.42,815478.56,473938.22,378989.73,348401.26,207120.47,196205.48,,,,,,,,
30/06/2015,0.048,0.0192,0.0164,0.0341,0.031,0.0254,0.0283,0.0189,178677.62,3016952.47,815739.07,474873.75,380653.66,348905.63,207010.83,196117.45,,,,,,,,
30/07/2015,0.0485,0.019,0.0164,0.0338,0.0301,0.0252,0.0272,0.0187,178316.13,3006811.41,815210.51,474579.84,380611.04,350613.92,206918.84,196583.47,,,,,,,,
28/08/2015,0.0526,0.0203,0.017,0.0362,0.0315,0.0264,0.0295,0.0203,178245.64,3006569.71,814373.34,474451.23,380521.61,350647.71,195731.61,196068.01,,,,,,,,
30/09/2015,0.0522,0.0215,0.0184,0.0376,0.0331,0.0282,0.031,0.0203,174015.92,3034309.18,812847.94,471539.31,379737.05,348169.13,195668.36,196011.84,,,,,,,,
30/10/2015,0.049,0.0199,0.0168,0.0353,0.0308,0.0256,0.0297,0.0199,174019.17,3041170.72,813905.69,472460.35,376082.74,352451.28,195706.56,196337.22,,,,,,,,
30/11/2015,0.0483,0.0199,0.0169,0.036,0.0319,0.0256,0.0305,0.0205,173805.99,3039889,832689.09,472483.94,377192.73,352464.66,195705.05,196892.26,,,,,,,,
30/12/2015,0.0465,0.0202,0.0168,0.037,0.0323,0.0259,0.0298,0.0202,173511.28,3034323.57,832738.26,471703.78,376961.59,351213.23,195747.36,196867.19,,,,,,,,
29/01/2016,0.0511,0.0227,0.0181,0.0385,0.0311,0.0266,0.0324,0.0218,170997.95,2921111.58,828020.01,410052.23,336957,315173.02,118521.82,195112.39,,,,,,,,
29/02/2016,0.0519,0.0228,0.0184,0.0379,0.0316,0.0271,0.0329,0.0241,170511.35,2913576.24,828088.39,409954.38,336724.36,315503.49,118513.36,192023.88,,,,,,,,
30/03/2016,0.0469,0.0213,0.0174,0.0362,0.0295,0.0247,0.0315,0.0212,170879.77,2909463.41,827667.64,401646.8,336766.43,315588.24,118529.42,193270.49,,,,,,,,
29/04/2016,0.0452,0.0215,0.018,0.036,0.0293,0.0246,0.0312,0.0209,170610.82,2911744.38,771659.9,397745.04,336702.86,315406.98,118317.79,179668.46,,,,,,,,
30/05/2016,0.0465,0.0212,0.0184,0.0358,0.0296,0.0249,0.0313,0.0206,170459.57,2897875.51,771424.76,396791.1,336781.87,315298.86,118307.67,179852.06,,,,,,,,
30/06/2016,0.0412,0.0212,0.0184,0.0386,0.0315,0.0265,0.0319,0.0201,153955.78,2885729.96,773203.92,395571,335506.65,315581.79,118419.39,180142.28,,,,,,,,
29/07/2016,0.0379,0.0204,0.0174,0.0373,0.0299,0.0247,0.0312,0.0189,154514.03,2884863.24,772403.98,394897,336017.41,315662.35,118405.4,180748.55,,,,,,,,
30/08/2016,0.0388,0.0203,0.0176,0.0372,0.0298,0.0243,0.0312,0.0186,153815.21,2881653.82,771390.77,394925.47,335880.03,315597.48,118390.72,180918.47,,,,,,,,
30/09/2016,0.0396,0.0203,0.0172,0.0375,0.0295,0.0242,0.0311,0.0187,149518.92,2861709.86,772269.58,393026.39,335441.2,318370.71,118386.19,182089.23,,,,,,,,
28/10/2016,0.0411,0.0208,0.0171,0.0403,0.0297,0.0251,0.0326,0.0184,149472.44,2863468.78,772959.45,388182.9,335484.65,323229.38,118372.77,182596.48,,,,,,,,
30/11/2016,0.0411,0.02,0.0177,0.0402,0.0306,0.0262,0.0336,0.0198,149704.13,2864146.03,772829.86,388328.64,333236.54,323121.15,118183.14,182646.59,,,,,,,,
30/12/2016,0.0394,0.0206,0.0175,0.0387,0.0286,0.0261,0.032,0.02,148735.16,2917703.96,773000.38,391331.36,339779.67,332763.18,120231.45,182506,,,,,,,,
30/01/2017,0.0378,0.0202,0.0168,0.0382,0.0283,0.0251,0.031,0.0186,148752.65,2913463.9,773716.71,391192.13,338643.65,332664.61,120248.81,183062.86,,,,,,,,
28/02/2017,0.0368,0.0196,0.0166,0.0375,0.0281,0.0249,0.0302,0.0177,147696.25,2898408.9,773920.27,390999.18,338396.03,332682.45,120250.5,183001.75,,,,,,,,
31/03/2017,0.0543,0.0197,0.017,0.0385,0.0306,0.0252,0.0338,0.013,147697.1513,2898037.695,775511.997,489223.677,338434.0305,337641.1385,131179.1071,182998.1741,,,,,,,,
28/04/2017,0.0535,0.0196,0.0174,0.0393,0.03,0.0255,0.0334,0.0146,195917.592,2898025.322,773670.7578,490075.4348,338310.9813,337641.1385,132773.2557,193905.8101,,,,,,,,
31/05/2017,0.0556,0.0197,0.0175,0.0395,0.0312,0.0267,0.0327,0.0135,192627.1358,3015911.741,799220.5588,480289.4019,345567.2623,345528.6165,132588.7047,200691.0695,,,,,,,,
30/06/2017,0.0558,0.0197,0.0172,0.0416,0.0326,0.0273,0.0331,0.0138,192627.8569,3012937.977,797398.7667,478404.5651,345572.6909,345556.7131,132544.6912,199416.6729,,,,,,,,
31/07/2017,0.0559,0.0198,0.0173,0.0412,0.032,0.0277,0.0324,0.0137,191523.6322,3012836.239,798569.4869,501641.0626,349597.1221,345714.9725,132027.3268,196390.4067,,,,,,,,
31/08/2017,0.0568,0.02,0.0176,0.0417,0.032,0.0279,0.0329,0.0138,190964.3092,3092852.887,827260.383,557166.9969,349926.4595,375613.7755,132003.4697,195047.0455,,,,,,,,
29/09/2017,0.0592,0.0197,0.0176,0.0429,0.0306,0.0262,0.0323,0.014,190450.5035,3091926.25,827886.7456,558085.3774,349917.4118,375497.1286,132101.1077,195004.4748,,,,,,,,
31/10/2017,0.0569,0.0193,0.0164,0.0422,0.0295,0.0248,0.032,0.0133,216889.569,3092283.706,827906.9772,552332.2753,349883.0304,375417.3929,132092.1433,203899.8788,,,,,,,,
30/11/2017,0.0564,0.019,0.0162,0.0432,0.0301,0.0252,0.0317,0.0136,214683.8687,3162657.276,858080.9904,556100.9116,350259.4161,376586.8923,137818.8119,203898.176,,,,,,,,
29/12/2017,0.0556,0.0189,0.0162,0.0402,0.0302,0.0253,0.0317,0.013,214681.4351,3154108.565,858268.0101,556089.4418,350259.4161,376427.4393,137806.039,203898.176,,,,,,,,
31/01/2018,0.0559,0.018,0.016,0.0413,0.0293,0.0248,0.0318,0.0126,212879.8931,3153968.332,858272.2918,559645.215,350243.1301,376845.6201,137829.5727,204360.3236,,,,,,,,
28/02/2018,0.056,0.0188,0.0169,0.0434,0.0301,0.0265,0.0334,0.0137,216166.789,3225966.955,888727.9785,559362.0075,366284.7588,367567.1384,120715.1022,204360.3236,,,,,,,,
30/03/2018,0.0591,0.0195,0.0173,0.0456,0.0309,0.0266,0.0333,0.0137,214898.206,3213252.501,888258.991,590922.7431,360620.8786,384926.3404,129309.4345,204360.3236,,,,,,,,
30/04/2018,0.0569,0.0196,0.0173,0.0432,0.0294,0.0272,0.0345,0.0127,214844.2611,3213244.252,888198.4597,591295.696,359410.2921,384926.3404,129309.4345,220119.6576,,,,,,,,
31/05/2018,0.0563,0.0192,0.018,0.0412,0.0312,0.0308,0.0353,0.0129,213907.91,3275267.087,892809.9903,582442.4419,360830.786,388243.653,132567.201,228028.9538,,,,,,,,
29/06/2018,0.0548,0.0193,0.018,0.0411,0.0317,0.0314,0.0347,0.0138,213930.263,3274187.843,893615.2342,582045.8782,360825.3574,388243.653,132567.201,228272.6285,,,,,,,,
31/07/2018,0.0541,0.0184,0.0178,0.0405,0.0307,0.0302,0.0326,0.0132,213974.8791,3274139.724,893606.0499,585901.3315,369588.9905,388243.653,143828.4239,228280.6318,,,,,,,,
31/08/2018,0.0539,0.018,0.0177,0.0428,0.0312,0.0313,0.0333,0.0126,213892.2718,3350167.981,924223.1319,617813.1176,368150.4011,382031.5241,143440.6745,227793.623,,,,,,,,
28/09/2018,0.0564,0.018,0.0169,0.0422,0.0308,0.0313,0.033,0.0135,213761.0375,3348699.66,925011.5761,615878.0087,366881.9091,380946.4431,143389.08,227793.623,,,,,,,,
31/10/2018,0.0604,0.0195,0.02,0.0452,0.0332,0.0322,0.0332,0.0143,232325.866,3348331.204,925066.1589,616006.7394,374762.4836,379099.0619,143389.08,222253.8121,,,,,,,,
30/11/2018,0.062,0.0193,0.0197,0.0464,0.0338,0.0328,0.0332,0.0147,230225.8921,3443433.893,941620.2509,605737.5699,374263.0488,376861.9271,145297.7719,222256.3664,,,,,,,,
31/12/2018,0.0626,0.0215,0.0221,0.0491,0.0359,0.0336,0.0359,0.0151,230227.83,3437223.773,942321.624,605673.4486,374264.8583,376791.3367,145297.7719,222256.3664,,,,,,,,
31/01/2019,0.0642,0.02,0.0214,0.0486,0.0341,0.032,0.0337,0.0154,230561.6843,3436856.693,942292.7637,615540.9906,374259.4297,376791.3367,145297.7719,219031.3801,,,,,,,,
28/02/2019,0.0627,0.0197,0.0209,0.0486,0.0325,0.0311,0.0322,0.0155,231026.0066,3447029.081,934880.2837,673162.0624,367451.9162,371986.1879,157394.6572,219031.3801,,,,,,,,
29/03/2019,0.0649,0.0194,0.0211,0.0488,0.032,0.0319,0.0324,0.0139,247332.9024,3433880.18,934896.201,663618.4214,369067.8411,372856.3021,154862.304,219031.3801,,,,,,,,
30/04/2019,0.0633,0.0188,0.0207,0.0494,0.0318,0.0295,0.0317,0.014,246914.8185,3436231.144,936325.5523,653250.0499,369474.989,372839.3156,154862.304,234501.4036,,,,,,,,
31/05/2019,0.0631,0.0203,0.0226,0.0512,0.035,0.0335,0.033,0.0143,240438.5059,3544363.123,940816.2489,645772.3837,371852.733,397166.4093,160028.2953,255488.4201,,,,,,,,
28/06/2019,0.061,0.0191,0.022,0.0479,0.033,0.0317,0.0317,0.0142,240433.0979,3545927.683,940663.3843,645266.3685,371856.3521,397166.4093,160028.2953,256047.9694,,,,,,,,
31/07/2019,0.0594,0.0189,0.0217,0.0475,0.0337,0.0323,0.0316,0.0151,241014.1431,3545915.31,940696.8531,643359.1411,383547.8312,397166.4093,159923.8667,255834.4348,,,,,,,,
30/08/2019,0.0613,0.0195,0.0227,0.0511,0.0339,0.0334,0.0317,0.015,234347.4687,3635071.846,952306.9493,666903.4331,383006.7769,400887.6707,159280.534,258465.6448,,,,,,,,
30/09/2019,0.0616,0.0192,0.0203,0.0493,0.0329,0.0317,0.0312,0.0145,233591.0239,3636490.674,953275.909,665172.463,383927.836,400887.6707,159239.359,258465.6448,,,,,,,,
31/10/2019,0.0617,0.019,0.0197,0.0502,0.0325,0.0306,0.0307,0.015,231937.5261,3636498.923,953657.5313,666830.9534,381960.8591,400887.6707,158585.8583,258465.6448,,,,,,,,
29/11/2019,0.0592,0.0185,0.0194,0.049,0.0317,0.0298,0.0299,0.0129,230695.1268,3703425.787,921986.9352,673550.9999,382814.9649,397019.3886,158281.7165,257535.3898,,,,,,,,
31/12/2019,0.0605,0.0182,0.0191,0.0477,0.0309,0.0299,0.0295,0.0126,230698.2364,3701681.124,922598.5245,673555.7586,382814.9649,397019.3886,158281.7165,257535.3898,,,,,,,,
31/01/2020,0.0545,0.0183,0.0196,0.0482,0.0317,0.0305,0.0295,0.0122,231941.8975,3701517.519,922651.3423,668891.0713,382814.9649,397019.3886,158269.4646,235085.8143,,,,,,,,
28/02/2020,0.0586,0.0204,0.0216,0.0536,0.0344,0.0335,0.0318,0.0127,226939.0413,3874753.334,902914.352,638199.9084,394410.5381,397019.3886,163890.8782,235085.8143,,,,,,,,
31/03/2020,0.0731,0.0234,0.0227,0.0569,0.0419,0.0408,0.035,0.019,225113.2083,3894341.953,903037.3431,629265.6942,408085.2801,386278.4496,164798.489,235085.8143,,,,,,,,
30/04/2020,0.0669,0.0208,0.0216,0.0504,0.0391,0.0372,0.0347,0.0163,221037.2843,3896141.609,903006.1296,625555.8103,408237.282,386275.5665,163760.0595,235085.8143,,,,,,,,
29/05/2020,0.0558,0.0199,0.0201,0.0469,0.0308,0.032,0.0311,0.0163,219332.9512,3496971.26,823303.1601,626733.2384,384251.7448,393027.4263,162396.685,234207.6658,,,,,,,,
30/06/2020,0.0535,0.0195,0.0193,0.0445,0.0229,0.0309,0.0303,0.0148,219335.1144,3496446.074,827693.9734,626504.0246,384202.887,393028.3261,162396.685,244303.9042,,,,,,,,
31/07/2020,0.0533,0.0185,0.02,0.0457,0.022,0.0268,0.03,0.0134,222560.4943,3486365.799,827682.4685,595105.8191,330560.6942,392514.8004,151430.6395,226104.758,,,,,,,,
31/08/2020,0.0472,0.0172,0.0186,0.0405,0.0209,0.0268,0.0296,0.0132,150667.1381,3246938.655,767182.5908,488894.0411,331499.8488,344408.4423,151824.5148,227332.3268,,,,,,,,
30/09/2020,0.0476,0.0179,0.017,0.0403,0.022,0.0276,0.0289,0.013,147739.8295,3248090.765,766971.7768,483790.3272,329225.249,344408.4423,151838.0961,228254.4083,,,,,,,,
30/10/2020,0.0464,0.0183,0.0181,0.0407,0.0229,0.0316,0.0307,0.0124,144805.7609,3248342.36,766926.9012,482593.437,310145.3919,344408.4423,147608.6568,227753.6065,,,,,,,,
30/11/2020,0.0382,0.0166,0.0159,0.0348,0.0189,0.0274,0.0304,0.0123,144912.3888,3189381.277,803676.512,484808.0317,311480.8372,304474.1461,147344.9175,224406.0166,,,,,,,,
31/12/2020,0.0371,0.0157,0.015,0.0328,0.019,0.0261,0.03,0.0109,144942.5384,3183384.256,803991.2295,484766.423,311480.8372,304474.1461,147344.9175,224406.0166,,,,,,,,
29/01/2021,0.0366,0.0158,0.015,0.0327,0.0196,0.0267,0.0303,0.0111,142529.9368,3182724.337,803994.4979,459608.3608,311480.8372,304490.6919,147344.9175,224406.0166,,,,,,,,
26/02/2021,0.0362,0.0152,0.0143,0.0334,0.0184,0.0254,0.0305,0.0107,135348.1949,3182524.986,862250.9557,459671.628,299298.971,304490.6919,126289.5022,211020.9359,,,,,,,,
31/03/2021,0.0359,0.0146,0.0136,0.0345,0.0169,0.023,0.0293,0.0096,135267.1199,3197331.936,863068.1294,426609.5632,302230.4361,332169.4936,146093.4809,212424.0663,,,,,,,,
30/04/2021,0.0347,0.0138,0.0145,0.0348,0.017,0.023,0.0296,0.0099,135171.8488,3197331.936,863068.1294,423868.8199,312430.849,331811.234,149646.6224,220834.1643,,,,,,,,
31/05/2021,0.0377,0.0137,0.015,0.0336,0.0203,0.0238,0.0281,0.0098,135167.6126,3587756.973,1059656.354,431435.4994,312828.9492,360431.4199,149757.4644,249839.7985,,,,,,,,
30/06/2021,0.0368,0.0135,0.0151,0.0337,0.0214,0.0236,0.0267,0.011,135124.3936,3587615.365,1063134.523,432076.1023,312828.9492,360363.2534,149757.4644,249417.6674,,,,,,,,
30/07/2021,0.0365,0.0133,0.0159,0.0339,0.0214,0.0236,0.0262,0.0111,133966.9902,3587798.218,1063200.578,472245.7478,359397.6253,360111.4304,156594.4751,249625.0719,,,,,,,,
31/08/2021,0.0397,0.013,0.0156,0.0384,0.0212,0.0232,0.0256,0.0101,219816.1115,4002528.926,1241624.91,582541.2778,360056.3001,455213.136,156995.3746,247213.5267,,,,,,,,
30/09/2021,0.0468,0.0138,0.0151,0.0408,0.0222,0.0214,0.0276,0.0107,219732.2423,4003114.605,1241763.328,582291.4427,361916.5138,455213.136,157145.5053,247214.0375,,,,,,,,
29/10/2021,0.0468,0.013,0.0163,0.0389,0.0212,0.0207,0.0265,0.0105,219675.1428,4003089.858,1241968.422,581819.9589,390847.5413,455213.136,157145.5053,247214.0375,,,,,,,,
30/11/2021,0.0512,0.0132,0.0172,0.0399,0.0221,0.0215,0.0259,0.0115,218213.8545,4252877.742,1186334.751,585642.894,390348.1065,443104.1297,161715.7343,249893.6079,,,,,,,,
31/12/2021,0.0498,0.0127,0.0167,0.0385,0.0209,0.0209,0.0244,0.0118,218238.506,4252345.681,1186955.1,585676.5104,390348.1065,443111.2916,161715.7343,249893.6079,,,,,,,,
31/01/2022,0.0564,0.0134,0.018,0.0369,0.0212,0.0214,0.0257,0.012,219702.7236,4252330.558,1186959.316,579510.4329,389810.6712,443148.6987,161715.7343,249893.6079,,,,,,,,
28/02/2022,0.0595,0.014,0.0185,0.0348,0.0222,0.0234,0.0262,0.0123,253940.5394,4613723.25,1129051.666,579559.4238,430693.7526,443164.6017,161751.2864,253725.993,,,,,,,,
31/03/2022,0.0571,0.0137,0.0182,0.0368,0.0225,0.0237,0.0261,0.0117,253052.4547,4630780.801,1129662.961,665740.2812,430921.7554,453143.3323,162155.3657,254283.8395,,,,,,,,
29/04/2022,0.0576,0.0151,0.0197,0.0376,0.0243,0.0291,0.0271,0.0121,253125.2825,4630943.032,1129704.372,664985.2849,448667.9767,453210.9295,162155.3657,260512.4443,,,,,,,,
31/05/2022,0.06,0.0153,0.0203,0.0394,0.0284,0.0323,0.0284,0.0135,254000.8387,4657089.603,906361.6667,672804.789,450729.0501,499934.6211,169092.6551,271308.5451,,,,,,,,
30/06/2022,0.0676,0.017,0.0211,0.0418,0.0303,0.0362,0.0306,0.0137,254012.2405,4656510.798,910648.0209,672123.7976,450736.2883,499963.8747,169092.6551,271207.3971,,,,,,,,
29/07/2022,0.0639,0.0156,0.0201,0.0399,0.0281,0.0343,0.0295,0.013,273949.4857,4656509.424,910694.0731,626341.1895,493345.6768,497268.5995,173380.785,271113.401,,,,,,,,
31/08/2022,0.0623,0.0165,0.02,0.039,0.0296,0.0361,0.0303,0.0128,311488.4385,4673675.587,767928.1531,738620.3311,492030.1366,508906.0415,173244.3973,262297.1785,,,,,,,,
30/09/2022,0.0685,0.0185,0.0216,0.0406,0.0324,0.0384,0.0326,0.0129,309261.4216,4674830.446,768321.8032,735047.4752,490558.9754,508906.0415,173308.1898,262237.7498,,,,,,,,
31/10/2022,0.0648,0.0171,0.0212,0.0395,0.0299,0.0351,0.031,0.0125,309188.9543,4681525.882,768249.6362,735321.5922,522079.4638,512192.9252,173408.4147,262237.0686,,,,,,,,
30/11/2022,0.0605,0.0164,0.0212,0.0371,0.0278,0.0323,0.0301,0.0131,308838.2451,4696259.966,941765.2712,734707.4066,521406.3125,534683.8397,176049.4362,270041.1301,,,,,,,,
30/12/2022,0.0629,0.0176,0.0227,0.0376,0.0308,0.0372,0.0312,0.013,308817.6947,4693734.398,941991.0546,734761.1562,521406.3125,534683.8397,176049.4362,270041.1301,,,,,,,,
31/01/2023,0.0593,0.0166,0.0217,0.0363,0.0282,0.0343,0.0296,0.0145,309620.0175,4693140.47,941984.7139,798473.5684,521399.0743,534552.6853,176049.4362,270038.9164,,,,,,,,
28/02/2023,0.062,0.0172,0.0217,0.0362,0.0276,0.0358,0.0301,0.0144,318202.478,4742021.278,948578.8762,798401.3939,496610.0985,534600.4496,151654.3176,270340.9981,,,,,,,,
,,,,,,,,,,,,,,,,,,,,,,,,
,,,,,,,,,,,,,,,,,,,,,,,,
,,,,,,,,,,,,,,,,,,,,,,,,
,,,,,,,,,,,,,,,,,,,,,,,,
,,,,,,,,,,,,,,,,,,,,,,,,
,,,,,,,,,,,,,,,,,,,,,,,,
,,,,,,,,,,,,,,,,,,,,,,,,
,,,,,,,,,,,,,,,,,,,,,,,,
,,,,,,,,,,,,,,,,,,,,,,,,
,,,,,,,,,,,,,,,,,,,,,,,,
,,,,,,,,,,,,,,,,,,,,,,,,
,,,,,,,,,,,,,,,,,,,,,,,,
,,,,,,,,,,,,,,,,,,,,,,,,
,,,,,,,,,,,,,,,,,,,,,,,,
,,,,,,,,,,,,,,,,,,,,,,,,
,,,,,,,,,,,,,,,,,,,,,,,,
,,,,,,,,,,,,,,,,,,,,,,,,
,,,,,,,,,,,,,,,,,,,,,,,,
,,,,,,,,,,,,,,,,,,,,,,,,
,,,,,,,,,,,,,,,,,,,,,,,,
,,,,,,,,,,,,,,,,,,,,,,,,
,,,,,,,,,,,,,,,,,,,,,,,,
,,,,,,,,,,,,,,,,,,,,,,,,
,,,,,,,,,,,,,,,,,,,,,,,,
,,,,,,,,,,,,,,,,,,,,,,,,
,,,,,,,,,,,,,,,,,,,,,,,,
,,,,,,,,,,,,,,,,,,,,,,,,
,,,,,,,,,,,,,,,,,,,,,,,,
,,,,,,,,,,,,,,,,,,,,,,,,
,,,,,,,,,,,,,,,,,,,,,,,,
,,,,,,,,,,,,,,,,,,,,,,,,
,,,,,,,,,,,,,,,,,,,,,,,,
,,,,,,,,,,,,,,,,,,,,,,,,
,,,,,,,,,,,,,,,,,,,,,,,,
,,,,,,,,,,,,,,,,,,,,,,,,
,,,,,,,,,,,,,,,,,,,,,,,,
,,,,,,,,,,,,,,,,,,,,,,,,
,,,,,,,,,,,,,,,,,,,,,,,,
,,,,,,,,,,,,,,,,,,,,,,,,
,,,,,,,,,,,,,,,,,,,,,,,,
,,,,,,,,,,,,,,,,,,,,,,,,
,,,,,,,,,,,,,,,,,,,,,,,,
,,,,,,,,,,,,,,,,,,,,,,,,
,,,,,,,,,,,,,,,,,,,,,,,,
,,,,,,,,,,,,,,,,,,,,,,,,
,,,,,,,,,,,,,,,,,,,,,,,,
,,,,,,,,,,,,,,,,,,,,,,,,
,,,,,,,,,,,,,,,,,,,,,,,,
,,,,,,,,,,,,,,,,,,,,,,,,
,,,,,,,,,,,,,,,,,,,,,,,,
,,,,,,,,,,,,,,,,,,,,,,,,
,,,,,,,,,,,,,,,,,,,,,,,,
,,,,,,,,,,,,,,,,,,,,,,,,
,,,,,,,,,,,,,,,,,,,,,,,,
,,,,,,,,,,,,,,,,,,,,,,,,
,,,,,,,,,,,,,,,,,,,,,,,,
,,,,,,,,,,,,,,,,,,,,,,,,
,,,,,,,,,,,,,,,,,,,,,,,,
,,,,,,,,,,,,,,,,,,,,,,,,
,,,,,,,,,,,,,,,,,,,,,,,,
,,,,,,,,,,,,,,,,,,,,,,,,
,,,,,,,,,,,,,,,,,,,,,,,,
,,,,,,,,,,,,,,,,,,,,,,,,
,,,,,,,,,,,,,,,,,,,,,,,,
,,,,,,,,,,,,,,,,,,,,,,,,
,,,,,,,,,,,,,,,,,,,,,,,,
,,,,,,,,,,,,,,,,,,,,,,,,
,,,,,,,,,,,,,,,,,,,,,,,,
,,,,,,,,,,,,,,,,,,,,,,,,
,,,,,,,,,,,,,,,,,,,,,,,,
,,,,,,,,,,,,,,,,,,,,,,,,
,,,,,,,,,,,,,,,,,,,,,,,,
,,,,,,,,,,,,,,,,,,,,,,,,
,,,,,,,,,,,,,,,,,,,,,,,,
,,,,,,,,,,,,,,,,,,,,,,,,
,,,,,,,,,,,,,,,,,,,,,,,,
,,,,,,,,,,,,,,,,,,,,,,,,
,,,,,,,,,,,,,,,,,,,,,,,,
,,,,,,,,,,,,,,,,,,,,,,,,
,,,,,,,,,,,,,,,,,,,,,,,,
,,,,,,,,,,,,,,,,,,,,,,,,
,,,,,,,,,,,,,,,,,,,,,,,,
,,,,,,,,,,,,,,,,,,,,,,,,
,,,,,,,,,,,,,,,,,,,,,,,,
,,,,,,,,,,,,,,,,,,,,,,,,
,,,,,,,,,,,,,,,,,,,,,,,,
,,,,,,,,,,,,,,,,,,,,,,,,
,,,,,,,,,,,,,,,,,,,,,,,,
